caller,callee
ServoPeregrino_Organizador_Items_fnc_acquireApplicationLock,ServoPeregrino_Organizador_Nexus_fnc_createResult
ServoPeregrino_Organizador_Items_fnc_addCatalogItemToDraft,ServoPeregrino_Organizador_Items_fnc_addEntryToDraft
ServoPeregrino_Organizador_Items_fnc_addCatalogItemToDraft,ServoPeregrino_Organizador_Items_fnc_createItemEntry
ServoPeregrino_Organizador_Items_fnc_addCatalogItemToDraft,ServoPeregrino_Organizador_Items_fnc_resolveCatalogItem
ServoPeregrino_Organizador_Items_fnc_addCatalogItemToDraft,ServoPeregrino_Organizador_Nexus_fnc_createResult
ServoPeregrino_Organizador_Items_fnc_addEntryToDraft,ServoPeregrino_Organizador_Items_fnc_deepCopy
ServoPeregrino_Organizador_Items_fnc_addEntryToDraft,ServoPeregrino_Organizador_Items_fnc_normalizeItemEntries
ServoPeregrino_Organizador_Items_fnc_addEntryToDraft,ServoPeregrino_Organizador_Items_fnc_validateItemEntrySemantic
ServoPeregrino_Organizador_Items_fnc_addEntryToDraft,ServoPeregrino_Organizador_Nexus_fnc_createResult
ServoPeregrino_Organizador_Items_fnc_analyzeContainerCargo,ServoPeregrino_Organizador_Items_fnc_classifyCargoClass
ServoPeregrino_Organizador_Items_fnc_analyzeContainerCargo,ServoPeregrino_Organizador_Items_fnc_createItemEntry
ServoPeregrino_Organizador_Items_fnc_analyzeContainerCargo,ServoPeregrino_Organizador_Items_fnc_normalizeItemEntries
ServoPeregrino_Organizador_Items_fnc_analyzeContainerCargo,ServoPeregrino_Organizador_Nexus_fnc_createResult
ServoPeregrino_Organizador_Items_fnc_buildCatalog,ServoPeregrino_Organizador_Items_fnc_createCatalogItemFromConfig
ServoPeregrino_Organizador_Items_fnc_buildCatalog,ServoPeregrino_Organizador_Nexus_fnc_createResult
ServoPeregrino_Organizador_Items_fnc_buildCatalog,ServoPeregrino_Organizador_Nexus_fnc_log
ServoPeregrino_Organizador_Items_fnc_buildRepositoryState,ServoPeregrino_Organizador_Items_fnc_deepCopy
ServoPeregrino_Organizador_Items_fnc_buildRepositoryState,ServoPeregrino_Organizador_Items_fnc_validateStorageSemantic
ServoPeregrino_Organizador_Items_fnc_buildRepositoryState,ServoPeregrino_Organizador_Nexus_fnc_createResult
ServoPeregrino_Organizador_Items_fnc_buildUIViewModel,ServoPeregrino_Organizador_Items_fnc_capturePlayerContainer
ServoPeregrino_Organizador_Items_fnc_buildUIViewModel,ServoPeregrino_Organizador_Items_fnc_getCatalogStatus
ServoPeregrino_Organizador_Items_fnc_buildUIViewModel,ServoPeregrino_Organizador_Items_fnc_getDraftState
ServoPeregrino_Organizador_Items_fnc_buildUIViewModel,ServoPeregrino_Organizador_Items_fnc_getKit
ServoPeregrino_Organizador_Items_fnc_buildUIViewModel,ServoPeregrino_Organizador_Items_fnc_getPublicKit
ServoPeregrino_Organizador_Items_fnc_buildUIViewModel,ServoPeregrino_Organizador_Items_fnc_getUICatalogWindow
ServoPeregrino_Organizador_Items_fnc_buildUIViewModel,ServoPeregrino_Organizador_Items_fnc_getUIEntryAwareness
ServoPeregrino_Organizador_Items_fnc_buildUIViewModel,ServoPeregrino_Organizador_Items_fnc_getUIItemKitAwareness
ServoPeregrino_Organizador_Items_fnc_buildUIViewModel,ServoPeregrino_Organizador_Items_fnc_getUIPhysicalReadiness
ServoPeregrino_Organizador_Items_fnc_buildUIViewModel,ServoPeregrino_Organizador_Items_fnc_getUIState
ServoPeregrino_Organizador_Items_fnc_buildUIViewModel,ServoPeregrino_Organizador_Items_fnc_getUITargetLabel
ServoPeregrino_Organizador_Items_fnc_buildUIViewModel,ServoPeregrino_Organizador_Items_fnc_listKits
ServoPeregrino_Organizador_Items_fnc_buildUIViewModel,ServoPeregrino_Organizador_Items_fnc_listPublicKits
ServoPeregrino_Organizador_Items_fnc_buildUIViewModel,ServoPeregrino_Organizador_Items_fnc_resolveUIItemMetadata
ServoPeregrino_Organizador_Items_fnc_buildUIViewModel,ServoPeregrino_Organizador_Nexus_fnc_createResult
ServoPeregrino_Organizador_Items_fnc_cancelUIDrag,ServoPeregrino_Organizador_Items_fnc_getUIPhysicalReadiness
ServoPeregrino_Organizador_Items_fnc_cancelUIDrag,ServoPeregrino_Organizador_Items_fnc_getUITargetLabel
ServoPeregrino_Organizador_Items_fnc_cancelUIDrag,ServoPeregrino_Organizador_Items_fnc_updateUIDragVisualProxy
ServoPeregrino_Organizador_Items_fnc_captureContainerContent,ServoPeregrino_Organizador_Items_fnc_analyzeContainerCargo
ServoPeregrino_Organizador_Items_fnc_captureContainerContent,ServoPeregrino_Organizador_Items_fnc_deepCopy
ServoPeregrino_Organizador_Items_fnc_captureContainerContent,ServoPeregrino_Organizador_Nexus_fnc_createResult
ServoPeregrino_Organizador_Items_fnc_captureContainerSnapshot,ServoPeregrino_Organizador_Items_fnc_buildMutableFingerprint
ServoPeregrino_Organizador_Items_fnc_captureContainerSnapshot,ServoPeregrino_Organizador_Items_fnc_captureContainerContent
ServoPeregrino_Organizador_Items_fnc_captureContainerSnapshot,ServoPeregrino_Organizador_Items_fnc_deepCopy
ServoPeregrino_Organizador_Items_fnc_captureContainerSnapshot,ServoPeregrino_Organizador_Nexus_fnc_createResult
ServoPeregrino_Organizador_Items_fnc_captureEquipmentRowToDraft,ServoPeregrino_Organizador_Items_fnc_executeUITransferCommand
ServoPeregrino_Organizador_Items_fnc_captureEquipmentRowToDraft,ServoPeregrino_Organizador_Items_fnc_presentUIResult
ServoPeregrino_Organizador_Items_fnc_captureEquipmentRowToDraft,ServoPeregrino_Organizador_Items_fnc_refreshDraftMutationUI
ServoPeregrino_Organizador_Items_fnc_captureEquipmentToDraft,ServoPeregrino_Organizador_Items_fnc_capturePlayerContainer
ServoPeregrino_Organizador_Items_fnc_captureEquipmentToDraft,ServoPeregrino_Organizador_Items_fnc_createCaptureDraft
ServoPeregrino_Organizador_Items_fnc_captureEquipmentToDraft,ServoPeregrino_Organizador_Items_fnc_openCaptureDraft
ServoPeregrino_Organizador_Items_fnc_capturePlayerContainer,ServoPeregrino_Organizador_Items_fnc_analyzeContainerCargo
ServoPeregrino_Organizador_Items_fnc_capturePlayerContainer,ServoPeregrino_Organizador_Items_fnc_getContainerCapacityMetrics
ServoPeregrino_Organizador_Items_fnc_capturePlayerContainer,ServoPeregrino_Organizador_Items_fnc_getLoadoutFingerprint
ServoPeregrino_Organizador_Items_fnc_capturePlayerContainer,ServoPeregrino_Organizador_Items_fnc_resolvePlayerContainer
ServoPeregrino_Organizador_Items_fnc_capturePlayerContainer,ServoPeregrino_Organizador_Nexus_fnc_createResult
ServoPeregrino_Organizador_Items_fnc_capturePlayerContainers,ServoPeregrino_Organizador_Items_fnc_capturePlayerContainer
ServoPeregrino_Organizador_Items_fnc_capturePlayerContainers,ServoPeregrino_Organizador_Items_fnc_createCaptureDraft
ServoPeregrino_Organizador_Items_fnc_capturePlayerContainers,ServoPeregrino_Organizador_Items_fnc_getLoadoutFingerprint
ServoPeregrino_Organizador_Items_fnc_capturePlayerContainers,ServoPeregrino_Organizador_Items_fnc_normalizeItemEntries
ServoPeregrino_Organizador_Items_fnc_capturePlayerContainers,ServoPeregrino_Organizador_Nexus_fnc_createResult
ServoPeregrino_Organizador_Items_fnc_captureProductionRepositorySnapshot,ServoPeregrino_Organizador_Items_fnc_deepCopy
ServoPeregrino_Organizador_Items_fnc_chooseApplicationTarget,ServoPeregrino_Organizador_Nexus_fnc_createResult
ServoPeregrino_Organizador_Items_fnc_classifyCargoClass,ServoPeregrino_Organizador_Items_fnc_classifyContentClass
ServoPeregrino_Organizador_Items_fnc_classifyContentClass,ServoPeregrino_Organizador_Items_fnc_deriveCatalogCategory
ServoPeregrino_Organizador_Items_fnc_classifyContentClass,ServoPeregrino_Organizador_Nexus_fnc_createResult
ServoPeregrino_Organizador_Items_fnc_classifyUIOutcome,ServoPeregrino_Organizador_Items_fnc_getUITargetLabel
ServoPeregrino_Organizador_Items_fnc_cleanupLeakedTestKits,ServoPeregrino_Organizador_Items_fnc_deleteKitPreservingDraft
ServoPeregrino_Organizador_Items_fnc_cleanupLeakedTestKits,ServoPeregrino_Organizador_Items_fnc_findLeakedTestKits
ServoPeregrino_Organizador_Items_fnc_cleanupLeakedTestKits,ServoPeregrino_Organizador_Nexus_fnc_createResult
ServoPeregrino_Organizador_Items_fnc_clearDraftEntries,ServoPeregrino_Organizador_Items_fnc_deepCopy
ServoPeregrino_Organizador_Items_fnc_clearDraftEntries,ServoPeregrino_Organizador_Nexus_fnc_createResult
ServoPeregrino_Organizador_Items_fnc_clientReceivePublicLibraryResult,ServoPeregrino_Organizador_Items_fnc_createUIState
ServoPeregrino_Organizador_Items_fnc_clientReceivePublicLibraryResult,ServoPeregrino_Organizador_Items_fnc_presentUIResult
ServoPeregrino_Organizador_Items_fnc_clientReceivePublicLibraryResult,ServoPeregrino_Organizador_Items_fnc_refreshInterface
ServoPeregrino_Organizador_Items_fnc_clientReceivePublicLibraryResult,ServoPeregrino_Organizador_Nexus_fnc_createResult
ServoPeregrino_Organizador_Items_fnc_cloneItemKit,ServoPeregrino_Organizador_Items_fnc_deepCopy
ServoPeregrino_Organizador_Items_fnc_cloneItemKit,ServoPeregrino_Organizador_Items_fnc_generateItemKitId
ServoPeregrino_Organizador_Items_fnc_cloneItemKit,ServoPeregrino_Organizador_Items_fnc_validateItemKitSemantic
ServoPeregrino_Organizador_Items_fnc_cloneItemKit,ServoPeregrino_Organizador_Nexus_fnc_createResult
ServoPeregrino_Organizador_Items_fnc_cloneKit,ServoPeregrino_Organizador_Items_fnc_cloneItemKit
ServoPeregrino_Organizador_Items_fnc_cloneKit,ServoPeregrino_Organizador_Items_fnc_deepCopy
ServoPeregrino_Organizador_Items_fnc_cloneKit,ServoPeregrino_Organizador_Items_fnc_getKit
ServoPeregrino_Organizador_Items_fnc_cloneKit,ServoPeregrino_Organizador_Items_fnc_saveKit
ServoPeregrino_Organizador_Items_fnc_cloneKit,ServoPeregrino_Organizador_Nexus_fnc_createResult
ServoPeregrino_Organizador_Items_fnc_commitDraftQuantityFromControl,ServoPeregrino_Organizador_Items_fnc_getDraftState
ServoPeregrino_Organizador_Items_fnc_commitDraftQuantityFromControl,ServoPeregrino_Organizador_Items_fnc_handleDraftRowAction
ServoPeregrino_Organizador_Items_fnc_commitDraftQuantityFromControl,ServoPeregrino_Organizador_Items_fnc_presentLogicalMutationResult
ServoPeregrino_Organizador_Items_fnc_commitDraftQuantityFromControl,ServoPeregrino_Organizador_Items_fnc_refreshDraftMutationUI
ServoPeregrino_Organizador_Items_fnc_commitEquipmentQuantityFromControl,ServoPeregrino_Organizador_Items_fnc_pushUIFeedback
ServoPeregrino_Organizador_Items_fnc_commitEquipmentQuantityFromControl,ServoPeregrino_Organizador_Items_fnc_refreshEquipmentSelectionControls
ServoPeregrino_Organizador_Items_fnc_commitEquipmentQuantityFromControl,ServoPeregrino_Organizador_Items_fnc_requestEquipmentRowAction
ServoPeregrino_Organizador_Items_fnc_commitPublicKitSnapshotServer,ServoPeregrino_Organizador_Items_fnc_deepCopy
ServoPeregrino_Organizador_Items_fnc_commitPublicKitSnapshotServer,ServoPeregrino_Organizador_Items_fnc_initializePublicLibraryAuthority
ServoPeregrino_Organizador_Items_fnc_commitPublicKitSnapshotServer,ServoPeregrino_Organizador_Items_fnc_validateItemKitSemantic
ServoPeregrino_Organizador_Items_fnc_commitPublicKitSnapshotServer,ServoPeregrino_Organizador_Nexus_fnc_createResult
ServoPeregrino_Organizador_Items_fnc_compareLoadoutFingerprints,ServoPeregrino_Organizador_Items_fnc_deepCopy
ServoPeregrino_Organizador_Items_fnc_compareLoadoutFingerprints,ServoPeregrino_Organizador_Nexus_fnc_createResult
ServoPeregrino_Organizador_Items_fnc_configureRepositoryTestMode,ServoPeregrino_Organizador_Items_fnc_getRepositoryKeys
ServoPeregrino_Organizador_Items_fnc_configureRepositoryTestMode,ServoPeregrino_Organizador_Nexus_fnc_createResult
ServoPeregrino_Organizador_Items_fnc_createApplicationPlan,ServoPeregrino_Organizador_Items_fnc_buildMutableFingerprint
ServoPeregrino_Organizador_Items_fnc_createApplicationPlan,ServoPeregrino_Organizador_Items_fnc_captureContainerContent
ServoPeregrino_Organizador_Items_fnc_createApplicationPlan,ServoPeregrino_Organizador_Items_fnc_deepCopy
ServoPeregrino_Organizador_Items_fnc_createApplicationPlan,ServoPeregrino_Organizador_Items_fnc_getContainerCapacityMetrics
ServoPeregrino_Organizador_Items_fnc_createApplicationPlan,ServoPeregrino_Organizador_Items_fnc_getEntryUnitMass
ServoPeregrino_Organizador_Items_fnc_createApplicationPlan,ServoPeregrino_Organizador_Items_fnc_normalizeItemEntries
ServoPeregrino_Organizador_Items_fnc_createApplicationPlan,ServoPeregrino_Organizador_Items_fnc_simulateApplicationEntries
ServoPeregrino_Organizador_Items_fnc_createApplicationPlan,ServoPeregrino_Organizador_Items_fnc_validateItemEntryEnvironmental
ServoPeregrino_Organizador_Items_fnc_createApplicationPlan,ServoPeregrino_Organizador_Nexus_fnc_createResult
ServoPeregrino_Organizador_Items_fnc_createCaptureDraft,ServoPeregrino_Organizador_Items_fnc_deepCopy
ServoPeregrino_Organizador_Items_fnc_createCaptureDraft,ServoPeregrino_Organizador_Items_fnc_normalizeItemEntries
ServoPeregrino_Organizador_Items_fnc_createCaptureDraft,ServoPeregrino_Organizador_Nexus_fnc_createResult
ServoPeregrino_Organizador_Items_fnc_createCatalogItemFromConfig,ServoPeregrino_Organizador_Items_fnc_classifyContentClass
ServoPeregrino_Organizador_Items_fnc_createCatalogItemFromConfig,ServoPeregrino_Organizador_Nexus_fnc_createResult
ServoPeregrino_Organizador_Items_fnc_createClearApplicationPlan,ServoPeregrino_Organizador_Items_fnc_buildMutableFingerprint
ServoPeregrino_Organizador_Items_fnc_createClearApplicationPlan,ServoPeregrino_Organizador_Items_fnc_captureContainerContent
ServoPeregrino_Organizador_Items_fnc_createClearApplicationPlan,ServoPeregrino_Organizador_Items_fnc_deepCopy
ServoPeregrino_Organizador_Items_fnc_createClearApplicationPlan,ServoPeregrino_Organizador_Nexus_fnc_createResult
ServoPeregrino_Organizador_Items_fnc_createItemEntry,ServoPeregrino_Organizador_Items_fnc_deepCopy
ServoPeregrino_Organizador_Items_fnc_createItemEntry,ServoPeregrino_Organizador_Items_fnc_validateItemEntrySemantic
ServoPeregrino_Organizador_Items_fnc_createItemEntry,ServoPeregrino_Organizador_Nexus_fnc_createResult
ServoPeregrino_Organizador_Items_fnc_createItemKit,ServoPeregrino_Organizador_Items_fnc_deepCopy
ServoPeregrino_Organizador_Items_fnc_createItemKit,ServoPeregrino_Organizador_Items_fnc_generateItemKitId
ServoPeregrino_Organizador_Items_fnc_createItemKit,ServoPeregrino_Organizador_Items_fnc_normalizeItemEntries
ServoPeregrino_Organizador_Items_fnc_createItemKit,ServoPeregrino_Organizador_Items_fnc_validateItemKitSemantic
ServoPeregrino_Organizador_Items_fnc_createItemKit,ServoPeregrino_Organizador_Nexus_fnc_createResult
ServoPeregrino_Organizador_Items_fnc_createNewDraft,ServoPeregrino_Organizador_Items_fnc_deepCopy
ServoPeregrino_Organizador_Items_fnc_createNewDraft,ServoPeregrino_Organizador_Items_fnc_normalizeItemEntries
ServoPeregrino_Organizador_Items_fnc_createNewDraft,ServoPeregrino_Organizador_Nexus_fnc_createResult
ServoPeregrino_Organizador_Items_fnc_createReplaceApplicationPlan,ServoPeregrino_Organizador_Items_fnc_buildMutableFingerprint
ServoPeregrino_Organizador_Items_fnc_createReplaceApplicationPlan,ServoPeregrino_Organizador_Items_fnc_captureContainerContent
ServoPeregrino_Organizador_Items_fnc_createReplaceApplicationPlan,ServoPeregrino_Organizador_Items_fnc_deepCopy
ServoPeregrino_Organizador_Items_fnc_createReplaceApplicationPlan,ServoPeregrino_Organizador_Items_fnc_getContainerCapacityMetrics
ServoPeregrino_Organizador_Items_fnc_createReplaceApplicationPlan,ServoPeregrino_Organizador_Items_fnc_getEntryUnitMass
ServoPeregrino_Organizador_Items_fnc_createReplaceApplicationPlan,ServoPeregrino_Organizador_Items_fnc_normalizeItemEntries
ServoPeregrino_Organizador_Items_fnc_createReplaceApplicationPlan,ServoPeregrino_Organizador_Items_fnc_validateItemEntryEnvironmental
ServoPeregrino_Organizador_Items_fnc_createReplaceApplicationPlan,ServoPeregrino_Organizador_Nexus_fnc_createResult
ServoPeregrino_Organizador_Items_fnc_createStoragePayload,ServoPeregrino_Organizador_Items_fnc_deepCopy
ServoPeregrino_Organizador_Items_fnc_createStoragePayload,ServoPeregrino_Organizador_Items_fnc_validateStorageSemantic
ServoPeregrino_Organizador_Items_fnc_createStoragePayload,ServoPeregrino_Organizador_Nexus_fnc_createResult
ServoPeregrino_Organizador_Items_fnc_createUIDragSnapshot,ServoPeregrino_Organizador_Items_fnc_deepCopy
ServoPeregrino_Organizador_Items_fnc_createUIDragSnapshot,ServoPeregrino_Organizador_Nexus_fnc_createResult
ServoPeregrino_Organizador_Items_fnc_createUIPhysicalRowCommand,ServoPeregrino_Organizador_Items_fnc_createItemEntry
ServoPeregrino_Organizador_Items_fnc_createUIPhysicalRowCommand,ServoPeregrino_Organizador_Items_fnc_deepCopy
ServoPeregrino_Organizador_Items_fnc_createUIPhysicalRowCommand,ServoPeregrino_Organizador_Nexus_fnc_createResult
ServoPeregrino_Organizador_Items_fnc_createUIState,ServoPeregrino_Organizador_Items_fnc_deepCopy
ServoPeregrino_Organizador_Items_fnc_createWholeKitApplicationPlan,ServoPeregrino_Organizador_Items_fnc_createApplicationPlan
ServoPeregrino_Organizador_Items_fnc_createWholeKitApplicationPlan,ServoPeregrino_Organizador_Nexus_fnc_createResult
ServoPeregrino_Organizador_Items_fnc_decrementDraftEntry,ServoPeregrino_Organizador_Items_fnc_setDraftEntryQuantity
ServoPeregrino_Organizador_Items_fnc_decrementDraftEntry,ServoPeregrino_Organizador_Nexus_fnc_createResult
ServoPeregrino_Organizador_Items_fnc_deepCopy,ServoPeregrino_Organizador_Items_fnc_deepCopy
ServoPeregrino_Organizador_Items_fnc_deleteKit,ServoPeregrino_Organizador_Items_fnc_deepCopy
ServoPeregrino_Organizador_Items_fnc_deleteKit,ServoPeregrino_Organizador_Items_fnc_isValidItemKitId
ServoPeregrino_Organizador_Items_fnc_deleteKit,ServoPeregrino_Organizador_Items_fnc_loadStorage
ServoPeregrino_Organizador_Items_fnc_deleteKit,ServoPeregrino_Organizador_Items_fnc_saveStorage
ServoPeregrino_Organizador_Items_fnc_deleteKit,ServoPeregrino_Organizador_Nexus_fnc_createResult
ServoPeregrino_Organizador_Items_fnc_deleteKitPreservingDraft,ServoPeregrino_Organizador_Items_fnc_deleteKit
ServoPeregrino_Organizador_Items_fnc_deleteKitPreservingDraft,ServoPeregrino_Organizador_Items_fnc_detachDraftFromPersistedKit
ServoPeregrino_Organizador_Items_fnc_deleteKitPreservingDraft,ServoPeregrino_Organizador_Items_fnc_getDraftState
ServoPeregrino_Organizador_Items_fnc_deleteKitPreservingDraft,ServoPeregrino_Organizador_Items_fnc_isValidItemKitId
ServoPeregrino_Organizador_Items_fnc_deleteKitPreservingDraft,ServoPeregrino_Organizador_Nexus_fnc_createResult
ServoPeregrino_Organizador_Items_fnc_detachDraftFromPersistedKit,ServoPeregrino_Organizador_Items_fnc_deepCopy
ServoPeregrino_Organizador_Items_fnc_detachDraftFromPersistedKit,ServoPeregrino_Organizador_Nexus_fnc_createResult
ServoPeregrino_Organizador_Items_fnc_discardDraft,ServoPeregrino_Organizador_Items_fnc_deepCopy
ServoPeregrino_Organizador_Items_fnc_discardDraft,ServoPeregrino_Organizador_Items_fnc_getKit
ServoPeregrino_Organizador_Items_fnc_discardDraft,ServoPeregrino_Organizador_Nexus_fnc_createResult
ServoPeregrino_Organizador_Items_fnc_executeApplicationPlan,ServoPeregrino_Organizador_Items_fnc_acquireApplicationLock
ServoPeregrino_Organizador_Items_fnc_executeApplicationPlan,ServoPeregrino_Organizador_Items_fnc_captureContainerSnapshot
ServoPeregrino_Organizador_Items_fnc_executeApplicationPlan,ServoPeregrino_Organizador_Items_fnc_deepCopy
ServoPeregrino_Organizador_Items_fnc_executeApplicationPlan,ServoPeregrino_Organizador_Items_fnc_getMutableContentFingerprint
ServoPeregrino_Organizador_Items_fnc_executeApplicationPlan,ServoPeregrino_Organizador_Items_fnc_mutateContainerEntry
ServoPeregrino_Organizador_Items_fnc_executeApplicationPlan,ServoPeregrino_Organizador_Items_fnc_releaseApplicationLock
ServoPeregrino_Organizador_Items_fnc_executeApplicationPlan,ServoPeregrino_Organizador_Items_fnc_rollbackApplication
ServoPeregrino_Organizador_Items_fnc_executeApplicationPlan,ServoPeregrino_Organizador_Items_fnc_validateApplicationPlan
ServoPeregrino_Organizador_Items_fnc_executeApplicationPlan,ServoPeregrino_Organizador_Nexus_fnc_createResult
ServoPeregrino_Organizador_Items_fnc_executeContentOperation,ServoPeregrino_Organizador_Items_fnc_createClearApplicationPlan
ServoPeregrino_Organizador_Items_fnc_executeContentOperation,ServoPeregrino_Organizador_Items_fnc_createReplaceApplicationPlan
ServoPeregrino_Organizador_Items_fnc_executeContentOperation,ServoPeregrino_Organizador_Items_fnc_createWholeKitApplicationPlan
ServoPeregrino_Organizador_Items_fnc_executeContentOperation,ServoPeregrino_Organizador_Items_fnc_executeApplicationPlan
ServoPeregrino_Organizador_Items_fnc_executeContentOperation,ServoPeregrino_Organizador_Nexus_fnc_createResult
ServoPeregrino_Organizador_Items_fnc_executeDraftApplication,ServoPeregrino_Organizador_Items_fnc_executeContentOperation
ServoPeregrino_Organizador_Items_fnc_executeDraftApplication,ServoPeregrino_Organizador_Items_fnc_getDraftApplicationSource
ServoPeregrino_Organizador_Items_fnc_executeEquipmentClear,ServoPeregrino_Organizador_Items_fnc_deepCopy
ServoPeregrino_Organizador_Items_fnc_executeEquipmentClear,ServoPeregrino_Organizador_Items_fnc_executeUITransferCommand
ServoPeregrino_Organizador_Items_fnc_executeEquipmentClear,ServoPeregrino_Organizador_Nexus_fnc_createResult
ServoPeregrino_Organizador_Items_fnc_executeEquipmentRowAction,ServoPeregrino_Organizador_Items_fnc_createItemEntry
ServoPeregrino_Organizador_Items_fnc_executeEquipmentRowAction,ServoPeregrino_Organizador_Items_fnc_createUIPhysicalRowCommand
ServoPeregrino_Organizador_Items_fnc_executeEquipmentRowAction,ServoPeregrino_Organizador_Items_fnc_executeUITransferCommand
ServoPeregrino_Organizador_Items_fnc_executeEquipmentRowAction,ServoPeregrino_Organizador_Items_fnc_presentUIResult
ServoPeregrino_Organizador_Items_fnc_executeEquipmentRowAction,ServoPeregrino_Organizador_Items_fnc_refreshEquipmentSelectionControls
ServoPeregrino_Organizador_Items_fnc_executeEquipmentRowAction,ServoPeregrino_Organizador_Items_fnc_refreshPhysicalMutationUI
ServoPeregrino_Organizador_Items_fnc_executeEquipmentRowAction,ServoPeregrino_Organizador_Items_fnc_refreshPhysicalTargetUI
ServoPeregrino_Organizador_Items_fnc_executeEquipmentRowAction,ServoPeregrino_Organizador_Nexus_fnc_createResult
ServoPeregrino_Organizador_Items_fnc_executeSavedKitApplication,ServoPeregrino_Organizador_Items_fnc_executeContentOperation
ServoPeregrino_Organizador_Items_fnc_executeSavedKitApplication,ServoPeregrino_Organizador_Items_fnc_getSavedKitApplicationSource
ServoPeregrino_Organizador_Items_fnc_executeSingleOperation,ServoPeregrino_Organizador_Items_fnc_createApplicationPlan
ServoPeregrino_Organizador_Items_fnc_executeSingleOperation,ServoPeregrino_Organizador_Items_fnc_executeApplicationPlan
ServoPeregrino_Organizador_Items_fnc_executeSingleOperation,ServoPeregrino_Organizador_Items_fnc_resolvePlayerContainer
ServoPeregrino_Organizador_Items_fnc_executeUITransferCommand,ServoPeregrino_Organizador_Items_fnc_createItemEntry
ServoPeregrino_Organizador_Items_fnc_executeUITransferCommand,ServoPeregrino_Organizador_Items_fnc_deepCopy
ServoPeregrino_Organizador_Items_fnc_executeUITransferCommand,ServoPeregrino_Organizador_Items_fnc_executeContentOperation
ServoPeregrino_Organizador_Items_fnc_executeUITransferCommand,ServoPeregrino_Organizador_Items_fnc_executeDraftApplication
ServoPeregrino_Organizador_Items_fnc_executeUITransferCommand,ServoPeregrino_Organizador_Items_fnc_executeSavedKitApplication
ServoPeregrino_Organizador_Items_fnc_executeUITransferCommand,ServoPeregrino_Organizador_Items_fnc_getDraftApplicationSource
ServoPeregrino_Organizador_Items_fnc_executeUITransferCommand,ServoPeregrino_Organizador_Items_fnc_getSavedKitApplicationSource
ServoPeregrino_Organizador_Items_fnc_executeUITransferCommand,ServoPeregrino_Organizador_Items_fnc_getUIPhysicalReadiness
ServoPeregrino_Organizador_Items_fnc_executeUITransferCommand,ServoPeregrino_Organizador_Items_fnc_handleUITransferToDraft
ServoPeregrino_Organizador_Items_fnc_executeUITransferCommand,ServoPeregrino_Organizador_Items_fnc_resolveCatalogItem
ServoPeregrino_Organizador_Items_fnc_executeUITransferCommand,ServoPeregrino_Organizador_Nexus_fnc_createResult
ServoPeregrino_Organizador_Items_fnc_filterCatalog,ServoPeregrino_Organizador_Items_fnc_getCatalog
ServoPeregrino_Organizador_Items_fnc_filterCatalog,ServoPeregrino_Organizador_Items_fnc_getCatalogCategories
ServoPeregrino_Organizador_Items_fnc_filterCatalog,ServoPeregrino_Organizador_Nexus_fnc_createResult
ServoPeregrino_Organizador_Items_fnc_finalizeUIPointerDrop,ServoPeregrino_Organizador_Items_fnc_cancelUIDrag
ServoPeregrino_Organizador_Items_fnc_finalizeUIPointerDrop,ServoPeregrino_Organizador_Items_fnc_executeUITransferCommand
ServoPeregrino_Organizador_Items_fnc_finalizeUIPointerDrop,ServoPeregrino_Organizador_Items_fnc_presentUIResult
ServoPeregrino_Organizador_Items_fnc_finalizeUIPointerDrop,ServoPeregrino_Organizador_Items_fnc_refreshDraftMutationUI
ServoPeregrino_Organizador_Items_fnc_finalizeUIPointerDrop,ServoPeregrino_Organizador_Items_fnc_refreshPhysicalMutationUI
ServoPeregrino_Organizador_Items_fnc_finalizeUIPointerDrop,ServoPeregrino_Organizador_Items_fnc_resolveUIPanelDropTarget
ServoPeregrino_Organizador_Items_fnc_findLeakedTestKits,ServoPeregrino_Organizador_Items_fnc_classifyLeakedTestKit
ServoPeregrino_Organizador_Items_fnc_findLeakedTestKits,ServoPeregrino_Organizador_Items_fnc_getKit
ServoPeregrino_Organizador_Items_fnc_findLeakedTestKits,ServoPeregrino_Organizador_Items_fnc_listKits
ServoPeregrino_Organizador_Items_fnc_findLeakedTestKits,ServoPeregrino_Organizador_Nexus_fnc_createResult
ServoPeregrino_Organizador_Items_fnc_getApplicationStatus,ServoPeregrino_Organizador_Nexus_fnc_createResult
ServoPeregrino_Organizador_Items_fnc_getCatalog,ServoPeregrino_Organizador_Items_fnc_buildCatalog
ServoPeregrino_Organizador_Items_fnc_getCatalog,ServoPeregrino_Organizador_Items_fnc_copyCatalogItem
ServoPeregrino_Organizador_Items_fnc_getCatalog,ServoPeregrino_Organizador_Items_fnc_getCatalogStatus
ServoPeregrino_Organizador_Items_fnc_getCatalog,ServoPeregrino_Organizador_Nexus_fnc_createResult
ServoPeregrino_Organizador_Items_fnc_getCatalogStatus,ServoPeregrino_Organizador_Items_fnc_getCatalogCategories
ServoPeregrino_Organizador_Items_fnc_getCatalogStatus,ServoPeregrino_Organizador_Nexus_fnc_createResult
ServoPeregrino_Organizador_Items_fnc_getContainerCapacityMetrics,ServoPeregrino_Organizador_Nexus_fnc_createResult
ServoPeregrino_Organizador_Items_fnc_getDraftApplicationSource,ServoPeregrino_Organizador_Items_fnc_deepCopy
ServoPeregrino_Organizador_Items_fnc_getDraftApplicationSource,ServoPeregrino_Organizador_Items_fnc_getDraftState
ServoPeregrino_Organizador_Items_fnc_getDraftApplicationSource,ServoPeregrino_Organizador_Nexus_fnc_createResult
ServoPeregrino_Organizador_Items_fnc_getDraftState,ServoPeregrino_Organizador_Items_fnc_deepCopy
ServoPeregrino_Organizador_Items_fnc_getDraftState,ServoPeregrino_Organizador_Nexus_fnc_createResult
ServoPeregrino_Organizador_Items_fnc_getKit,ServoPeregrino_Organizador_Items_fnc_deepCopy
ServoPeregrino_Organizador_Items_fnc_getKit,ServoPeregrino_Organizador_Items_fnc_isValidItemKitId
ServoPeregrino_Organizador_Items_fnc_getKit,ServoPeregrino_Organizador_Items_fnc_loadStorage
ServoPeregrino_Organizador_Items_fnc_getKit,ServoPeregrino_Organizador_Nexus_fnc_createResult
ServoPeregrino_Organizador_Items_fnc_getLoadoutFingerprint,ServoPeregrino_Organizador_Items_fnc_deepCopy
ServoPeregrino_Organizador_Items_fnc_getLoadoutFingerprint,ServoPeregrino_Organizador_Nexus_fnc_createResult
ServoPeregrino_Organizador_Items_fnc_getMutableContentFingerprint,ServoPeregrino_Organizador_Items_fnc_buildMutableFingerprint
ServoPeregrino_Organizador_Items_fnc_getMutableContentFingerprint,ServoPeregrino_Organizador_Items_fnc_captureContainerContent
ServoPeregrino_Organizador_Items_fnc_getMutableContentFingerprint,ServoPeregrino_Organizador_Nexus_fnc_createResult
ServoPeregrino_Organizador_Items_fnc_getPublicKit,ServoPeregrino_Organizador_Items_fnc_deepCopy
ServoPeregrino_Organizador_Items_fnc_getPublicKit,ServoPeregrino_Organizador_Items_fnc_getPublicLibrary
ServoPeregrino_Organizador_Items_fnc_getPublicKit,ServoPeregrino_Organizador_Items_fnc_validateItemKitSemantic
ServoPeregrino_Organizador_Items_fnc_getPublicKit,ServoPeregrino_Organizador_Nexus_fnc_createResult
ServoPeregrino_Organizador_Items_fnc_getPublicLibrary,ServoPeregrino_Organizador_Items_fnc_deepCopy
ServoPeregrino_Organizador_Items_fnc_getPublicLibrary,ServoPeregrino_Organizador_Items_fnc_initializePublicLibraryAuthority
ServoPeregrino_Organizador_Items_fnc_getPublicLibrary,ServoPeregrino_Organizador_Nexus_fnc_createResult
ServoPeregrino_Organizador_Items_fnc_getRepositoryStatus,ServoPeregrino_Organizador_Items_fnc_deepCopy
ServoPeregrino_Organizador_Items_fnc_getRepositoryStatus,ServoPeregrino_Organizador_Nexus_fnc_createResult
ServoPeregrino_Organizador_Items_fnc_getRuntimeStatus,ServoPeregrino_Organizador_Items_fnc_getApplicationStatus
ServoPeregrino_Organizador_Items_fnc_getRuntimeStatus,ServoPeregrino_Organizador_Items_fnc_getBuildInfo
ServoPeregrino_Organizador_Items_fnc_getRuntimeStatus,ServoPeregrino_Organizador_Items_fnc_getCatalogStatus
ServoPeregrino_Organizador_Items_fnc_getRuntimeStatus,ServoPeregrino_Organizador_Items_fnc_getDraftState
ServoPeregrino_Organizador_Items_fnc_getRuntimeStatus,ServoPeregrino_Organizador_Items_fnc_getUIState
ServoPeregrino_Organizador_Items_fnc_getRuntimeStatus,ServoPeregrino_Organizador_Nexus_fnc_createResult
ServoPeregrino_Organizador_Items_fnc_getSavedKitApplicationSource,ServoPeregrino_Organizador_Items_fnc_deepCopy
ServoPeregrino_Organizador_Items_fnc_getSavedKitApplicationSource,ServoPeregrino_Organizador_Items_fnc_getKit
ServoPeregrino_Organizador_Items_fnc_getSavedKitApplicationSource,ServoPeregrino_Organizador_Nexus_fnc_createResult
ServoPeregrino_Organizador_Items_fnc_getUICatalogWindow,ServoPeregrino_Organizador_Items_fnc_copyCatalogItem
ServoPeregrino_Organizador_Items_fnc_getUICatalogWindow,ServoPeregrino_Organizador_Items_fnc_getCatalogCategories
ServoPeregrino_Organizador_Items_fnc_getUICatalogWindow,ServoPeregrino_Organizador_Nexus_fnc_createResult
ServoPeregrino_Organizador_Items_fnc_getUIEntryAwareness,ServoPeregrino_Organizador_Items_fnc_getEntryUnitMass
ServoPeregrino_Organizador_Items_fnc_getUIItemKitAwareness,ServoPeregrino_Organizador_Items_fnc_getUIEntryAwareness
ServoPeregrino_Organizador_Items_fnc_getUIItemKitAwareness,ServoPeregrino_Organizador_Items_fnc_resolveUIItemMetadata
ServoPeregrino_Organizador_Items_fnc_getUIPhysicalReadiness,ServoPeregrino_Organizador_Items_fnc_getApplicationStatus
ServoPeregrino_Organizador_Items_fnc_getUIPhysicalReadiness,ServoPeregrino_Organizador_Items_fnc_getContainerCapacityMetrics
ServoPeregrino_Organizador_Items_fnc_getUIPhysicalReadiness,ServoPeregrino_Organizador_Items_fnc_getDraftState
ServoPeregrino_Organizador_Items_fnc_getUIPhysicalReadiness,ServoPeregrino_Organizador_Items_fnc_resolveApplicationTarget
ServoPeregrino_Organizador_Items_fnc_getUIPhysicalReadiness,ServoPeregrino_Organizador_Nexus_fnc_createResult
ServoPeregrino_Organizador_Items_fnc_getUIState,ServoPeregrino_Organizador_Items_fnc_createUIState
ServoPeregrino_Organizador_Items_fnc_getUIState,ServoPeregrino_Organizador_Items_fnc_deepCopy
ServoPeregrino_Organizador_Items_fnc_getUIState,ServoPeregrino_Organizador_Nexus_fnc_createResult
ServoPeregrino_Organizador_Items_fnc_handleDraftQuantityKeyDown,ServoPeregrino_Organizador_Items_fnc_commitDraftQuantityFromControl
ServoPeregrino_Organizador_Items_fnc_handleDraftRowAction,ServoPeregrino_Organizador_Items_fnc_decrementDraftEntry
ServoPeregrino_Organizador_Items_fnc_handleDraftRowAction,ServoPeregrino_Organizador_Items_fnc_incrementDraftEntry
ServoPeregrino_Organizador_Items_fnc_handleDraftRowAction,ServoPeregrino_Organizador_Items_fnc_removeDraftEntry
ServoPeregrino_Organizador_Items_fnc_handleDraftRowAction,ServoPeregrino_Organizador_Items_fnc_setDraftEntryQuantity
ServoPeregrino_Organizador_Items_fnc_handleDraftRowAction,ServoPeregrino_Organizador_Nexus_fnc_createResult
ServoPeregrino_Organizador_Items_fnc_handleEquipmentQuantityKeyDown,ServoPeregrino_Organizador_Items_fnc_commitEquipmentQuantityFromControl
ServoPeregrino_Organizador_Items_fnc_handleUIDragEvent,ServoPeregrino_Organizador_Items_fnc_cancelUIDrag
ServoPeregrino_Organizador_Items_fnc_handleUIDragEvent,ServoPeregrino_Organizador_Items_fnc_clearKitLibraryActionStatus
ServoPeregrino_Organizador_Items_fnc_handleUIDragEvent,ServoPeregrino_Organizador_Items_fnc_createUIDragSnapshot
ServoPeregrino_Organizador_Items_fnc_handleUIDragEvent,ServoPeregrino_Organizador_Items_fnc_executeUITransferCommand
ServoPeregrino_Organizador_Items_fnc_handleUIDragEvent,ServoPeregrino_Organizador_Items_fnc_finalizeUIPointerDrop
ServoPeregrino_Organizador_Items_fnc_handleUIDragEvent,ServoPeregrino_Organizador_Items_fnc_getUITargetLabel
ServoPeregrino_Organizador_Items_fnc_handleUIDragEvent,ServoPeregrino_Organizador_Items_fnc_playUIFeedbackSound
ServoPeregrino_Organizador_Items_fnc_handleUIDragEvent,ServoPeregrino_Organizador_Items_fnc_presentUIResult
ServoPeregrino_Organizador_Items_fnc_handleUIDragEvent,ServoPeregrino_Organizador_Items_fnc_pushUIFeedback
ServoPeregrino_Organizador_Items_fnc_handleUIDragEvent,ServoPeregrino_Organizador_Items_fnc_refreshDraftMutationUI
ServoPeregrino_Organizador_Items_fnc_handleUIDragEvent,ServoPeregrino_Organizador_Items_fnc_refreshPhysicalMutationUI
ServoPeregrino_Organizador_Items_fnc_handleUIDragEvent,ServoPeregrino_Organizador_Items_fnc_resolveUIPanelDropTarget
ServoPeregrino_Organizador_Items_fnc_handleUIDragEvent,ServoPeregrino_Organizador_Items_fnc_resolveUIPointerSource
ServoPeregrino_Organizador_Items_fnc_handleUIDragEvent,ServoPeregrino_Organizador_Items_fnc_updateUIDragVisualProxy
ServoPeregrino_Organizador_Items_fnc_handleUIDragEvent,ServoPeregrino_Organizador_Items_fnc_updateUIItemTooltip
ServoPeregrino_Organizador_Items_fnc_handleUIEvent,ServoPeregrino_Organizador_Items_fnc_captureEquipmentToDraft
ServoPeregrino_Organizador_Items_fnc_handleUIEvent,ServoPeregrino_Organizador_Items_fnc_classifyUIOutcome
ServoPeregrino_Organizador_Items_fnc_handleUIEvent,ServoPeregrino_Organizador_Items_fnc_clearDraftEntries
ServoPeregrino_Organizador_Items_fnc_handleUIEvent,ServoPeregrino_Organizador_Items_fnc_clearKitLibraryActionStatus
ServoPeregrino_Organizador_Items_fnc_handleUIEvent,ServoPeregrino_Organizador_Items_fnc_cloneKit
ServoPeregrino_Organizador_Items_fnc_handleUIEvent,ServoPeregrino_Organizador_Items_fnc_createUIState
ServoPeregrino_Organizador_Items_fnc_handleUIEvent,ServoPeregrino_Organizador_Items_fnc_deleteKitPreservingDraft
ServoPeregrino_Organizador_Items_fnc_handleUIEvent,ServoPeregrino_Organizador_Items_fnc_executeEquipmentClear
ServoPeregrino_Organizador_Items_fnc_handleUIEvent,ServoPeregrino_Organizador_Items_fnc_executeUITransferCommand
ServoPeregrino_Organizador_Items_fnc_handleUIEvent,ServoPeregrino_Organizador_Items_fnc_getCatalogCategories
ServoPeregrino_Organizador_Items_fnc_handleUIEvent,ServoPeregrino_Organizador_Items_fnc_getDraftState
ServoPeregrino_Organizador_Items_fnc_handleUIEvent,ServoPeregrino_Organizador_Items_fnc_getKit
ServoPeregrino_Organizador_Items_fnc_handleUIEvent,ServoPeregrino_Organizador_Items_fnc_getUIPhysicalReadiness
ServoPeregrino_Organizador_Items_fnc_handleUIEvent,ServoPeregrino_Organizador_Items_fnc_getUITargetLabel
ServoPeregrino_Organizador_Items_fnc_handleUIEvent,ServoPeregrino_Organizador_Items_fnc_playUIFeedbackSound
ServoPeregrino_Organizador_Items_fnc_handleUIEvent,ServoPeregrino_Organizador_Items_fnc_playUIMovementSound
ServoPeregrino_Organizador_Items_fnc_handleUIEvent,ServoPeregrino_Organizador_Items_fnc_presentUIResult
ServoPeregrino_Organizador_Items_fnc_handleUIEvent,ServoPeregrino_Organizador_Items_fnc_publishKitToPublic
ServoPeregrino_Organizador_Items_fnc_handleUIEvent,ServoPeregrino_Organizador_Items_fnc_pushUIFeedback
ServoPeregrino_Organizador_Items_fnc_handleUIEvent,ServoPeregrino_Organizador_Items_fnc_reconcilePrivateKitSelectionAfterDelete
ServoPeregrino_Organizador_Items_fnc_handleUIEvent,ServoPeregrino_Organizador_Items_fnc_refreshCatalogSelectionDetails
ServoPeregrino_Organizador_Items_fnc_handleUIEvent,ServoPeregrino_Organizador_Items_fnc_refreshCatalogWindowUI
ServoPeregrino_Organizador_Items_fnc_handleUIEvent,ServoPeregrino_Organizador_Items_fnc_refreshDraftMutationUI
ServoPeregrino_Organizador_Items_fnc_handleUIEvent,ServoPeregrino_Organizador_Items_fnc_refreshEquipmentSelectionControls
ServoPeregrino_Organizador_Items_fnc_handleUIEvent,ServoPeregrino_Organizador_Items_fnc_refreshEquipmentViewUI
ServoPeregrino_Organizador_Items_fnc_handleUIEvent,ServoPeregrino_Organizador_Items_fnc_refreshInterface
ServoPeregrino_Organizador_Items_fnc_handleUIEvent,ServoPeregrino_Organizador_Items_fnc_refreshPhysicalMutationUI
ServoPeregrino_Organizador_Items_fnc_handleUIEvent,ServoPeregrino_Organizador_Items_fnc_refreshPhysicalTargetUI
ServoPeregrino_Organizador_Items_fnc_handleUIEvent,ServoPeregrino_Organizador_Items_fnc_requestDraftTransition
ServoPeregrino_Organizador_Items_fnc_handleUIEvent,ServoPeregrino_Organizador_Items_fnc_saveDraft
ServoPeregrino_Organizador_Items_fnc_handleUIEvent,ServoPeregrino_Organizador_Items_fnc_saveDraftAsNew
ServoPeregrino_Organizador_Items_fnc_handleUIEvent,ServoPeregrino_Organizador_Items_fnc_savePublicKitToPrivate
ServoPeregrino_Organizador_Items_fnc_handleUIEvent,ServoPeregrino_Organizador_Items_fnc_setDraftName
ServoPeregrino_Organizador_Items_fnc_handleUIEvent,ServoPeregrino_Organizador_Items_fnc_setDraftPreferredTarget
ServoPeregrino_Organizador_Items_fnc_handleUIKeyDown,ServoPeregrino_Organizador_Items_fnc_cancelUIDrag
ServoPeregrino_Organizador_Items_fnc_handleUIKeyDown,ServoPeregrino_Organizador_Items_fnc_getDraftState
ServoPeregrino_Organizador_Items_fnc_handleUIKeyDown,ServoPeregrino_Organizador_Items_fnc_handleDraftRowAction
ServoPeregrino_Organizador_Items_fnc_handleUIKeyDown,ServoPeregrino_Organizador_Items_fnc_handleUIEvent
ServoPeregrino_Organizador_Items_fnc_handleUIKeyDown,ServoPeregrino_Organizador_Items_fnc_presentLogicalMutationResult
ServoPeregrino_Organizador_Items_fnc_handleUIKeyDown,ServoPeregrino_Organizador_Items_fnc_refreshDraftMutationUI
ServoPeregrino_Organizador_Items_fnc_handleUIKeyDown,ServoPeregrino_Organizador_Items_fnc_requestEquipmentRowAction
ServoPeregrino_Organizador_Items_fnc_handleUITransferToDraft,ServoPeregrino_Organizador_Items_fnc_addCatalogItemToDraft
ServoPeregrino_Organizador_Items_fnc_handleUITransferToDraft,ServoPeregrino_Organizador_Items_fnc_addEntryToDraft
ServoPeregrino_Organizador_Items_fnc_handleUITransferToDraft,ServoPeregrino_Organizador_Items_fnc_createItemEntry
ServoPeregrino_Organizador_Items_fnc_handleUITransferToDraft,ServoPeregrino_Organizador_Items_fnc_createNewDraft
ServoPeregrino_Organizador_Items_fnc_handleUITransferToDraft,ServoPeregrino_Organizador_Items_fnc_deepCopy
ServoPeregrino_Organizador_Items_fnc_handleUITransferToDraft,ServoPeregrino_Organizador_Items_fnc_getDraftState
ServoPeregrino_Organizador_Items_fnc_handleUITransferToDraft,ServoPeregrino_Organizador_Items_fnc_mergeKitIntoDraft
ServoPeregrino_Organizador_Items_fnc_handleUITransferToDraft,ServoPeregrino_Organizador_Nexus_fnc_createResult
ServoPeregrino_Organizador_Items_fnc_handleUIWheel,ServoPeregrino_Organizador_Items_fnc_handleUIEvent
ServoPeregrino_Organizador_Items_fnc_incrementDraftEntry,ServoPeregrino_Organizador_Items_fnc_addEntryToDraft
ServoPeregrino_Organizador_Items_fnc_incrementDraftEntry,ServoPeregrino_Organizador_Items_fnc_createItemEntry
ServoPeregrino_Organizador_Items_fnc_incrementDraftEntry,ServoPeregrino_Organizador_Items_fnc_deepCopy
ServoPeregrino_Organizador_Items_fnc_incrementDraftEntry,ServoPeregrino_Organizador_Items_fnc_setDraftEntryQuantity
ServoPeregrino_Organizador_Items_fnc_incrementDraftEntry,ServoPeregrino_Organizador_Nexus_fnc_createResult
ServoPeregrino_Organizador_Items_fnc_initialize,ServoPeregrino_Organizador_Items_fnc_createUIState
ServoPeregrino_Organizador_Items_fnc_initialize,ServoPeregrino_Organizador_Items_fnc_getBuildInfo
ServoPeregrino_Organizador_Items_fnc_initialize,ServoPeregrino_Organizador_Items_fnc_getRuntimeStatus
ServoPeregrino_Organizador_Items_fnc_initialize,ServoPeregrino_Organizador_Items_fnc_getUIPhysicalReadiness
ServoPeregrino_Organizador_Items_fnc_initialize,ServoPeregrino_Organizador_Items_fnc_initializePublicLibraryAuthority
ServoPeregrino_Organizador_Items_fnc_initialize,ServoPeregrino_Organizador_Items_fnc_loadStorage
ServoPeregrino_Organizador_Items_fnc_initialize,ServoPeregrino_Organizador_Items_fnc_openInterface
ServoPeregrino_Organizador_Items_fnc_initialize,ServoPeregrino_Organizador_Items_fnc_validateNexus
ServoPeregrino_Organizador_Items_fnc_initialize,ServoPeregrino_Organizador_Nexus_fnc_createResult
ServoPeregrino_Organizador_Items_fnc_initialize,ServoPeregrino_Organizador_Nexus_fnc_log
ServoPeregrino_Organizador_Items_fnc_initialize,ServoPeregrino_Organizador_Nexus_fnc_publishEvent
ServoPeregrino_Organizador_Items_fnc_initialize,ServoPeregrino_Organizador_Nexus_fnc_registerCapability
ServoPeregrino_Organizador_Items_fnc_initialize,ServoPeregrino_Organizador_Nexus_fnc_unregisterCapability
ServoPeregrino_Organizador_Items_fnc_initializePublicLibraryAuthority,ServoPeregrino_Organizador_Nexus_fnc_createResult
ServoPeregrino_Organizador_Items_fnc_injectTestStoragePayload,ServoPeregrino_Organizador_Items_fnc_deepCopy
ServoPeregrino_Organizador_Items_fnc_injectTestStoragePayload,ServoPeregrino_Organizador_Items_fnc_getRepositoryKeys
ServoPeregrino_Organizador_Items_fnc_injectTestStoragePayload,ServoPeregrino_Organizador_Nexus_fnc_createResult
ServoPeregrino_Organizador_Items_fnc_installTestActions,ServoPeregrino_Organizador_Items_fnc_addCatalogItemToDraft
ServoPeregrino_Organizador_Items_fnc_installTestActions,ServoPeregrino_Organizador_Items_fnc_addEntryToDraft
ServoPeregrino_Organizador_Items_fnc_installTestActions,ServoPeregrino_Organizador_Items_fnc_cleanupLeakedTestKits
ServoPeregrino_Organizador_Items_fnc_installTestActions,ServoPeregrino_Organizador_Items_fnc_createItemEntry
ServoPeregrino_Organizador_Items_fnc_installTestActions,ServoPeregrino_Organizador_Items_fnc_createNewDraft
ServoPeregrino_Organizador_Items_fnc_installTestActions,ServoPeregrino_Organizador_Items_fnc_discardDraft
ServoPeregrino_Organizador_Items_fnc_installTestActions,ServoPeregrino_Organizador_Items_fnc_findLeakedTestKits
ServoPeregrino_Organizador_Items_fnc_installTestActions,ServoPeregrino_Organizador_Items_fnc_formatUIMass
ServoPeregrino_Organizador_Items_fnc_installTestActions,ServoPeregrino_Organizador_Items_fnc_getApplicationStatus
ServoPeregrino_Organizador_Items_fnc_installTestActions,ServoPeregrino_Organizador_Items_fnc_getDraftState
ServoPeregrino_Organizador_Items_fnc_installTestActions,ServoPeregrino_Organizador_Items_fnc_getUIPhysicalReadiness
ServoPeregrino_Organizador_Items_fnc_installTestActions,ServoPeregrino_Organizador_Items_fnc_getUIState
ServoPeregrino_Organizador_Items_fnc_installTestActions,ServoPeregrino_Organizador_Items_fnc_openInterface
ServoPeregrino_Organizador_Items_fnc_installTestActions,ServoPeregrino_Organizador_Items_fnc_runDelivery0_13CheckpointATests
ServoPeregrino_Organizador_Items_fnc_invalidateCatalogCache,ServoPeregrino_Organizador_Nexus_fnc_createResult
ServoPeregrino_Organizador_Items_fnc_listKits,ServoPeregrino_Organizador_Items_fnc_loadStorage
ServoPeregrino_Organizador_Items_fnc_listKits,ServoPeregrino_Organizador_Nexus_fnc_createResult
ServoPeregrino_Organizador_Items_fnc_listPublicKits,ServoPeregrino_Organizador_Items_fnc_getPublicLibrary
ServoPeregrino_Organizador_Items_fnc_listPublicKits,ServoPeregrino_Organizador_Items_fnc_validateItemKitSemantic
ServoPeregrino_Organizador_Items_fnc_listPublicKits,ServoPeregrino_Organizador_Nexus_fnc_createResult
ServoPeregrino_Organizador_Items_fnc_loadDraftFromKit,ServoPeregrino_Organizador_Items_fnc_deepCopy
ServoPeregrino_Organizador_Items_fnc_loadDraftFromKit,ServoPeregrino_Organizador_Items_fnc_getKit
ServoPeregrino_Organizador_Items_fnc_loadDraftFromKit,ServoPeregrino_Organizador_Nexus_fnc_createResult
ServoPeregrino_Organizador_Items_fnc_loadStorage,ServoPeregrino_Organizador_Items_fnc_buildRepositoryState
ServoPeregrino_Organizador_Items_fnc_loadStorage,ServoPeregrino_Organizador_Items_fnc_createStoragePayload
ServoPeregrino_Organizador_Items_fnc_loadStorage,ServoPeregrino_Organizador_Items_fnc_getRepositoryKeys
ServoPeregrino_Organizador_Items_fnc_loadStorage,ServoPeregrino_Organizador_Items_fnc_migrateStorage
ServoPeregrino_Organizador_Items_fnc_loadStorage,ServoPeregrino_Organizador_Nexus_fnc_createResult
ServoPeregrino_Organizador_Items_fnc_mergeEntriesIntoDraft,ServoPeregrino_Organizador_Items_fnc_deepCopy
ServoPeregrino_Organizador_Items_fnc_mergeEntriesIntoDraft,ServoPeregrino_Organizador_Items_fnc_normalizeItemEntries
ServoPeregrino_Organizador_Items_fnc_mergeEntriesIntoDraft,ServoPeregrino_Organizador_Nexus_fnc_createResult
ServoPeregrino_Organizador_Items_fnc_mergeKitIntoDraft,ServoPeregrino_Organizador_Items_fnc_getKit
ServoPeregrino_Organizador_Items_fnc_mergeKitIntoDraft,ServoPeregrino_Organizador_Items_fnc_mergeEntriesIntoDraft
ServoPeregrino_Organizador_Items_fnc_mergeKitIntoDraft,ServoPeregrino_Organizador_Nexus_fnc_createResult
ServoPeregrino_Organizador_Items_fnc_migrateStorage,ServoPeregrino_Organizador_Items_fnc_deepCopy
ServoPeregrino_Organizador_Items_fnc_migrateStorage,ServoPeregrino_Organizador_Items_fnc_validateStorageSemantic
ServoPeregrino_Organizador_Items_fnc_migrateStorage,ServoPeregrino_Organizador_Nexus_fnc_createResult
ServoPeregrino_Organizador_Items_fnc_mutateContainerEntry,ServoPeregrino_Organizador_Items_fnc_deepCopy
ServoPeregrino_Organizador_Items_fnc_mutateContainerEntry,ServoPeregrino_Organizador_Nexus_fnc_createResult
ServoPeregrino_Organizador_Items_fnc_normalizeItemEntries,ServoPeregrino_Organizador_Items_fnc_deepCopy
ServoPeregrino_Organizador_Items_fnc_normalizeItemEntries,ServoPeregrino_Organizador_Items_fnc_validateItemEntrySemantic
ServoPeregrino_Organizador_Items_fnc_normalizeItemEntries,ServoPeregrino_Organizador_Nexus_fnc_createResult
ServoPeregrino_Organizador_Items_fnc_onInterfaceLoad,ServoPeregrino_Organizador_Items_fnc_createUIState
ServoPeregrino_Organizador_Items_fnc_onInterfaceLoad,ServoPeregrino_Organizador_Items_fnc_getCatalog
ServoPeregrino_Organizador_Items_fnc_onInterfaceLoad,ServoPeregrino_Organizador_Items_fnc_getCatalogStatus
ServoPeregrino_Organizador_Items_fnc_onInterfaceLoad,ServoPeregrino_Organizador_Items_fnc_getUICatalogWindow
ServoPeregrino_Organizador_Items_fnc_onInterfaceLoad,ServoPeregrino_Organizador_Items_fnc_pushUIFeedback
ServoPeregrino_Organizador_Items_fnc_onInterfaceLoad,ServoPeregrino_Organizador_Items_fnc_refreshInterface
ServoPeregrino_Organizador_Items_fnc_onInterfaceLoad,ServoPeregrino_Organizador_Items_fnc_updateUIDragVisualProxy
ServoPeregrino_Organizador_Items_fnc_onInterfaceLoad,ServoPeregrino_Organizador_Items_fnc_updateUIItemTooltip
ServoPeregrino_Organizador_Items_fnc_onInterfaceUnload,ServoPeregrino_Organizador_Items_fnc_cancelUIDrag
ServoPeregrino_Organizador_Items_fnc_onInterfaceUnload,ServoPeregrino_Organizador_Items_fnc_updateUIItemTooltip
ServoPeregrino_Organizador_Items_fnc_openCaptureDraft,ServoPeregrino_Organizador_Items_fnc_deepCopy
ServoPeregrino_Organizador_Items_fnc_openCaptureDraft,ServoPeregrino_Organizador_Items_fnc_normalizeItemEntries
ServoPeregrino_Organizador_Items_fnc_openCaptureDraft,ServoPeregrino_Organizador_Nexus_fnc_createResult
ServoPeregrino_Organizador_Items_fnc_openInterface,ServoPeregrino_Organizador_Items_fnc_deepCopy
ServoPeregrino_Organizador_Items_fnc_openInterface,ServoPeregrino_Organizador_Items_fnc_getUIPhysicalReadiness
ServoPeregrino_Organizador_Items_fnc_openInterface,ServoPeregrino_Organizador_Items_fnc_initialize
ServoPeregrino_Organizador_Items_fnc_openInterface,ServoPeregrino_Organizador_Nexus_fnc_createResult
ServoPeregrino_Organizador_Items_fnc_playUIFeedbackSound,ServoPeregrino_Organizador_Items_fnc_createUIState
ServoPeregrino_Organizador_Items_fnc_playUIMovementSound,ServoPeregrino_Organizador_Items_fnc_createUIState
ServoPeregrino_Organizador_Items_fnc_playUIMovementSound,ServoPeregrino_Organizador_Items_fnc_getUIMovementSoundProfile
ServoPeregrino_Organizador_Items_fnc_presentLogicalMutationResult,ServoPeregrino_Organizador_Items_fnc_playUIFeedbackSound
ServoPeregrino_Organizador_Items_fnc_presentLogicalMutationResult,ServoPeregrino_Organizador_Items_fnc_playUIMovementSound
ServoPeregrino_Organizador_Items_fnc_presentLogicalMutationResult,ServoPeregrino_Organizador_Items_fnc_pushUIFeedback
ServoPeregrino_Organizador_Items_fnc_presentUIResult,ServoPeregrino_Organizador_Items_fnc_classifyUIOutcome
ServoPeregrino_Organizador_Items_fnc_presentUIResult,ServoPeregrino_Organizador_Items_fnc_playUIFeedbackSound
ServoPeregrino_Organizador_Items_fnc_presentUIResult,ServoPeregrino_Organizador_Items_fnc_playUIMovementSound
ServoPeregrino_Organizador_Items_fnc_presentUIResult,ServoPeregrino_Organizador_Items_fnc_pushUIFeedback
ServoPeregrino_Organizador_Items_fnc_publishKitToPublic,ServoPeregrino_Organizador_Items_fnc_commitPublicKitSnapshotServer
ServoPeregrino_Organizador_Items_fnc_publishKitToPublic,ServoPeregrino_Organizador_Items_fnc_getKit
ServoPeregrino_Organizador_Items_fnc_publishKitToPublic,ServoPeregrino_Organizador_Items_fnc_requestPublicKitPublish
ServoPeregrino_Organizador_Items_fnc_pushUIFeedback,ServoPeregrino_Organizador_Items_fnc_createUIState
ServoPeregrino_Organizador_Items_fnc_reconcilePrivateKitSelectionAfterDelete,ServoPeregrino_Organizador_Items_fnc_createUIState
ServoPeregrino_Organizador_Items_fnc_reconcilePrivateKitSelectionAfterDelete,ServoPeregrino_Organizador_Nexus_fnc_createResult
ServoPeregrino_Organizador_Items_fnc_refreshCatalogSelectionDetails,ServoPeregrino_Organizador_Items_fnc_escapeStructuredText
ServoPeregrino_Organizador_Items_fnc_refreshCatalogSelectionDetails,ServoPeregrino_Organizador_Items_fnc_formatUIMass
ServoPeregrino_Organizador_Items_fnc_refreshCatalogSelectionDetails,ServoPeregrino_Organizador_Items_fnc_resolveUIItemMetadata
ServoPeregrino_Organizador_Items_fnc_refreshCatalogWindowUI,ServoPeregrino_Organizador_Items_fnc_createUIState
ServoPeregrino_Organizador_Items_fnc_refreshCatalogWindowUI,ServoPeregrino_Organizador_Items_fnc_escapeStructuredText
ServoPeregrino_Organizador_Items_fnc_refreshCatalogWindowUI,ServoPeregrino_Organizador_Items_fnc_formatUIMass
ServoPeregrino_Organizador_Items_fnc_refreshCatalogWindowUI,ServoPeregrino_Organizador_Items_fnc_getUICatalogWindow
ServoPeregrino_Organizador_Items_fnc_refreshCatalogWindowUI,ServoPeregrino_Organizador_Items_fnc_getUIFeedbackPalette
ServoPeregrino_Organizador_Items_fnc_refreshCatalogWindowUI,ServoPeregrino_Organizador_Items_fnc_renderCatalogRowsUI
ServoPeregrino_Organizador_Items_fnc_refreshCatalogWindowUI,ServoPeregrino_Organizador_Items_fnc_resolveUIItemMetadata
ServoPeregrino_Organizador_Items_fnc_refreshDraftMutationUI,ServoPeregrino_Organizador_Items_fnc_commitDraftQuantityFromControl
ServoPeregrino_Organizador_Items_fnc_refreshDraftMutationUI,ServoPeregrino_Organizador_Items_fnc_createItemEntry
ServoPeregrino_Organizador_Items_fnc_refreshDraftMutationUI,ServoPeregrino_Organizador_Items_fnc_createUIState
ServoPeregrino_Organizador_Items_fnc_refreshDraftMutationUI,ServoPeregrino_Organizador_Items_fnc_escapeStructuredText
ServoPeregrino_Organizador_Items_fnc_refreshDraftMutationUI,ServoPeregrino_Organizador_Items_fnc_formatUIMass
ServoPeregrino_Organizador_Items_fnc_refreshDraftMutationUI,ServoPeregrino_Organizador_Items_fnc_getDraftState
ServoPeregrino_Organizador_Items_fnc_refreshDraftMutationUI,ServoPeregrino_Organizador_Items_fnc_getUIEntryAwareness
ServoPeregrino_Organizador_Items_fnc_refreshDraftMutationUI,ServoPeregrino_Organizador_Items_fnc_getUIFeedbackPalette
ServoPeregrino_Organizador_Items_fnc_refreshDraftMutationUI,ServoPeregrino_Organizador_Items_fnc_getUITargetLabel
ServoPeregrino_Organizador_Items_fnc_refreshDraftMutationUI,ServoPeregrino_Organizador_Items_fnc_handleDraftQuantityKeyDown
ServoPeregrino_Organizador_Items_fnc_refreshDraftMutationUI,ServoPeregrino_Organizador_Items_fnc_handleDraftRowAction
ServoPeregrino_Organizador_Items_fnc_refreshDraftMutationUI,ServoPeregrino_Organizador_Items_fnc_handleUIDragEvent
ServoPeregrino_Organizador_Items_fnc_refreshDraftMutationUI,ServoPeregrino_Organizador_Items_fnc_presentLogicalMutationResult
ServoPeregrino_Organizador_Items_fnc_refreshDraftMutationUI,ServoPeregrino_Organizador_Items_fnc_refreshDraftMutationUI
ServoPeregrino_Organizador_Items_fnc_refreshDraftMutationUI,ServoPeregrino_Organizador_Items_fnc_resolveUIItemMetadata
ServoPeregrino_Organizador_Items_fnc_refreshDraftMutationUI,ServoPeregrino_Organizador_Items_fnc_updateUIItemTooltip
ServoPeregrino_Organizador_Items_fnc_refreshEquipmentViewUI,ServoPeregrino_Organizador_Items_fnc_capturePlayerContainer
ServoPeregrino_Organizador_Items_fnc_refreshEquipmentViewUI,ServoPeregrino_Organizador_Items_fnc_createUIState
ServoPeregrino_Organizador_Items_fnc_refreshEquipmentViewUI,ServoPeregrino_Organizador_Items_fnc_escapeStructuredText
ServoPeregrino_Organizador_Items_fnc_refreshEquipmentViewUI,ServoPeregrino_Organizador_Items_fnc_getUIEntryAwareness
ServoPeregrino_Organizador_Items_fnc_refreshEquipmentViewUI,ServoPeregrino_Organizador_Items_fnc_getUIFeedbackPalette
ServoPeregrino_Organizador_Items_fnc_refreshEquipmentViewUI,ServoPeregrino_Organizador_Items_fnc_getUIPhysicalReadiness
ServoPeregrino_Organizador_Items_fnc_refreshEquipmentViewUI,ServoPeregrino_Organizador_Items_fnc_getUITargetLabel
ServoPeregrino_Organizador_Items_fnc_refreshEquipmentViewUI,ServoPeregrino_Organizador_Items_fnc_refreshHeaderStatusUI
ServoPeregrino_Organizador_Items_fnc_refreshEquipmentViewUI,ServoPeregrino_Organizador_Items_fnc_refreshHeaderUI
ServoPeregrino_Organizador_Items_fnc_refreshEquipmentViewUI,ServoPeregrino_Organizador_Items_fnc_renderEquipmentRowsUI
ServoPeregrino_Organizador_Items_fnc_refreshEquipmentViewUI,ServoPeregrino_Organizador_Items_fnc_resolveUIItemMetadata
ServoPeregrino_Organizador_Items_fnc_refreshHeaderStatusUI,ServoPeregrino_Organizador_Items_fnc_getUITargetLabel
ServoPeregrino_Organizador_Items_fnc_refreshHeaderUI,ServoPeregrino_Organizador_Items_fnc_formatUIMass
ServoPeregrino_Organizador_Items_fnc_refreshInterface,ServoPeregrino_Organizador_Items_fnc_buildUIViewModel
ServoPeregrino_Organizador_Items_fnc_refreshInterface,ServoPeregrino_Organizador_Items_fnc_commitDraftQuantityFromControl
ServoPeregrino_Organizador_Items_fnc_refreshInterface,ServoPeregrino_Organizador_Items_fnc_createItemEntry
ServoPeregrino_Organizador_Items_fnc_refreshInterface,ServoPeregrino_Organizador_Items_fnc_escapeStructuredText
ServoPeregrino_Organizador_Items_fnc_refreshInterface,ServoPeregrino_Organizador_Items_fnc_formatUIMass
ServoPeregrino_Organizador_Items_fnc_refreshInterface,ServoPeregrino_Organizador_Items_fnc_getResponsiveCatalogLabels
ServoPeregrino_Organizador_Items_fnc_refreshInterface,ServoPeregrino_Organizador_Items_fnc_getUIFeedbackPalette
ServoPeregrino_Organizador_Items_fnc_refreshInterface,ServoPeregrino_Organizador_Items_fnc_getUIState
ServoPeregrino_Organizador_Items_fnc_refreshInterface,ServoPeregrino_Organizador_Items_fnc_getUITargetLabel
ServoPeregrino_Organizador_Items_fnc_refreshInterface,ServoPeregrino_Organizador_Items_fnc_handleDraftQuantityKeyDown
ServoPeregrino_Organizador_Items_fnc_refreshInterface,ServoPeregrino_Organizador_Items_fnc_handleDraftRowAction
ServoPeregrino_Organizador_Items_fnc_refreshInterface,ServoPeregrino_Organizador_Items_fnc_handleUIDragEvent
ServoPeregrino_Organizador_Items_fnc_refreshInterface,ServoPeregrino_Organizador_Items_fnc_presentLogicalMutationResult
ServoPeregrino_Organizador_Items_fnc_refreshInterface,ServoPeregrino_Organizador_Items_fnc_refreshDraftMutationUI
ServoPeregrino_Organizador_Items_fnc_refreshInterface,ServoPeregrino_Organizador_Items_fnc_refreshHeaderStatusUI
ServoPeregrino_Organizador_Items_fnc_refreshInterface,ServoPeregrino_Organizador_Items_fnc_refreshHeaderUI
ServoPeregrino_Organizador_Items_fnc_refreshInterface,ServoPeregrino_Organizador_Items_fnc_renderCatalogRowsUI
ServoPeregrino_Organizador_Items_fnc_refreshInterface,ServoPeregrino_Organizador_Items_fnc_renderEquipmentRowsUI
ServoPeregrino_Organizador_Items_fnc_refreshInterface,ServoPeregrino_Organizador_Items_fnc_updateUIItemTooltip
ServoPeregrino_Organizador_Items_fnc_refreshKitSwitchUI,ServoPeregrino_Organizador_Items_fnc_createUIState
ServoPeregrino_Organizador_Items_fnc_refreshKitSwitchUI,ServoPeregrino_Organizador_Items_fnc_refreshDraftMutationUI
ServoPeregrino_Organizador_Items_fnc_refreshKitSwitchUI,ServoPeregrino_Organizador_Items_fnc_refreshPhysicalTargetUI
ServoPeregrino_Organizador_Items_fnc_refreshPhysicalMutationUI,ServoPeregrino_Organizador_Items_fnc_capturePlayerContainer
ServoPeregrino_Organizador_Items_fnc_refreshPhysicalMutationUI,ServoPeregrino_Organizador_Items_fnc_createUIState
ServoPeregrino_Organizador_Items_fnc_refreshPhysicalMutationUI,ServoPeregrino_Organizador_Items_fnc_escapeStructuredText
ServoPeregrino_Organizador_Items_fnc_refreshPhysicalMutationUI,ServoPeregrino_Organizador_Items_fnc_formatUIMass
ServoPeregrino_Organizador_Items_fnc_refreshPhysicalMutationUI,ServoPeregrino_Organizador_Items_fnc_getDraftState
ServoPeregrino_Organizador_Items_fnc_refreshPhysicalMutationUI,ServoPeregrino_Organizador_Items_fnc_getUIEntryAwareness
ServoPeregrino_Organizador_Items_fnc_refreshPhysicalMutationUI,ServoPeregrino_Organizador_Items_fnc_getUIFeedbackPalette
ServoPeregrino_Organizador_Items_fnc_refreshPhysicalMutationUI,ServoPeregrino_Organizador_Items_fnc_getUIPhysicalReadiness
ServoPeregrino_Organizador_Items_fnc_refreshPhysicalMutationUI,ServoPeregrino_Organizador_Items_fnc_getUITargetLabel
ServoPeregrino_Organizador_Items_fnc_refreshPhysicalMutationUI,ServoPeregrino_Organizador_Items_fnc_refreshHeaderStatusUI
ServoPeregrino_Organizador_Items_fnc_refreshPhysicalMutationUI,ServoPeregrino_Organizador_Items_fnc_refreshHeaderUI
ServoPeregrino_Organizador_Items_fnc_refreshPhysicalMutationUI,ServoPeregrino_Organizador_Items_fnc_renderEquipmentRowsUI
ServoPeregrino_Organizador_Items_fnc_refreshPhysicalMutationUI,ServoPeregrino_Organizador_Items_fnc_resolveUIItemMetadata
ServoPeregrino_Organizador_Items_fnc_refreshPhysicalTargetUI,ServoPeregrino_Organizador_Items_fnc_createUIState
ServoPeregrino_Organizador_Items_fnc_refreshPhysicalTargetUI,ServoPeregrino_Organizador_Items_fnc_escapeStructuredText
ServoPeregrino_Organizador_Items_fnc_refreshPhysicalTargetUI,ServoPeregrino_Organizador_Items_fnc_formatUIMass
ServoPeregrino_Organizador_Items_fnc_refreshPhysicalTargetUI,ServoPeregrino_Organizador_Items_fnc_getUIFeedbackPalette
ServoPeregrino_Organizador_Items_fnc_refreshPhysicalTargetUI,ServoPeregrino_Organizador_Items_fnc_getUIPhysicalReadiness
ServoPeregrino_Organizador_Items_fnc_refreshPhysicalTargetUI,ServoPeregrino_Organizador_Items_fnc_getUITargetLabel
ServoPeregrino_Organizador_Items_fnc_refreshPhysicalTargetUI,ServoPeregrino_Organizador_Items_fnc_refreshHeaderStatusUI
ServoPeregrino_Organizador_Items_fnc_refreshPhysicalTargetUI,ServoPeregrino_Organizador_Items_fnc_refreshHeaderUI
ServoPeregrino_Organizador_Items_fnc_releaseApplicationLock,ServoPeregrino_Organizador_Nexus_fnc_createResult
ServoPeregrino_Organizador_Items_fnc_removeDraftEntry,ServoPeregrino_Organizador_Items_fnc_deepCopy
ServoPeregrino_Organizador_Items_fnc_removeDraftEntry,ServoPeregrino_Organizador_Nexus_fnc_createResult
ServoPeregrino_Organizador_Items_fnc_renameItemKit,ServoPeregrino_Organizador_Items_fnc_deepCopy
ServoPeregrino_Organizador_Items_fnc_renameItemKit,ServoPeregrino_Organizador_Items_fnc_validateItemKitSemantic
ServoPeregrino_Organizador_Items_fnc_renameItemKit,ServoPeregrino_Organizador_Nexus_fnc_createResult
ServoPeregrino_Organizador_Items_fnc_renderCatalogRowsUI,ServoPeregrino_Organizador_Items_fnc_formatUIMass
ServoPeregrino_Organizador_Items_fnc_renderCatalogRowsUI,ServoPeregrino_Organizador_Items_fnc_handleUIEvent
ServoPeregrino_Organizador_Items_fnc_renderCatalogRowsUI,ServoPeregrino_Organizador_Items_fnc_updateUIItemTooltip
ServoPeregrino_Organizador_Items_fnc_renderEquipmentRowsUI,ServoPeregrino_Organizador_Items_fnc_captureEquipmentRowToDraft
ServoPeregrino_Organizador_Items_fnc_renderEquipmentRowsUI,ServoPeregrino_Organizador_Items_fnc_commitEquipmentQuantityFromControl
ServoPeregrino_Organizador_Items_fnc_renderEquipmentRowsUI,ServoPeregrino_Organizador_Items_fnc_formatUIMass
ServoPeregrino_Organizador_Items_fnc_renderEquipmentRowsUI,ServoPeregrino_Organizador_Items_fnc_getUITargetLabel
ServoPeregrino_Organizador_Items_fnc_renderEquipmentRowsUI,ServoPeregrino_Organizador_Items_fnc_handleEquipmentQuantityKeyDown
ServoPeregrino_Organizador_Items_fnc_renderEquipmentRowsUI,ServoPeregrino_Organizador_Items_fnc_requestEquipmentRowAction
ServoPeregrino_Organizador_Items_fnc_renderEquipmentRowsUI,ServoPeregrino_Organizador_Items_fnc_updateUIItemTooltip
ServoPeregrino_Organizador_Items_fnc_requestDraftTransition,ServoPeregrino_Organizador_Items_fnc_createNewDraft
ServoPeregrino_Organizador_Items_fnc_requestDraftTransition,ServoPeregrino_Organizador_Items_fnc_discardDraft
ServoPeregrino_Organizador_Items_fnc_requestDraftTransition,ServoPeregrino_Organizador_Items_fnc_getDraftState
ServoPeregrino_Organizador_Items_fnc_requestDraftTransition,ServoPeregrino_Organizador_Items_fnc_loadDraftFromKit
ServoPeregrino_Organizador_Items_fnc_requestDraftTransition,ServoPeregrino_Organizador_Items_fnc_pushUIFeedback
ServoPeregrino_Organizador_Items_fnc_requestDraftTransition,ServoPeregrino_Organizador_Items_fnc_refreshInterface
ServoPeregrino_Organizador_Items_fnc_requestDraftTransition,ServoPeregrino_Organizador_Items_fnc_refreshKitSwitchUI
ServoPeregrino_Organizador_Items_fnc_requestDraftTransition,ServoPeregrino_Organizador_Items_fnc_requestDraftTransition
ServoPeregrino_Organizador_Items_fnc_requestDraftTransition,ServoPeregrino_Organizador_Nexus_fnc_createResult
ServoPeregrino_Organizador_Items_fnc_requestEquipmentRowAction,ServoPeregrino_Organizador_Items_fnc_executeEquipmentRowAction
ServoPeregrino_Organizador_Items_fnc_requestEquipmentRowAction,ServoPeregrino_Organizador_Items_fnc_pushUIFeedback
ServoPeregrino_Organizador_Items_fnc_requestEquipmentRowAction,ServoPeregrino_Organizador_Items_fnc_refreshEquipmentSelectionControls
ServoPeregrino_Organizador_Items_fnc_requestPublicKitPublish,ServoPeregrino_Organizador_Items_fnc_deepCopy
ServoPeregrino_Organizador_Items_fnc_requestPublicKitPublish,ServoPeregrino_Organizador_Items_fnc_serverHandlePublicLibraryRequest
ServoPeregrino_Organizador_Items_fnc_requestPublicKitPublish,ServoPeregrino_Organizador_Items_fnc_validateItemKitSemantic
ServoPeregrino_Organizador_Items_fnc_requestPublicKitPublish,ServoPeregrino_Organizador_Nexus_fnc_createResult
ServoPeregrino_Organizador_Items_fnc_resetRuntimeForTests,ServoPeregrino_Organizador_Nexus_fnc_hasCapability
ServoPeregrino_Organizador_Items_fnc_resetRuntimeForTests,ServoPeregrino_Organizador_Nexus_fnc_unregisterCapability
ServoPeregrino_Organizador_Items_fnc_resolveApplicationTarget,ServoPeregrino_Organizador_Items_fnc_chooseApplicationTarget
ServoPeregrino_Organizador_Items_fnc_resolveApplicationTarget,ServoPeregrino_Organizador_Items_fnc_resolvePlayerContainer
ServoPeregrino_Organizador_Items_fnc_resolveApplicationTarget,ServoPeregrino_Organizador_Nexus_fnc_createResult
ServoPeregrino_Organizador_Items_fnc_resolveCatalogItem,ServoPeregrino_Organizador_Items_fnc_copyCatalogItem
ServoPeregrino_Organizador_Items_fnc_resolveCatalogItem,ServoPeregrino_Organizador_Items_fnc_createCatalogItemFromConfig
ServoPeregrino_Organizador_Items_fnc_resolveCatalogItem,ServoPeregrino_Organizador_Nexus_fnc_createResult
ServoPeregrino_Organizador_Items_fnc_resolvePlayerContainer,ServoPeregrino_Organizador_Nexus_fnc_createResult
ServoPeregrino_Organizador_Items_fnc_resolveUIItemMetadata,ServoPeregrino_Organizador_Items_fnc_deepCopy
ServoPeregrino_Organizador_Items_fnc_resolveUIItemMetadata,ServoPeregrino_Organizador_Items_fnc_resolveCatalogItem
ServoPeregrino_Organizador_Items_fnc_restoreContainerSnapshot,ServoPeregrino_Organizador_Items_fnc_captureContainerContent
ServoPeregrino_Organizador_Items_fnc_restoreContainerSnapshot,ServoPeregrino_Organizador_Items_fnc_getMutableContentFingerprint
ServoPeregrino_Organizador_Items_fnc_restoreContainerSnapshot,ServoPeregrino_Organizador_Nexus_fnc_createResult
ServoPeregrino_Organizador_Items_fnc_restoreProductionRepositorySnapshot,ServoPeregrino_Organizador_Items_fnc_deepCopy
ServoPeregrino_Organizador_Items_fnc_restoreProductionRepositorySnapshot,ServoPeregrino_Organizador_Items_fnc_loadStorage
ServoPeregrino_Organizador_Items_fnc_rollbackApplication,ServoPeregrino_Organizador_Items_fnc_restoreContainerSnapshot
ServoPeregrino_Organizador_Items_fnc_rollbackApplication,ServoPeregrino_Organizador_Nexus_fnc_createResult
ServoPeregrino_Organizador_Items_fnc_runDelivery0_10CheckpointATests,ServoPeregrino_Organizador_Items_fnc_getApplicationStatus
ServoPeregrino_Organizador_Items_fnc_runDelivery0_10CheckpointATests,ServoPeregrino_Organizador_Items_fnc_getBuildInfo
ServoPeregrino_Organizador_Items_fnc_runDelivery0_10CheckpointATests,ServoPeregrino_Organizador_Items_fnc_getDelivery0_10TestContract
ServoPeregrino_Organizador_Items_fnc_runDelivery0_10CheckpointATests,ServoPeregrino_Organizador_Items_fnc_getUIState
ServoPeregrino_Organizador_Items_fnc_runDelivery0_10CheckpointATests,ServoPeregrino_Organizador_Items_fnc_runDelivery0_9_3Tests
ServoPeregrino_Organizador_Items_fnc_runDelivery0_10CheckpointBTests,ServoPeregrino_Organizador_Items_fnc_acquireApplicationLock
ServoPeregrino_Organizador_Items_fnc_runDelivery0_10CheckpointBTests,ServoPeregrino_Organizador_Items_fnc_captureContainerContent
ServoPeregrino_Organizador_Items_fnc_runDelivery0_10CheckpointBTests,ServoPeregrino_Organizador_Items_fnc_chooseApplicationTarget
ServoPeregrino_Organizador_Items_fnc_runDelivery0_10CheckpointBTests,ServoPeregrino_Organizador_Items_fnc_configureRepositoryTestMode
ServoPeregrino_Organizador_Items_fnc_runDelivery0_10CheckpointBTests,ServoPeregrino_Organizador_Items_fnc_createClearApplicationPlan
ServoPeregrino_Organizador_Items_fnc_runDelivery0_10CheckpointBTests,ServoPeregrino_Organizador_Items_fnc_createItemEntry
ServoPeregrino_Organizador_Items_fnc_runDelivery0_10CheckpointBTests,ServoPeregrino_Organizador_Items_fnc_createItemKit
ServoPeregrino_Organizador_Items_fnc_runDelivery0_10CheckpointBTests,ServoPeregrino_Organizador_Items_fnc_createNewDraft
ServoPeregrino_Organizador_Items_fnc_runDelivery0_10CheckpointBTests,ServoPeregrino_Organizador_Items_fnc_createReplaceApplicationPlan
ServoPeregrino_Organizador_Items_fnc_runDelivery0_10CheckpointBTests,ServoPeregrino_Organizador_Items_fnc_createWholeKitApplicationPlan
ServoPeregrino_Organizador_Items_fnc_runDelivery0_10CheckpointBTests,ServoPeregrino_Organizador_Items_fnc_deepCopy
ServoPeregrino_Organizador_Items_fnc_runDelivery0_10CheckpointBTests,ServoPeregrino_Organizador_Items_fnc_executeApplicationPlan
ServoPeregrino_Organizador_Items_fnc_runDelivery0_10CheckpointBTests,ServoPeregrino_Organizador_Items_fnc_executeDraftApplication
ServoPeregrino_Organizador_Items_fnc_runDelivery0_10CheckpointBTests,ServoPeregrino_Organizador_Items_fnc_executeSavedKitApplication
ServoPeregrino_Organizador_Items_fnc_runDelivery0_10CheckpointBTests,ServoPeregrino_Organizador_Items_fnc_getDraftState
ServoPeregrino_Organizador_Items_fnc_runDelivery0_10CheckpointBTests,ServoPeregrino_Organizador_Items_fnc_getEntryUnitMass
ServoPeregrino_Organizador_Items_fnc_runDelivery0_10CheckpointBTests,ServoPeregrino_Organizador_Items_fnc_getKit
ServoPeregrino_Organizador_Items_fnc_runDelivery0_10CheckpointBTests,ServoPeregrino_Organizador_Items_fnc_getMutableContentFingerprint
ServoPeregrino_Organizador_Items_fnc_runDelivery0_10CheckpointBTests,ServoPeregrino_Organizador_Items_fnc_incrementDraftEntry
ServoPeregrino_Organizador_Items_fnc_runDelivery0_10CheckpointBTests,ServoPeregrino_Organizador_Items_fnc_loadDraftFromKit
ServoPeregrino_Organizador_Items_fnc_runDelivery0_10CheckpointBTests,ServoPeregrino_Organizador_Items_fnc_releaseApplicationLock
ServoPeregrino_Organizador_Items_fnc_runDelivery0_10CheckpointBTests,ServoPeregrino_Organizador_Items_fnc_runDelivery0_9_3Tests
ServoPeregrino_Organizador_Items_fnc_runDelivery0_10CheckpointBTests,ServoPeregrino_Organizador_Items_fnc_saveKit
ServoPeregrino_Organizador_Items_fnc_runDelivery0_10CheckpointBTests,ServoPeregrino_Organizador_Nexus_fnc_createResult
ServoPeregrino_Organizador_Items_fnc_runDelivery0_10CheckpointCTests,ServoPeregrino_Organizador_Items_fnc_cancelUIDrag
ServoPeregrino_Organizador_Items_fnc_runDelivery0_10CheckpointCTests,ServoPeregrino_Organizador_Items_fnc_captureContainerContent
ServoPeregrino_Organizador_Items_fnc_runDelivery0_10CheckpointCTests,ServoPeregrino_Organizador_Items_fnc_configureRepositoryTestMode
ServoPeregrino_Organizador_Items_fnc_runDelivery0_10CheckpointCTests,ServoPeregrino_Organizador_Items_fnc_createItemEntry
ServoPeregrino_Organizador_Items_fnc_runDelivery0_10CheckpointCTests,ServoPeregrino_Organizador_Items_fnc_createItemKit
ServoPeregrino_Organizador_Items_fnc_runDelivery0_10CheckpointCTests,ServoPeregrino_Organizador_Items_fnc_createNewDraft
ServoPeregrino_Organizador_Items_fnc_runDelivery0_10CheckpointCTests,ServoPeregrino_Organizador_Items_fnc_createUIDragSnapshot
ServoPeregrino_Organizador_Items_fnc_runDelivery0_10CheckpointCTests,ServoPeregrino_Organizador_Items_fnc_createUIPhysicalRowCommand
ServoPeregrino_Organizador_Items_fnc_runDelivery0_10CheckpointCTests,ServoPeregrino_Organizador_Items_fnc_deepCopy
ServoPeregrino_Organizador_Items_fnc_runDelivery0_10CheckpointCTests,ServoPeregrino_Organizador_Items_fnc_executeUITransferCommand
ServoPeregrino_Organizador_Items_fnc_runDelivery0_10CheckpointCTests,ServoPeregrino_Organizador_Items_fnc_getDraftState
ServoPeregrino_Organizador_Items_fnc_runDelivery0_10CheckpointCTests,ServoPeregrino_Organizador_Items_fnc_getKit
ServoPeregrino_Organizador_Items_fnc_runDelivery0_10CheckpointCTests,ServoPeregrino_Organizador_Items_fnc_getMutableContentFingerprint
ServoPeregrino_Organizador_Items_fnc_runDelivery0_10CheckpointCTests,ServoPeregrino_Organizador_Items_fnc_getUIPhysicalReadiness
ServoPeregrino_Organizador_Items_fnc_runDelivery0_10CheckpointCTests,ServoPeregrino_Organizador_Items_fnc_runDelivery0_10CheckpointBTests
ServoPeregrino_Organizador_Items_fnc_runDelivery0_10CheckpointCTests,ServoPeregrino_Organizador_Items_fnc_saveKit
ServoPeregrino_Organizador_Items_fnc_runDelivery0_10CheckpointCTests,ServoPeregrino_Organizador_Nexus_fnc_createResult
ServoPeregrino_Organizador_Items_fnc_runDelivery0_10CheckpointDTests,ServoPeregrino_Organizador_Items_fnc_captureContainerContent
ServoPeregrino_Organizador_Items_fnc_runDelivery0_10CheckpointDTests,ServoPeregrino_Organizador_Items_fnc_configureRepositoryTestMode
ServoPeregrino_Organizador_Items_fnc_runDelivery0_10CheckpointDTests,ServoPeregrino_Organizador_Items_fnc_createItemEntry
ServoPeregrino_Organizador_Items_fnc_runDelivery0_10CheckpointDTests,ServoPeregrino_Organizador_Items_fnc_createItemKit
ServoPeregrino_Organizador_Items_fnc_runDelivery0_10CheckpointDTests,ServoPeregrino_Organizador_Items_fnc_createNewDraft
ServoPeregrino_Organizador_Items_fnc_runDelivery0_10CheckpointDTests,ServoPeregrino_Organizador_Items_fnc_createUIState
ServoPeregrino_Organizador_Items_fnc_runDelivery0_10CheckpointDTests,ServoPeregrino_Organizador_Items_fnc_deepCopy
ServoPeregrino_Organizador_Items_fnc_runDelivery0_10CheckpointDTests,ServoPeregrino_Organizador_Items_fnc_executeUITransferCommand
ServoPeregrino_Organizador_Items_fnc_runDelivery0_10CheckpointDTests,ServoPeregrino_Organizador_Items_fnc_getKit
ServoPeregrino_Organizador_Items_fnc_runDelivery0_10CheckpointDTests,ServoPeregrino_Organizador_Items_fnc_getMutableContentFingerprint
ServoPeregrino_Organizador_Items_fnc_runDelivery0_10CheckpointDTests,ServoPeregrino_Organizador_Items_fnc_handleUIEvent
ServoPeregrino_Organizador_Items_fnc_runDelivery0_10CheckpointDTests,ServoPeregrino_Organizador_Items_fnc_openInterface
ServoPeregrino_Organizador_Items_fnc_runDelivery0_10CheckpointDTests,ServoPeregrino_Organizador_Items_fnc_prepareCumulativeTestRun
ServoPeregrino_Organizador_Items_fnc_runDelivery0_10CheckpointDTests,ServoPeregrino_Organizador_Items_fnc_refreshInterface
ServoPeregrino_Organizador_Items_fnc_runDelivery0_10CheckpointDTests,ServoPeregrino_Organizador_Items_fnc_refreshPhysicalMutationUI
ServoPeregrino_Organizador_Items_fnc_runDelivery0_10CheckpointDTests,ServoPeregrino_Organizador_Items_fnc_runDelivery0_10CheckpointCTests
ServoPeregrino_Organizador_Items_fnc_runDelivery0_10CheckpointDTests,ServoPeregrino_Organizador_Items_fnc_saveKit
ServoPeregrino_Organizador_Items_fnc_runDelivery0_10CheckpointDTests,ServoPeregrino_Organizador_Nexus_fnc_createResult
ServoPeregrino_Organizador_Items_fnc_runDelivery0_10_0_7HotfixTests,ServoPeregrino_Organizador_Items_fnc_captureContainerContent
ServoPeregrino_Organizador_Items_fnc_runDelivery0_10_0_7HotfixTests,ServoPeregrino_Organizador_Items_fnc_createItemEntry
ServoPeregrino_Organizador_Items_fnc_runDelivery0_10_0_7HotfixTests,ServoPeregrino_Organizador_Items_fnc_createNewDraft
ServoPeregrino_Organizador_Items_fnc_runDelivery0_10_0_7HotfixTests,ServoPeregrino_Organizador_Items_fnc_createUIState
ServoPeregrino_Organizador_Items_fnc_runDelivery0_10_0_7HotfixTests,ServoPeregrino_Organizador_Items_fnc_deepCopy
ServoPeregrino_Organizador_Items_fnc_runDelivery0_10_0_7HotfixTests,ServoPeregrino_Organizador_Items_fnc_executeUITransferCommand
ServoPeregrino_Organizador_Items_fnc_runDelivery0_10_0_7HotfixTests,ServoPeregrino_Organizador_Items_fnc_getLoadoutFingerprint
ServoPeregrino_Organizador_Items_fnc_runDelivery0_10_0_7HotfixTests,ServoPeregrino_Organizador_Items_fnc_getMutableContentFingerprint
ServoPeregrino_Organizador_Items_fnc_runDelivery0_10_0_7HotfixTests,ServoPeregrino_Organizador_Items_fnc_handleUIEvent
ServoPeregrino_Organizador_Items_fnc_runDelivery0_10_0_7HotfixTests,ServoPeregrino_Organizador_Items_fnc_mutateContainerEntry
ServoPeregrino_Organizador_Items_fnc_runDelivery0_10_0_7HotfixTests,ServoPeregrino_Organizador_Items_fnc_openInterface
ServoPeregrino_Organizador_Items_fnc_runDelivery0_10_0_7HotfixTests,ServoPeregrino_Organizador_Items_fnc_prepareCumulativeTestRun
ServoPeregrino_Organizador_Items_fnc_runDelivery0_10_0_7HotfixTests,ServoPeregrino_Organizador_Items_fnc_refreshPhysicalTargetUI
ServoPeregrino_Organizador_Items_fnc_runDelivery0_10_0_7HotfixTests,ServoPeregrino_Organizador_Items_fnc_runDelivery0_10CheckpointDTests
ServoPeregrino_Organizador_Items_fnc_runDelivery0_10_0_7HotfixTests,ServoPeregrino_Organizador_Nexus_fnc_createResult
ServoPeregrino_Organizador_Items_fnc_runDelivery0_11CheckpointATests,ServoPeregrino_Organizador_Items_fnc_captureContainerContent
ServoPeregrino_Organizador_Items_fnc_runDelivery0_11CheckpointATests,ServoPeregrino_Organizador_Items_fnc_clearDraftEntries
ServoPeregrino_Organizador_Items_fnc_runDelivery0_11CheckpointATests,ServoPeregrino_Organizador_Items_fnc_createItemEntry
ServoPeregrino_Organizador_Items_fnc_runDelivery0_11CheckpointATests,ServoPeregrino_Organizador_Items_fnc_createNewDraft
ServoPeregrino_Organizador_Items_fnc_runDelivery0_11CheckpointATests,ServoPeregrino_Organizador_Items_fnc_createUIState
ServoPeregrino_Organizador_Items_fnc_runDelivery0_11CheckpointATests,ServoPeregrino_Organizador_Items_fnc_deepCopy
ServoPeregrino_Organizador_Items_fnc_runDelivery0_11CheckpointATests,ServoPeregrino_Organizador_Items_fnc_executeEquipmentClear
ServoPeregrino_Organizador_Items_fnc_runDelivery0_11CheckpointATests,ServoPeregrino_Organizador_Items_fnc_getDraftState
ServoPeregrino_Organizador_Items_fnc_runDelivery0_11CheckpointATests,ServoPeregrino_Organizador_Items_fnc_getMutableContentFingerprint
ServoPeregrino_Organizador_Items_fnc_runDelivery0_11CheckpointATests,ServoPeregrino_Organizador_Items_fnc_getUIFeedbackPalette
ServoPeregrino_Organizador_Items_fnc_runDelivery0_11CheckpointATests,ServoPeregrino_Organizador_Items_fnc_openInterface
ServoPeregrino_Organizador_Items_fnc_runDelivery0_11CheckpointATests,ServoPeregrino_Organizador_Items_fnc_prepareCumulativeTestRun
ServoPeregrino_Organizador_Items_fnc_runDelivery0_11CheckpointATests,ServoPeregrino_Organizador_Items_fnc_pushUIFeedback
ServoPeregrino_Organizador_Items_fnc_runDelivery0_11CheckpointATests,ServoPeregrino_Organizador_Items_fnc_runDelivery0_10_0_7HotfixTests
ServoPeregrino_Organizador_Items_fnc_runDelivery0_11CheckpointATests,ServoPeregrino_Organizador_Nexus_fnc_createResult
ServoPeregrino_Organizador_Items_fnc_runDelivery0_11CheckpointB1Tests,ServoPeregrino_Organizador_Items_fnc_addEntryToDraft
ServoPeregrino_Organizador_Items_fnc_runDelivery0_11CheckpointB1Tests,ServoPeregrino_Organizador_Items_fnc_createItemEntry
ServoPeregrino_Organizador_Items_fnc_runDelivery0_11CheckpointB1Tests,ServoPeregrino_Organizador_Items_fnc_createNewDraft
ServoPeregrino_Organizador_Items_fnc_runDelivery0_11CheckpointB1Tests,ServoPeregrino_Organizador_Items_fnc_createUIState
ServoPeregrino_Organizador_Items_fnc_runDelivery0_11CheckpointB1Tests,ServoPeregrino_Organizador_Items_fnc_deepCopy
ServoPeregrino_Organizador_Items_fnc_runDelivery0_11CheckpointB1Tests,ServoPeregrino_Organizador_Items_fnc_getUIMovementSoundProfile
ServoPeregrino_Organizador_Items_fnc_runDelivery0_11CheckpointB1Tests,ServoPeregrino_Organizador_Items_fnc_handleDraftRowAction
ServoPeregrino_Organizador_Items_fnc_runDelivery0_11CheckpointB1Tests,ServoPeregrino_Organizador_Items_fnc_handleUIEvent
ServoPeregrino_Organizador_Items_fnc_runDelivery0_11CheckpointB1Tests,ServoPeregrino_Organizador_Items_fnc_playUIMovementSound
ServoPeregrino_Organizador_Items_fnc_runDelivery0_11CheckpointB1Tests,ServoPeregrino_Organizador_Items_fnc_prepareCumulativeTestRun
ServoPeregrino_Organizador_Items_fnc_runDelivery0_11CheckpointB1Tests,ServoPeregrino_Organizador_Items_fnc_presentLogicalMutationResult
ServoPeregrino_Organizador_Items_fnc_runDelivery0_11CheckpointB1Tests,ServoPeregrino_Organizador_Items_fnc_presentUIResult
ServoPeregrino_Organizador_Items_fnc_runDelivery0_11CheckpointB1Tests,ServoPeregrino_Organizador_Items_fnc_runDelivery0_11CheckpointBTests
ServoPeregrino_Organizador_Items_fnc_runDelivery0_11CheckpointB1Tests,ServoPeregrino_Organizador_Items_fnc_scanVanillaInventorySounds
ServoPeregrino_Organizador_Items_fnc_runDelivery0_11CheckpointB1Tests,ServoPeregrino_Organizador_Nexus_fnc_createResult
ServoPeregrino_Organizador_Items_fnc_runDelivery0_11CheckpointB2Tests,ServoPeregrino_Organizador_Items_fnc_addEntryToDraft
ServoPeregrino_Organizador_Items_fnc_runDelivery0_11CheckpointB2Tests,ServoPeregrino_Organizador_Items_fnc_createItemEntry
ServoPeregrino_Organizador_Items_fnc_runDelivery0_11CheckpointB2Tests,ServoPeregrino_Organizador_Items_fnc_createNewDraft
ServoPeregrino_Organizador_Items_fnc_runDelivery0_11CheckpointB2Tests,ServoPeregrino_Organizador_Items_fnc_createUIState
ServoPeregrino_Organizador_Items_fnc_runDelivery0_11CheckpointB2Tests,ServoPeregrino_Organizador_Items_fnc_deepCopy
ServoPeregrino_Organizador_Items_fnc_runDelivery0_11CheckpointB2Tests,ServoPeregrino_Organizador_Items_fnc_getUIMovementSoundProfile
ServoPeregrino_Organizador_Items_fnc_runDelivery0_11CheckpointB2Tests,ServoPeregrino_Organizador_Items_fnc_handleDraftRowAction
ServoPeregrino_Organizador_Items_fnc_runDelivery0_11CheckpointB2Tests,ServoPeregrino_Organizador_Items_fnc_handleUIEvent
ServoPeregrino_Organizador_Items_fnc_runDelivery0_11CheckpointB2Tests,ServoPeregrino_Organizador_Items_fnc_playUIMovementSound
ServoPeregrino_Organizador_Items_fnc_runDelivery0_11CheckpointB2Tests,ServoPeregrino_Organizador_Items_fnc_prepareCumulativeTestRun
ServoPeregrino_Organizador_Items_fnc_runDelivery0_11CheckpointB2Tests,ServoPeregrino_Organizador_Items_fnc_presentLogicalMutationResult
ServoPeregrino_Organizador_Items_fnc_runDelivery0_11CheckpointB2Tests,ServoPeregrino_Organizador_Items_fnc_runDelivery0_11CheckpointBTests
ServoPeregrino_Organizador_Items_fnc_runDelivery0_11CheckpointB2Tests,ServoPeregrino_Organizador_Nexus_fnc_createResult
ServoPeregrino_Organizador_Items_fnc_runDelivery0_11CheckpointB3Tests,ServoPeregrino_Organizador_Items_fnc_addEntryToDraft
ServoPeregrino_Organizador_Items_fnc_runDelivery0_11CheckpointB3Tests,ServoPeregrino_Organizador_Items_fnc_captureProductionRepositorySnapshot
ServoPeregrino_Organizador_Items_fnc_runDelivery0_11CheckpointB3Tests,ServoPeregrino_Organizador_Items_fnc_classifyLeakedTestKit
ServoPeregrino_Organizador_Items_fnc_runDelivery0_11CheckpointB3Tests,ServoPeregrino_Organizador_Items_fnc_createItemEntry
ServoPeregrino_Organizador_Items_fnc_runDelivery0_11CheckpointB3Tests,ServoPeregrino_Organizador_Items_fnc_createItemKit
ServoPeregrino_Organizador_Items_fnc_runDelivery0_11CheckpointB3Tests,ServoPeregrino_Organizador_Items_fnc_createNewDraft
ServoPeregrino_Organizador_Items_fnc_runDelivery0_11CheckpointB3Tests,ServoPeregrino_Organizador_Items_fnc_createUIState
ServoPeregrino_Organizador_Items_fnc_runDelivery0_11CheckpointB3Tests,ServoPeregrino_Organizador_Items_fnc_deepCopy
ServoPeregrino_Organizador_Items_fnc_runDelivery0_11CheckpointB3Tests,ServoPeregrino_Organizador_Items_fnc_findLeakedTestKits
ServoPeregrino_Organizador_Items_fnc_runDelivery0_11CheckpointB3Tests,ServoPeregrino_Organizador_Items_fnc_getUIMovementSoundProfile
ServoPeregrino_Organizador_Items_fnc_runDelivery0_11CheckpointB3Tests,ServoPeregrino_Organizador_Items_fnc_handleDraftRowAction
ServoPeregrino_Organizador_Items_fnc_runDelivery0_11CheckpointB3Tests,ServoPeregrino_Organizador_Items_fnc_handleUIEvent
ServoPeregrino_Organizador_Items_fnc_runDelivery0_11CheckpointB3Tests,ServoPeregrino_Organizador_Items_fnc_playUIMovementSound
ServoPeregrino_Organizador_Items_fnc_runDelivery0_11CheckpointB3Tests,ServoPeregrino_Organizador_Items_fnc_prepareCumulativeTestRun
ServoPeregrino_Organizador_Items_fnc_runDelivery0_11CheckpointB3Tests,ServoPeregrino_Organizador_Items_fnc_presentLogicalMutationResult
ServoPeregrino_Organizador_Items_fnc_runDelivery0_11CheckpointB3Tests,ServoPeregrino_Organizador_Items_fnc_restoreProductionRepositorySnapshot
ServoPeregrino_Organizador_Items_fnc_runDelivery0_11CheckpointB3Tests,ServoPeregrino_Organizador_Items_fnc_runDelivery0_11CheckpointBTests
ServoPeregrino_Organizador_Items_fnc_runDelivery0_11CheckpointB3Tests,ServoPeregrino_Organizador_Nexus_fnc_createResult
ServoPeregrino_Organizador_Items_fnc_runDelivery0_11CheckpointB4Tests,ServoPeregrino_Organizador_Items_fnc_captureProductionRepositorySnapshot
ServoPeregrino_Organizador_Items_fnc_runDelivery0_11CheckpointB4Tests,ServoPeregrino_Organizador_Items_fnc_classifyLeakedTestKit
ServoPeregrino_Organizador_Items_fnc_runDelivery0_11CheckpointB4Tests,ServoPeregrino_Organizador_Items_fnc_cleanupLeakedTestKits
ServoPeregrino_Organizador_Items_fnc_runDelivery0_11CheckpointB4Tests,ServoPeregrino_Organizador_Items_fnc_createItemEntry
ServoPeregrino_Organizador_Items_fnc_runDelivery0_11CheckpointB4Tests,ServoPeregrino_Organizador_Items_fnc_createItemKit
ServoPeregrino_Organizador_Items_fnc_runDelivery0_11CheckpointB4Tests,ServoPeregrino_Organizador_Items_fnc_createUIState
ServoPeregrino_Organizador_Items_fnc_runDelivery0_11CheckpointB4Tests,ServoPeregrino_Organizador_Items_fnc_deepCopy
ServoPeregrino_Organizador_Items_fnc_runDelivery0_11CheckpointB4Tests,ServoPeregrino_Organizador_Items_fnc_findLeakedTestKits
ServoPeregrino_Organizador_Items_fnc_runDelivery0_11CheckpointB4Tests,ServoPeregrino_Organizador_Items_fnc_playUIFeedbackSound
ServoPeregrino_Organizador_Items_fnc_runDelivery0_11CheckpointB4Tests,ServoPeregrino_Organizador_Items_fnc_playUIMovementSound
ServoPeregrino_Organizador_Items_fnc_runDelivery0_11CheckpointB4Tests,ServoPeregrino_Organizador_Items_fnc_prepareCumulativeTestRun
ServoPeregrino_Organizador_Items_fnc_runDelivery0_11CheckpointB4Tests,ServoPeregrino_Organizador_Items_fnc_restoreProductionRepositorySnapshot
ServoPeregrino_Organizador_Items_fnc_runDelivery0_11CheckpointB4Tests,ServoPeregrino_Organizador_Items_fnc_runDelivery0_11CheckpointBTests
ServoPeregrino_Organizador_Items_fnc_runDelivery0_11CheckpointB4Tests,ServoPeregrino_Organizador_Nexus_fnc_createResult
ServoPeregrino_Organizador_Items_fnc_runDelivery0_11CheckpointB5Tests,ServoPeregrino_Organizador_Items_fnc_addCatalogItemToDraft
ServoPeregrino_Organizador_Items_fnc_runDelivery0_11CheckpointB5Tests,ServoPeregrino_Organizador_Items_fnc_captureProductionRepositorySnapshot
ServoPeregrino_Organizador_Items_fnc_runDelivery0_11CheckpointB5Tests,ServoPeregrino_Organizador_Items_fnc_classifyLeakedTestKit
ServoPeregrino_Organizador_Items_fnc_runDelivery0_11CheckpointB5Tests,ServoPeregrino_Organizador_Items_fnc_createItemEntry
ServoPeregrino_Organizador_Items_fnc_runDelivery0_11CheckpointB5Tests,ServoPeregrino_Organizador_Items_fnc_createItemKit
ServoPeregrino_Organizador_Items_fnc_runDelivery0_11CheckpointB5Tests,ServoPeregrino_Organizador_Items_fnc_createNewDraft
ServoPeregrino_Organizador_Items_fnc_runDelivery0_11CheckpointB5Tests,ServoPeregrino_Organizador_Items_fnc_createUIState
ServoPeregrino_Organizador_Items_fnc_runDelivery0_11CheckpointB5Tests,ServoPeregrino_Organizador_Items_fnc_deepCopy
ServoPeregrino_Organizador_Items_fnc_runDelivery0_11CheckpointB5Tests,ServoPeregrino_Organizador_Items_fnc_findLeakedTestKits
ServoPeregrino_Organizador_Items_fnc_runDelivery0_11CheckpointB5Tests,ServoPeregrino_Organizador_Items_fnc_getUIMovementSoundProfile
ServoPeregrino_Organizador_Items_fnc_runDelivery0_11CheckpointB5Tests,ServoPeregrino_Organizador_Items_fnc_playUIMovementSound
ServoPeregrino_Organizador_Items_fnc_runDelivery0_11CheckpointB5Tests,ServoPeregrino_Organizador_Items_fnc_prepareCumulativeTestRun
ServoPeregrino_Organizador_Items_fnc_runDelivery0_11CheckpointB5Tests,ServoPeregrino_Organizador_Items_fnc_presentLogicalMutationResult
ServoPeregrino_Organizador_Items_fnc_runDelivery0_11CheckpointB5Tests,ServoPeregrino_Organizador_Items_fnc_refreshDraftMutationUI
ServoPeregrino_Organizador_Items_fnc_runDelivery0_11CheckpointB5Tests,ServoPeregrino_Organizador_Items_fnc_restoreProductionRepositorySnapshot
ServoPeregrino_Organizador_Items_fnc_runDelivery0_11CheckpointB5Tests,ServoPeregrino_Organizador_Items_fnc_runDelivery0_11CheckpointBTests
ServoPeregrino_Organizador_Items_fnc_runDelivery0_11CheckpointB5Tests,ServoPeregrino_Organizador_Nexus_fnc_createResult
ServoPeregrino_Organizador_Items_fnc_runDelivery0_11CheckpointB61Tests,ServoPeregrino_Organizador_Items_fnc_captureProductionRepositorySnapshot
ServoPeregrino_Organizador_Items_fnc_runDelivery0_11CheckpointB61Tests,ServoPeregrino_Organizador_Items_fnc_createUIState
ServoPeregrino_Organizador_Items_fnc_runDelivery0_11CheckpointB61Tests,ServoPeregrino_Organizador_Items_fnc_deepCopy
ServoPeregrino_Organizador_Items_fnc_runDelivery0_11CheckpointB61Tests,ServoPeregrino_Organizador_Items_fnc_getCatalog
ServoPeregrino_Organizador_Items_fnc_runDelivery0_11CheckpointB61Tests,ServoPeregrino_Organizador_Items_fnc_getCatalogStatus
ServoPeregrino_Organizador_Items_fnc_runDelivery0_11CheckpointB61Tests,ServoPeregrino_Organizador_Items_fnc_getUICatalogWindow
ServoPeregrino_Organizador_Items_fnc_runDelivery0_11CheckpointB61Tests,ServoPeregrino_Organizador_Items_fnc_handleUIEvent
ServoPeregrino_Organizador_Items_fnc_runDelivery0_11CheckpointB61Tests,ServoPeregrino_Organizador_Items_fnc_prepareCumulativeTestRun
ServoPeregrino_Organizador_Items_fnc_runDelivery0_11CheckpointB61Tests,ServoPeregrino_Organizador_Items_fnc_refreshCatalogWindowUI
ServoPeregrino_Organizador_Items_fnc_runDelivery0_11CheckpointB61Tests,ServoPeregrino_Organizador_Items_fnc_refreshEquipmentViewUI
ServoPeregrino_Organizador_Items_fnc_runDelivery0_11CheckpointB61Tests,ServoPeregrino_Organizador_Items_fnc_restoreProductionRepositorySnapshot
ServoPeregrino_Organizador_Items_fnc_runDelivery0_11CheckpointB61Tests,ServoPeregrino_Organizador_Items_fnc_runDelivery0_11CheckpointB5Tests
ServoPeregrino_Organizador_Items_fnc_runDelivery0_11CheckpointB61Tests,ServoPeregrino_Organizador_Nexus_fnc_createResult
ServoPeregrino_Organizador_Items_fnc_runDelivery0_11CheckpointB6Tests,ServoPeregrino_Organizador_Items_fnc_captureProductionRepositorySnapshot
ServoPeregrino_Organizador_Items_fnc_runDelivery0_11CheckpointB6Tests,ServoPeregrino_Organizador_Items_fnc_createUIState
ServoPeregrino_Organizador_Items_fnc_runDelivery0_11CheckpointB6Tests,ServoPeregrino_Organizador_Items_fnc_deepCopy
ServoPeregrino_Organizador_Items_fnc_runDelivery0_11CheckpointB6Tests,ServoPeregrino_Organizador_Items_fnc_getUICatalogWindow
ServoPeregrino_Organizador_Items_fnc_runDelivery0_11CheckpointB6Tests,ServoPeregrino_Organizador_Items_fnc_handleUIEvent
ServoPeregrino_Organizador_Items_fnc_runDelivery0_11CheckpointB6Tests,ServoPeregrino_Organizador_Items_fnc_prepareCumulativeTestRun
ServoPeregrino_Organizador_Items_fnc_runDelivery0_11CheckpointB6Tests,ServoPeregrino_Organizador_Items_fnc_refreshCatalogWindowUI
ServoPeregrino_Organizador_Items_fnc_runDelivery0_11CheckpointB6Tests,ServoPeregrino_Organizador_Items_fnc_refreshEquipmentViewUI
ServoPeregrino_Organizador_Items_fnc_runDelivery0_11CheckpointB6Tests,ServoPeregrino_Organizador_Items_fnc_restoreProductionRepositorySnapshot
ServoPeregrino_Organizador_Items_fnc_runDelivery0_11CheckpointB6Tests,ServoPeregrino_Organizador_Items_fnc_runDelivery0_11CheckpointB5Tests
ServoPeregrino_Organizador_Items_fnc_runDelivery0_11CheckpointB6Tests,ServoPeregrino_Organizador_Nexus_fnc_createResult
ServoPeregrino_Organizador_Items_fnc_runDelivery0_11CheckpointB7Tests,ServoPeregrino_Organizador_Items_fnc_captureProductionRepositorySnapshot
ServoPeregrino_Organizador_Items_fnc_runDelivery0_11CheckpointB7Tests,ServoPeregrino_Organizador_Items_fnc_configureRepositoryTestMode
ServoPeregrino_Organizador_Items_fnc_runDelivery0_11CheckpointB7Tests,ServoPeregrino_Organizador_Items_fnc_createItemEntry
ServoPeregrino_Organizador_Items_fnc_runDelivery0_11CheckpointB7Tests,ServoPeregrino_Organizador_Items_fnc_createItemKit
ServoPeregrino_Organizador_Items_fnc_runDelivery0_11CheckpointB7Tests,ServoPeregrino_Organizador_Items_fnc_createUIState
ServoPeregrino_Organizador_Items_fnc_runDelivery0_11CheckpointB7Tests,ServoPeregrino_Organizador_Items_fnc_getDraftState
ServoPeregrino_Organizador_Items_fnc_runDelivery0_11CheckpointB7Tests,ServoPeregrino_Organizador_Items_fnc_getLoadoutFingerprint
ServoPeregrino_Organizador_Items_fnc_runDelivery0_11CheckpointB7Tests,ServoPeregrino_Organizador_Items_fnc_loadDraftFromKit
ServoPeregrino_Organizador_Items_fnc_runDelivery0_11CheckpointB7Tests,ServoPeregrino_Organizador_Items_fnc_prepareCumulativeTestRun
ServoPeregrino_Organizador_Items_fnc_runDelivery0_11CheckpointB7Tests,ServoPeregrino_Organizador_Items_fnc_requestDraftTransition
ServoPeregrino_Organizador_Items_fnc_runDelivery0_11CheckpointB7Tests,ServoPeregrino_Organizador_Items_fnc_restoreProductionRepositorySnapshot
ServoPeregrino_Organizador_Items_fnc_runDelivery0_11CheckpointB7Tests,ServoPeregrino_Organizador_Items_fnc_runDelivery0_11CheckpointB61Tests
ServoPeregrino_Organizador_Items_fnc_runDelivery0_11CheckpointB7Tests,ServoPeregrino_Organizador_Items_fnc_saveKit
ServoPeregrino_Organizador_Items_fnc_runDelivery0_11CheckpointB7Tests,ServoPeregrino_Organizador_Nexus_fnc_createResult
ServoPeregrino_Organizador_Items_fnc_runDelivery0_11CheckpointBTests,ServoPeregrino_Organizador_Items_fnc_classifyUIOutcome
ServoPeregrino_Organizador_Items_fnc_runDelivery0_11CheckpointBTests,ServoPeregrino_Organizador_Items_fnc_createUIState
ServoPeregrino_Organizador_Items_fnc_runDelivery0_11CheckpointBTests,ServoPeregrino_Organizador_Items_fnc_deepCopy
ServoPeregrino_Organizador_Items_fnc_runDelivery0_11CheckpointBTests,ServoPeregrino_Organizador_Items_fnc_handleUIEvent
ServoPeregrino_Organizador_Items_fnc_runDelivery0_11CheckpointBTests,ServoPeregrino_Organizador_Items_fnc_playUIFeedbackSound
ServoPeregrino_Organizador_Items_fnc_runDelivery0_11CheckpointBTests,ServoPeregrino_Organizador_Items_fnc_prepareCumulativeTestRun
ServoPeregrino_Organizador_Items_fnc_runDelivery0_11CheckpointBTests,ServoPeregrino_Organizador_Items_fnc_presentUIResult
ServoPeregrino_Organizador_Items_fnc_runDelivery0_11CheckpointBTests,ServoPeregrino_Organizador_Items_fnc_runDelivery0_11CheckpointATests
ServoPeregrino_Organizador_Items_fnc_runDelivery0_11CheckpointBTests,ServoPeregrino_Organizador_Nexus_fnc_createResult
ServoPeregrino_Organizador_Items_fnc_runDelivery0_11CheckpointCTests,ServoPeregrino_Organizador_Items_fnc_addCatalogItemToDraft
ServoPeregrino_Organizador_Items_fnc_runDelivery0_11CheckpointCTests,ServoPeregrino_Organizador_Items_fnc_addEntryToDraft
ServoPeregrino_Organizador_Items_fnc_runDelivery0_11CheckpointCTests,ServoPeregrino_Organizador_Items_fnc_buildUIViewModel
ServoPeregrino_Organizador_Items_fnc_runDelivery0_11CheckpointCTests,ServoPeregrino_Organizador_Items_fnc_captureProductionRepositorySnapshot
ServoPeregrino_Organizador_Items_fnc_runDelivery0_11CheckpointCTests,ServoPeregrino_Organizador_Items_fnc_configureRepositoryTestMode
ServoPeregrino_Organizador_Items_fnc_runDelivery0_11CheckpointCTests,ServoPeregrino_Organizador_Items_fnc_createItemEntry
ServoPeregrino_Organizador_Items_fnc_runDelivery0_11CheckpointCTests,ServoPeregrino_Organizador_Items_fnc_createNewDraft
ServoPeregrino_Organizador_Items_fnc_runDelivery0_11CheckpointCTests,ServoPeregrino_Organizador_Items_fnc_createUIState
ServoPeregrino_Organizador_Items_fnc_runDelivery0_11CheckpointCTests,ServoPeregrino_Organizador_Items_fnc_getCatalogStatus
ServoPeregrino_Organizador_Items_fnc_runDelivery0_11CheckpointCTests,ServoPeregrino_Organizador_Items_fnc_getContainerCapacityMetrics
ServoPeregrino_Organizador_Items_fnc_runDelivery0_11CheckpointCTests,ServoPeregrino_Organizador_Items_fnc_getLoadoutFingerprint
ServoPeregrino_Organizador_Items_fnc_runDelivery0_11CheckpointCTests,ServoPeregrino_Organizador_Items_fnc_getUIEntryAwareness
ServoPeregrino_Organizador_Items_fnc_runDelivery0_11CheckpointCTests,ServoPeregrino_Organizador_Items_fnc_getUIPhysicalReadiness
ServoPeregrino_Organizador_Items_fnc_runDelivery0_11CheckpointCTests,ServoPeregrino_Organizador_Items_fnc_prepareCumulativeTestRun
ServoPeregrino_Organizador_Items_fnc_runDelivery0_11CheckpointCTests,ServoPeregrino_Organizador_Items_fnc_refreshDraftMutationUI
ServoPeregrino_Organizador_Items_fnc_runDelivery0_11CheckpointCTests,ServoPeregrino_Organizador_Items_fnc_resolveUIItemMetadata
ServoPeregrino_Organizador_Items_fnc_runDelivery0_11CheckpointCTests,ServoPeregrino_Organizador_Items_fnc_restoreProductionRepositorySnapshot
ServoPeregrino_Organizador_Items_fnc_runDelivery0_11CheckpointCTests,ServoPeregrino_Organizador_Items_fnc_runDelivery0_11CheckpointB7Tests
ServoPeregrino_Organizador_Items_fnc_runDelivery0_11CheckpointCTests,ServoPeregrino_Organizador_Nexus_fnc_createResult
ServoPeregrino_Organizador_Items_fnc_runDelivery0_11CheckpointDTests,ServoPeregrino_Organizador_Items_fnc_captureProductionRepositorySnapshot
ServoPeregrino_Organizador_Items_fnc_runDelivery0_11CheckpointDTests,ServoPeregrino_Organizador_Items_fnc_compareLoadoutFingerprints
ServoPeregrino_Organizador_Items_fnc_runDelivery0_11CheckpointDTests,ServoPeregrino_Organizador_Items_fnc_createItemEntry
ServoPeregrino_Organizador_Items_fnc_runDelivery0_11CheckpointDTests,ServoPeregrino_Organizador_Items_fnc_createUIPhysicalRowCommand
ServoPeregrino_Organizador_Items_fnc_runDelivery0_11CheckpointDTests,ServoPeregrino_Organizador_Items_fnc_getLoadoutFingerprint
ServoPeregrino_Organizador_Items_fnc_runDelivery0_11CheckpointDTests,ServoPeregrino_Organizador_Items_fnc_handleUIEvent
ServoPeregrino_Organizador_Items_fnc_runDelivery0_11CheckpointDTests,ServoPeregrino_Organizador_Items_fnc_prepareCumulativeTestRun
ServoPeregrino_Organizador_Items_fnc_runDelivery0_11CheckpointDTests,ServoPeregrino_Organizador_Items_fnc_restoreProductionRepositorySnapshot
ServoPeregrino_Organizador_Items_fnc_runDelivery0_11CheckpointDTests,ServoPeregrino_Organizador_Items_fnc_runDelivery0_11CheckpointCTests
ServoPeregrino_Organizador_Items_fnc_runDelivery0_11CheckpointDTests,ServoPeregrino_Organizador_Nexus_fnc_createResult
ServoPeregrino_Organizador_Items_fnc_runDelivery0_12CheckpointATests,ServoPeregrino_Organizador_Items_fnc_captureProductionRepositorySnapshot
ServoPeregrino_Organizador_Items_fnc_runDelivery0_12CheckpointATests,ServoPeregrino_Organizador_Items_fnc_createItemEntry
ServoPeregrino_Organizador_Items_fnc_runDelivery0_12CheckpointATests,ServoPeregrino_Organizador_Items_fnc_createItemKit
ServoPeregrino_Organizador_Items_fnc_runDelivery0_12CheckpointATests,ServoPeregrino_Organizador_Items_fnc_getLoadoutFingerprint
ServoPeregrino_Organizador_Items_fnc_runDelivery0_12CheckpointATests,ServoPeregrino_Organizador_Items_fnc_getUIItemKitAwareness
ServoPeregrino_Organizador_Items_fnc_runDelivery0_12CheckpointATests,ServoPeregrino_Organizador_Items_fnc_prepareCumulativeTestRun
ServoPeregrino_Organizador_Items_fnc_runDelivery0_12CheckpointATests,ServoPeregrino_Organizador_Items_fnc_restoreProductionRepositorySnapshot
ServoPeregrino_Organizador_Items_fnc_runDelivery0_12CheckpointATests,ServoPeregrino_Organizador_Items_fnc_runDelivery0_11CheckpointDTests
ServoPeregrino_Organizador_Items_fnc_runDelivery0_12CheckpointATests,ServoPeregrino_Organizador_Nexus_fnc_createResult
ServoPeregrino_Organizador_Items_fnc_runDelivery0_12CheckpointBTests,ServoPeregrino_Organizador_Items_fnc_captureProductionRepositorySnapshot
ServoPeregrino_Organizador_Items_fnc_runDelivery0_12CheckpointBTests,ServoPeregrino_Organizador_Items_fnc_getLoadoutFingerprint
ServoPeregrino_Organizador_Items_fnc_runDelivery0_12CheckpointBTests,ServoPeregrino_Organizador_Items_fnc_handleUIEvent
ServoPeregrino_Organizador_Items_fnc_runDelivery0_12CheckpointBTests,ServoPeregrino_Organizador_Items_fnc_prepareCumulativeTestRun
ServoPeregrino_Organizador_Items_fnc_runDelivery0_12CheckpointBTests,ServoPeregrino_Organizador_Items_fnc_restoreProductionRepositorySnapshot
ServoPeregrino_Organizador_Items_fnc_runDelivery0_12CheckpointBTests,ServoPeregrino_Organizador_Items_fnc_runDelivery0_12CheckpointATests
ServoPeregrino_Organizador_Items_fnc_runDelivery0_12CheckpointBTests,ServoPeregrino_Organizador_Nexus_fnc_createResult
ServoPeregrino_Organizador_Items_fnc_runDelivery0_12CheckpointC2Tests,ServoPeregrino_Organizador_Items_fnc_captureProductionRepositorySnapshot
ServoPeregrino_Organizador_Items_fnc_runDelivery0_12CheckpointC2Tests,ServoPeregrino_Organizador_Items_fnc_getLoadoutFingerprint
ServoPeregrino_Organizador_Items_fnc_runDelivery0_12CheckpointC2Tests,ServoPeregrino_Organizador_Items_fnc_handleUIEvent
ServoPeregrino_Organizador_Items_fnc_runDelivery0_12CheckpointC2Tests,ServoPeregrino_Organizador_Items_fnc_prepareCumulativeTestRun
ServoPeregrino_Organizador_Items_fnc_runDelivery0_12CheckpointC2Tests,ServoPeregrino_Organizador_Items_fnc_refreshCatalogWindowUI
ServoPeregrino_Organizador_Items_fnc_runDelivery0_12CheckpointC2Tests,ServoPeregrino_Organizador_Items_fnc_restoreProductionRepositorySnapshot
ServoPeregrino_Organizador_Items_fnc_runDelivery0_12CheckpointC2Tests,ServoPeregrino_Organizador_Items_fnc_runDelivery0_12CheckpointCTests
ServoPeregrino_Organizador_Items_fnc_runDelivery0_12CheckpointC2Tests,ServoPeregrino_Organizador_Nexus_fnc_createResult
ServoPeregrino_Organizador_Items_fnc_runDelivery0_12CheckpointC3Tests,ServoPeregrino_Organizador_Items_fnc_captureProductionRepositorySnapshot
ServoPeregrino_Organizador_Items_fnc_runDelivery0_12CheckpointC3Tests,ServoPeregrino_Organizador_Items_fnc_getLoadoutFingerprint
ServoPeregrino_Organizador_Items_fnc_runDelivery0_12CheckpointC3Tests,ServoPeregrino_Organizador_Items_fnc_handleUIEvent
ServoPeregrino_Organizador_Items_fnc_runDelivery0_12CheckpointC3Tests,ServoPeregrino_Organizador_Items_fnc_prepareCumulativeTestRun
ServoPeregrino_Organizador_Items_fnc_runDelivery0_12CheckpointC3Tests,ServoPeregrino_Organizador_Items_fnc_refreshCatalogWindowUI
ServoPeregrino_Organizador_Items_fnc_runDelivery0_12CheckpointC3Tests,ServoPeregrino_Organizador_Items_fnc_restoreProductionRepositorySnapshot
ServoPeregrino_Organizador_Items_fnc_runDelivery0_12CheckpointC3Tests,ServoPeregrino_Organizador_Items_fnc_runDelivery0_12CheckpointC2Tests
ServoPeregrino_Organizador_Items_fnc_runDelivery0_12CheckpointC3Tests,ServoPeregrino_Organizador_Nexus_fnc_createResult
ServoPeregrino_Organizador_Items_fnc_runDelivery0_12CheckpointC4Tests,ServoPeregrino_Organizador_Items_fnc_captureProductionRepositorySnapshot
ServoPeregrino_Organizador_Items_fnc_runDelivery0_12CheckpointC4Tests,ServoPeregrino_Organizador_Items_fnc_getLoadoutFingerprint
ServoPeregrino_Organizador_Items_fnc_runDelivery0_12CheckpointC4Tests,ServoPeregrino_Organizador_Items_fnc_handleUIEvent
ServoPeregrino_Organizador_Items_fnc_runDelivery0_12CheckpointC4Tests,ServoPeregrino_Organizador_Items_fnc_prepareCumulativeTestRun
ServoPeregrino_Organizador_Items_fnc_runDelivery0_12CheckpointC4Tests,ServoPeregrino_Organizador_Items_fnc_refreshCatalogWindowUI
ServoPeregrino_Organizador_Items_fnc_runDelivery0_12CheckpointC4Tests,ServoPeregrino_Organizador_Items_fnc_restoreProductionRepositorySnapshot
ServoPeregrino_Organizador_Items_fnc_runDelivery0_12CheckpointC4Tests,ServoPeregrino_Organizador_Items_fnc_runDelivery0_12CheckpointC3Tests
ServoPeregrino_Organizador_Items_fnc_runDelivery0_12CheckpointC4Tests,ServoPeregrino_Organizador_Nexus_fnc_createResult
ServoPeregrino_Organizador_Items_fnc_runDelivery0_12CheckpointC5Tests,ServoPeregrino_Organizador_Items_fnc_captureProductionRepositorySnapshot
ServoPeregrino_Organizador_Items_fnc_runDelivery0_12CheckpointC5Tests,ServoPeregrino_Organizador_Items_fnc_getLoadoutFingerprint
ServoPeregrino_Organizador_Items_fnc_runDelivery0_12CheckpointC5Tests,ServoPeregrino_Organizador_Items_fnc_prepareCumulativeTestRun
ServoPeregrino_Organizador_Items_fnc_runDelivery0_12CheckpointC5Tests,ServoPeregrino_Organizador_Items_fnc_restoreProductionRepositorySnapshot
ServoPeregrino_Organizador_Items_fnc_runDelivery0_12CheckpointC5Tests,ServoPeregrino_Organizador_Items_fnc_runDelivery0_12CheckpointC4Tests
ServoPeregrino_Organizador_Items_fnc_runDelivery0_12CheckpointC5Tests,ServoPeregrino_Organizador_Nexus_fnc_createResult
ServoPeregrino_Organizador_Items_fnc_runDelivery0_12CheckpointC6Tests,ServoPeregrino_Organizador_Items_fnc_addCatalogItemToDraft
ServoPeregrino_Organizador_Items_fnc_runDelivery0_12CheckpointC6Tests,ServoPeregrino_Organizador_Items_fnc_captureProductionRepositorySnapshot
ServoPeregrino_Organizador_Items_fnc_runDelivery0_12CheckpointC6Tests,ServoPeregrino_Organizador_Items_fnc_createNewDraft
ServoPeregrino_Organizador_Items_fnc_runDelivery0_12CheckpointC6Tests,ServoPeregrino_Organizador_Items_fnc_createUIDragSnapshot
ServoPeregrino_Organizador_Items_fnc_runDelivery0_12CheckpointC6Tests,ServoPeregrino_Organizador_Items_fnc_deepCopy
ServoPeregrino_Organizador_Items_fnc_runDelivery0_12CheckpointC6Tests,ServoPeregrino_Organizador_Items_fnc_finalizeUIPointerDrop
ServoPeregrino_Organizador_Items_fnc_runDelivery0_12CheckpointC6Tests,ServoPeregrino_Organizador_Items_fnc_getDraftState
ServoPeregrino_Organizador_Items_fnc_runDelivery0_12CheckpointC6Tests,ServoPeregrino_Organizador_Items_fnc_getLoadoutFingerprint
ServoPeregrino_Organizador_Items_fnc_runDelivery0_12CheckpointC6Tests,ServoPeregrino_Organizador_Items_fnc_prepareCumulativeTestRun
ServoPeregrino_Organizador_Items_fnc_runDelivery0_12CheckpointC6Tests,ServoPeregrino_Organizador_Items_fnc_resolveUIPanelDropTarget
ServoPeregrino_Organizador_Items_fnc_runDelivery0_12CheckpointC6Tests,ServoPeregrino_Organizador_Items_fnc_resolveUIPointerSource
ServoPeregrino_Organizador_Items_fnc_runDelivery0_12CheckpointC6Tests,ServoPeregrino_Organizador_Items_fnc_restoreProductionRepositorySnapshot
ServoPeregrino_Organizador_Items_fnc_runDelivery0_12CheckpointC6Tests,ServoPeregrino_Organizador_Items_fnc_runDelivery0_12CheckpointC5Tests
ServoPeregrino_Organizador_Items_fnc_runDelivery0_12CheckpointC6Tests,ServoPeregrino_Organizador_Nexus_fnc_createResult
ServoPeregrino_Organizador_Items_fnc_runDelivery0_12CheckpointC7Tests,ServoPeregrino_Organizador_Items_fnc_addCatalogItemToDraft
ServoPeregrino_Organizador_Items_fnc_runDelivery0_12CheckpointC7Tests,ServoPeregrino_Organizador_Items_fnc_cancelUIDrag
ServoPeregrino_Organizador_Items_fnc_runDelivery0_12CheckpointC7Tests,ServoPeregrino_Organizador_Items_fnc_captureProductionRepositorySnapshot
ServoPeregrino_Organizador_Items_fnc_runDelivery0_12CheckpointC7Tests,ServoPeregrino_Organizador_Items_fnc_createNewDraft
ServoPeregrino_Organizador_Items_fnc_runDelivery0_12CheckpointC7Tests,ServoPeregrino_Organizador_Items_fnc_deepCopy
ServoPeregrino_Organizador_Items_fnc_runDelivery0_12CheckpointC7Tests,ServoPeregrino_Organizador_Items_fnc_getDraftState
ServoPeregrino_Organizador_Items_fnc_runDelivery0_12CheckpointC7Tests,ServoPeregrino_Organizador_Items_fnc_getLoadoutFingerprint
ServoPeregrino_Organizador_Items_fnc_runDelivery0_12CheckpointC7Tests,ServoPeregrino_Organizador_Items_fnc_prepareCumulativeTestRun
ServoPeregrino_Organizador_Items_fnc_runDelivery0_12CheckpointC7Tests,ServoPeregrino_Organizador_Items_fnc_resolveUIPanelDropTarget
ServoPeregrino_Organizador_Items_fnc_runDelivery0_12CheckpointC7Tests,ServoPeregrino_Organizador_Items_fnc_resolveUIPointerSource
ServoPeregrino_Organizador_Items_fnc_runDelivery0_12CheckpointC7Tests,ServoPeregrino_Organizador_Items_fnc_restoreProductionRepositorySnapshot
ServoPeregrino_Organizador_Items_fnc_runDelivery0_12CheckpointC7Tests,ServoPeregrino_Organizador_Items_fnc_runDelivery0_12CheckpointC6Tests
ServoPeregrino_Organizador_Items_fnc_runDelivery0_12CheckpointC7Tests,ServoPeregrino_Organizador_Nexus_fnc_createResult
ServoPeregrino_Organizador_Items_fnc_runDelivery0_12CheckpointC81Tests,ServoPeregrino_Organizador_Items_fnc_cancelUIDrag
ServoPeregrino_Organizador_Items_fnc_runDelivery0_12CheckpointC81Tests,ServoPeregrino_Organizador_Items_fnc_captureProductionRepositorySnapshot
ServoPeregrino_Organizador_Items_fnc_runDelivery0_12CheckpointC81Tests,ServoPeregrino_Organizador_Items_fnc_deepCopy
ServoPeregrino_Organizador_Items_fnc_runDelivery0_12CheckpointC81Tests,ServoPeregrino_Organizador_Items_fnc_getLoadoutFingerprint
ServoPeregrino_Organizador_Items_fnc_runDelivery0_12CheckpointC81Tests,ServoPeregrino_Organizador_Items_fnc_handleUIDragEvent
ServoPeregrino_Organizador_Items_fnc_runDelivery0_12CheckpointC81Tests,ServoPeregrino_Organizador_Items_fnc_prepareCumulativeTestRun
ServoPeregrino_Organizador_Items_fnc_runDelivery0_12CheckpointC81Tests,ServoPeregrino_Organizador_Items_fnc_resolveUIPointerSource
ServoPeregrino_Organizador_Items_fnc_runDelivery0_12CheckpointC81Tests,ServoPeregrino_Organizador_Items_fnc_restoreProductionRepositorySnapshot
ServoPeregrino_Organizador_Items_fnc_runDelivery0_12CheckpointC81Tests,ServoPeregrino_Organizador_Items_fnc_runDelivery0_12CheckpointC8Tests
ServoPeregrino_Organizador_Items_fnc_runDelivery0_12CheckpointC81Tests,ServoPeregrino_Organizador_Nexus_fnc_createResult
ServoPeregrino_Organizador_Items_fnc_runDelivery0_12CheckpointC8Tests,ServoPeregrino_Organizador_Items_fnc_cancelUIDrag
ServoPeregrino_Organizador_Items_fnc_runDelivery0_12CheckpointC8Tests,ServoPeregrino_Organizador_Items_fnc_captureProductionRepositorySnapshot
ServoPeregrino_Organizador_Items_fnc_runDelivery0_12CheckpointC8Tests,ServoPeregrino_Organizador_Items_fnc_createUIDragSnapshot
ServoPeregrino_Organizador_Items_fnc_runDelivery0_12CheckpointC8Tests,ServoPeregrino_Organizador_Items_fnc_deepCopy
ServoPeregrino_Organizador_Items_fnc_runDelivery0_12CheckpointC8Tests,ServoPeregrino_Organizador_Items_fnc_getLoadoutFingerprint
ServoPeregrino_Organizador_Items_fnc_runDelivery0_12CheckpointC8Tests,ServoPeregrino_Organizador_Items_fnc_prepareCumulativeTestRun
ServoPeregrino_Organizador_Items_fnc_runDelivery0_12CheckpointC8Tests,ServoPeregrino_Organizador_Items_fnc_resolveUIPointerSource
ServoPeregrino_Organizador_Items_fnc_runDelivery0_12CheckpointC8Tests,ServoPeregrino_Organizador_Items_fnc_restoreProductionRepositorySnapshot
ServoPeregrino_Organizador_Items_fnc_runDelivery0_12CheckpointC8Tests,ServoPeregrino_Organizador_Items_fnc_runDelivery0_12CheckpointC7Tests
ServoPeregrino_Organizador_Items_fnc_runDelivery0_12CheckpointC8Tests,ServoPeregrino_Organizador_Items_fnc_updateUIDragVisualProxy
ServoPeregrino_Organizador_Items_fnc_runDelivery0_12CheckpointC8Tests,ServoPeregrino_Organizador_Nexus_fnc_createResult
ServoPeregrino_Organizador_Items_fnc_runDelivery0_12CheckpointCTests,ServoPeregrino_Organizador_Items_fnc_captureProductionRepositorySnapshot
ServoPeregrino_Organizador_Items_fnc_runDelivery0_12CheckpointCTests,ServoPeregrino_Organizador_Items_fnc_getLoadoutFingerprint
ServoPeregrino_Organizador_Items_fnc_runDelivery0_12CheckpointCTests,ServoPeregrino_Organizador_Items_fnc_handleUIEvent
ServoPeregrino_Organizador_Items_fnc_runDelivery0_12CheckpointCTests,ServoPeregrino_Organizador_Items_fnc_prepareCumulativeTestRun
ServoPeregrino_Organizador_Items_fnc_runDelivery0_12CheckpointCTests,ServoPeregrino_Organizador_Items_fnc_refreshCatalogWindowUI
ServoPeregrino_Organizador_Items_fnc_runDelivery0_12CheckpointCTests,ServoPeregrino_Organizador_Items_fnc_restoreProductionRepositorySnapshot
ServoPeregrino_Organizador_Items_fnc_runDelivery0_12CheckpointCTests,ServoPeregrino_Organizador_Items_fnc_runDelivery0_12CheckpointBTests
ServoPeregrino_Organizador_Items_fnc_runDelivery0_12CheckpointCTests,ServoPeregrino_Organizador_Nexus_fnc_createResult
ServoPeregrino_Organizador_Items_fnc_runDelivery0_12CheckpointD1Tests,ServoPeregrino_Organizador_Items_fnc_captureProductionRepositorySnapshot
ServoPeregrino_Organizador_Items_fnc_runDelivery0_12CheckpointD1Tests,ServoPeregrino_Organizador_Items_fnc_compareLoadoutFingerprints
ServoPeregrino_Organizador_Items_fnc_runDelivery0_12CheckpointD1Tests,ServoPeregrino_Organizador_Items_fnc_deepCopy
ServoPeregrino_Organizador_Items_fnc_runDelivery0_12CheckpointD1Tests,ServoPeregrino_Organizador_Items_fnc_getLoadoutFingerprint
ServoPeregrino_Organizador_Items_fnc_runDelivery0_12CheckpointD1Tests,ServoPeregrino_Organizador_Items_fnc_getUITargetLabel
ServoPeregrino_Organizador_Items_fnc_runDelivery0_12CheckpointD1Tests,ServoPeregrino_Organizador_Items_fnc_prepareCumulativeTestRun
ServoPeregrino_Organizador_Items_fnc_runDelivery0_12CheckpointD1Tests,ServoPeregrino_Organizador_Items_fnc_refreshHeaderStatusUI
ServoPeregrino_Organizador_Items_fnc_runDelivery0_12CheckpointD1Tests,ServoPeregrino_Organizador_Items_fnc_refreshHeaderUI
ServoPeregrino_Organizador_Items_fnc_runDelivery0_12CheckpointD1Tests,ServoPeregrino_Organizador_Items_fnc_restoreProductionRepositorySnapshot
ServoPeregrino_Organizador_Items_fnc_runDelivery0_12CheckpointD1Tests,ServoPeregrino_Organizador_Items_fnc_runDelivery0_12CheckpointC81Tests
ServoPeregrino_Organizador_Items_fnc_runDelivery0_12CheckpointD1Tests,ServoPeregrino_Organizador_Nexus_fnc_createResult
ServoPeregrino_Organizador_Items_fnc_runDelivery0_12CheckpointD2Tests,ServoPeregrino_Organizador_Items_fnc_buildUIViewModel
ServoPeregrino_Organizador_Items_fnc_runDelivery0_12CheckpointD2Tests,ServoPeregrino_Organizador_Items_fnc_captureProductionRepositorySnapshot
ServoPeregrino_Organizador_Items_fnc_runDelivery0_12CheckpointD2Tests,ServoPeregrino_Organizador_Items_fnc_classifyUIOutcome
ServoPeregrino_Organizador_Items_fnc_runDelivery0_12CheckpointD2Tests,ServoPeregrino_Organizador_Items_fnc_compareLoadoutFingerprints
ServoPeregrino_Organizador_Items_fnc_runDelivery0_12CheckpointD2Tests,ServoPeregrino_Organizador_Items_fnc_deepCopy
ServoPeregrino_Organizador_Items_fnc_runDelivery0_12CheckpointD2Tests,ServoPeregrino_Organizador_Items_fnc_getLoadoutFingerprint
ServoPeregrino_Organizador_Items_fnc_runDelivery0_12CheckpointD2Tests,ServoPeregrino_Organizador_Items_fnc_prepareCumulativeTestRun
ServoPeregrino_Organizador_Items_fnc_runDelivery0_12CheckpointD2Tests,ServoPeregrino_Organizador_Items_fnc_refreshHeaderStatusUI
ServoPeregrino_Organizador_Items_fnc_runDelivery0_12CheckpointD2Tests,ServoPeregrino_Organizador_Items_fnc_refreshHeaderUI
ServoPeregrino_Organizador_Items_fnc_runDelivery0_12CheckpointD2Tests,ServoPeregrino_Organizador_Items_fnc_restoreProductionRepositorySnapshot
ServoPeregrino_Organizador_Items_fnc_runDelivery0_12CheckpointD2Tests,ServoPeregrino_Organizador_Items_fnc_runDelivery0_12CheckpointD1Tests
ServoPeregrino_Organizador_Items_fnc_runDelivery0_12CheckpointD2Tests,ServoPeregrino_Organizador_Nexus_fnc_createResult
ServoPeregrino_Organizador_Items_fnc_runDelivery0_12CheckpointD3Tests,ServoPeregrino_Organizador_Items_fnc_captureProductionRepositorySnapshot
ServoPeregrino_Organizador_Items_fnc_runDelivery0_12CheckpointD3Tests,ServoPeregrino_Organizador_Items_fnc_compareLoadoutFingerprints
ServoPeregrino_Organizador_Items_fnc_runDelivery0_12CheckpointD3Tests,ServoPeregrino_Organizador_Items_fnc_deepCopy
ServoPeregrino_Organizador_Items_fnc_runDelivery0_12CheckpointD3Tests,ServoPeregrino_Organizador_Items_fnc_getLoadoutFingerprint
ServoPeregrino_Organizador_Items_fnc_runDelivery0_12CheckpointD3Tests,ServoPeregrino_Organizador_Items_fnc_prepareCumulativeTestRun
ServoPeregrino_Organizador_Items_fnc_runDelivery0_12CheckpointD3Tests,ServoPeregrino_Organizador_Items_fnc_restoreProductionRepositorySnapshot
ServoPeregrino_Organizador_Items_fnc_runDelivery0_12CheckpointD3Tests,ServoPeregrino_Organizador_Items_fnc_runDelivery0_12CheckpointD2Tests
ServoPeregrino_Organizador_Items_fnc_runDelivery0_12CheckpointD3Tests,ServoPeregrino_Organizador_Items_fnc_runDelivery0_12CheckpointD3Tests
ServoPeregrino_Organizador_Items_fnc_runDelivery0_12CheckpointD3Tests,ServoPeregrino_Organizador_Items_fnc_updateUIItemTooltip
ServoPeregrino_Organizador_Items_fnc_runDelivery0_12CheckpointD3Tests,ServoPeregrino_Organizador_Nexus_fnc_createResult
ServoPeregrino_Organizador_Items_fnc_runDelivery0_12CheckpointD4Tests,ServoPeregrino_Organizador_Items_fnc_captureProductionRepositorySnapshot
ServoPeregrino_Organizador_Items_fnc_runDelivery0_12CheckpointD4Tests,ServoPeregrino_Organizador_Items_fnc_compareLoadoutFingerprints
ServoPeregrino_Organizador_Items_fnc_runDelivery0_12CheckpointD4Tests,ServoPeregrino_Organizador_Items_fnc_deepCopy
ServoPeregrino_Organizador_Items_fnc_runDelivery0_12CheckpointD4Tests,ServoPeregrino_Organizador_Items_fnc_getLoadoutFingerprint
ServoPeregrino_Organizador_Items_fnc_runDelivery0_12CheckpointD4Tests,ServoPeregrino_Organizador_Items_fnc_prepareCumulativeTestRun
ServoPeregrino_Organizador_Items_fnc_runDelivery0_12CheckpointD4Tests,ServoPeregrino_Organizador_Items_fnc_restoreProductionRepositorySnapshot
ServoPeregrino_Organizador_Items_fnc_runDelivery0_12CheckpointD4Tests,ServoPeregrino_Organizador_Items_fnc_runDelivery0_12CheckpointD3Tests
ServoPeregrino_Organizador_Items_fnc_runDelivery0_12CheckpointD4Tests,ServoPeregrino_Organizador_Items_fnc_updateUIItemTooltip
ServoPeregrino_Organizador_Items_fnc_runDelivery0_12CheckpointD4Tests,ServoPeregrino_Organizador_Nexus_fnc_createResult
ServoPeregrino_Organizador_Items_fnc_runDelivery0_12CheckpointD5Tests,ServoPeregrino_Organizador_Items_fnc_captureProductionRepositorySnapshot
ServoPeregrino_Organizador_Items_fnc_runDelivery0_12CheckpointD5Tests,ServoPeregrino_Organizador_Items_fnc_compareLoadoutFingerprints
ServoPeregrino_Organizador_Items_fnc_runDelivery0_12CheckpointD5Tests,ServoPeregrino_Organizador_Items_fnc_deepCopy
ServoPeregrino_Organizador_Items_fnc_runDelivery0_12CheckpointD5Tests,ServoPeregrino_Organizador_Items_fnc_getLoadoutFingerprint
ServoPeregrino_Organizador_Items_fnc_runDelivery0_12CheckpointD5Tests,ServoPeregrino_Organizador_Items_fnc_prepareCumulativeTestRun
ServoPeregrino_Organizador_Items_fnc_runDelivery0_12CheckpointD5Tests,ServoPeregrino_Organizador_Items_fnc_restoreProductionRepositorySnapshot
ServoPeregrino_Organizador_Items_fnc_runDelivery0_12CheckpointD5Tests,ServoPeregrino_Organizador_Items_fnc_runDelivery0_12CheckpointD4Tests
ServoPeregrino_Organizador_Items_fnc_runDelivery0_12CheckpointD5Tests,ServoPeregrino_Organizador_Items_fnc_updateUIItemTooltip
ServoPeregrino_Organizador_Items_fnc_runDelivery0_12CheckpointD5Tests,ServoPeregrino_Organizador_Nexus_fnc_createResult
ServoPeregrino_Organizador_Items_fnc_runDelivery0_12CheckpointD61Tests,ServoPeregrino_Organizador_Items_fnc_captureProductionRepositorySnapshot
ServoPeregrino_Organizador_Items_fnc_runDelivery0_12CheckpointD61Tests,ServoPeregrino_Organizador_Items_fnc_compareLoadoutFingerprints
ServoPeregrino_Organizador_Items_fnc_runDelivery0_12CheckpointD61Tests,ServoPeregrino_Organizador_Items_fnc_deepCopy
ServoPeregrino_Organizador_Items_fnc_runDelivery0_12CheckpointD61Tests,ServoPeregrino_Organizador_Items_fnc_getLoadoutFingerprint
ServoPeregrino_Organizador_Items_fnc_runDelivery0_12CheckpointD61Tests,ServoPeregrino_Organizador_Items_fnc_prepareCumulativeTestRun
ServoPeregrino_Organizador_Items_fnc_runDelivery0_12CheckpointD61Tests,ServoPeregrino_Organizador_Items_fnc_restoreProductionRepositorySnapshot
ServoPeregrino_Organizador_Items_fnc_runDelivery0_12CheckpointD61Tests,ServoPeregrino_Organizador_Items_fnc_runDelivery0_12CheckpointD6Tests
ServoPeregrino_Organizador_Items_fnc_runDelivery0_12CheckpointD61Tests,ServoPeregrino_Organizador_Items_fnc_updateUIItemTooltip
ServoPeregrino_Organizador_Items_fnc_runDelivery0_12CheckpointD61Tests,ServoPeregrino_Organizador_Nexus_fnc_createResult
ServoPeregrino_Organizador_Items_fnc_runDelivery0_12CheckpointD62Tests,ServoPeregrino_Organizador_Items_fnc_captureProductionRepositorySnapshot
ServoPeregrino_Organizador_Items_fnc_runDelivery0_12CheckpointD62Tests,ServoPeregrino_Organizador_Items_fnc_compareLoadoutFingerprints
ServoPeregrino_Organizador_Items_fnc_runDelivery0_12CheckpointD62Tests,ServoPeregrino_Organizador_Items_fnc_deepCopy
ServoPeregrino_Organizador_Items_fnc_runDelivery0_12CheckpointD62Tests,ServoPeregrino_Organizador_Items_fnc_getLoadoutFingerprint
ServoPeregrino_Organizador_Items_fnc_runDelivery0_12CheckpointD62Tests,ServoPeregrino_Organizador_Items_fnc_prepareCumulativeTestRun
ServoPeregrino_Organizador_Items_fnc_runDelivery0_12CheckpointD62Tests,ServoPeregrino_Organizador_Items_fnc_refreshHeaderUI
ServoPeregrino_Organizador_Items_fnc_runDelivery0_12CheckpointD62Tests,ServoPeregrino_Organizador_Items_fnc_restoreProductionRepositorySnapshot
ServoPeregrino_Organizador_Items_fnc_runDelivery0_12CheckpointD62Tests,ServoPeregrino_Organizador_Items_fnc_runDelivery0_12CheckpointD61Tests
ServoPeregrino_Organizador_Items_fnc_runDelivery0_12CheckpointD62Tests,ServoPeregrino_Organizador_Items_fnc_updateUIItemTooltip
ServoPeregrino_Organizador_Items_fnc_runDelivery0_12CheckpointD62Tests,ServoPeregrino_Organizador_Nexus_fnc_createResult
ServoPeregrino_Organizador_Items_fnc_runDelivery0_12CheckpointD63Tests,ServoPeregrino_Organizador_Items_fnc_captureProductionRepositorySnapshot
ServoPeregrino_Organizador_Items_fnc_runDelivery0_12CheckpointD63Tests,ServoPeregrino_Organizador_Items_fnc_compareLoadoutFingerprints
ServoPeregrino_Organizador_Items_fnc_runDelivery0_12CheckpointD63Tests,ServoPeregrino_Organizador_Items_fnc_createItemEntry
ServoPeregrino_Organizador_Items_fnc_runDelivery0_12CheckpointD63Tests,ServoPeregrino_Organizador_Items_fnc_createItemKit
ServoPeregrino_Organizador_Items_fnc_runDelivery0_12CheckpointD63Tests,ServoPeregrino_Organizador_Items_fnc_deepCopy
ServoPeregrino_Organizador_Items_fnc_runDelivery0_12CheckpointD63Tests,ServoPeregrino_Organizador_Items_fnc_executeUITransferCommand
ServoPeregrino_Organizador_Items_fnc_runDelivery0_12CheckpointD63Tests,ServoPeregrino_Organizador_Items_fnc_getDraftState
ServoPeregrino_Organizador_Items_fnc_runDelivery0_12CheckpointD63Tests,ServoPeregrino_Organizador_Items_fnc_getKit
ServoPeregrino_Organizador_Items_fnc_runDelivery0_12CheckpointD63Tests,ServoPeregrino_Organizador_Items_fnc_getLoadoutFingerprint
ServoPeregrino_Organizador_Items_fnc_runDelivery0_12CheckpointD63Tests,ServoPeregrino_Organizador_Items_fnc_prepareCumulativeTestRun
ServoPeregrino_Organizador_Items_fnc_runDelivery0_12CheckpointD63Tests,ServoPeregrino_Organizador_Items_fnc_restoreProductionRepositorySnapshot
ServoPeregrino_Organizador_Items_fnc_runDelivery0_12CheckpointD63Tests,ServoPeregrino_Organizador_Items_fnc_runDelivery0_12CheckpointD62Tests
ServoPeregrino_Organizador_Items_fnc_runDelivery0_12CheckpointD63Tests,ServoPeregrino_Organizador_Items_fnc_saveKit
ServoPeregrino_Organizador_Items_fnc_runDelivery0_12CheckpointD63Tests,ServoPeregrino_Organizador_Items_fnc_updateUIItemTooltip
ServoPeregrino_Organizador_Items_fnc_runDelivery0_12CheckpointD63Tests,ServoPeregrino_Organizador_Nexus_fnc_createResult
ServoPeregrino_Organizador_Items_fnc_runDelivery0_12CheckpointD64Tests,ServoPeregrino_Organizador_Items_fnc_captureProductionRepositorySnapshot
ServoPeregrino_Organizador_Items_fnc_runDelivery0_12CheckpointD64Tests,ServoPeregrino_Organizador_Items_fnc_compareLoadoutFingerprints
ServoPeregrino_Organizador_Items_fnc_runDelivery0_12CheckpointD64Tests,ServoPeregrino_Organizador_Items_fnc_deepCopy
ServoPeregrino_Organizador_Items_fnc_runDelivery0_12CheckpointD64Tests,ServoPeregrino_Organizador_Items_fnc_executeUITransferCommand
ServoPeregrino_Organizador_Items_fnc_runDelivery0_12CheckpointD64Tests,ServoPeregrino_Organizador_Items_fnc_getDraftState
ServoPeregrino_Organizador_Items_fnc_runDelivery0_12CheckpointD64Tests,ServoPeregrino_Organizador_Items_fnc_getLoadoutFingerprint
ServoPeregrino_Organizador_Items_fnc_runDelivery0_12CheckpointD64Tests,ServoPeregrino_Organizador_Items_fnc_prepareCumulativeTestRun
ServoPeregrino_Organizador_Items_fnc_runDelivery0_12CheckpointD64Tests,ServoPeregrino_Organizador_Items_fnc_restoreProductionRepositorySnapshot
ServoPeregrino_Organizador_Items_fnc_runDelivery0_12CheckpointD64Tests,ServoPeregrino_Organizador_Items_fnc_runDelivery0_12CheckpointD63Tests
ServoPeregrino_Organizador_Items_fnc_runDelivery0_12CheckpointD64Tests,ServoPeregrino_Organizador_Items_fnc_updateUIItemTooltip
ServoPeregrino_Organizador_Items_fnc_runDelivery0_12CheckpointD64Tests,ServoPeregrino_Organizador_Nexus_fnc_createResult
ServoPeregrino_Organizador_Items_fnc_runDelivery0_12CheckpointD6Tests,ServoPeregrino_Organizador_Items_fnc_captureProductionRepositorySnapshot
ServoPeregrino_Organizador_Items_fnc_runDelivery0_12CheckpointD6Tests,ServoPeregrino_Organizador_Items_fnc_compareLoadoutFingerprints
ServoPeregrino_Organizador_Items_fnc_runDelivery0_12CheckpointD6Tests,ServoPeregrino_Organizador_Items_fnc_deepCopy
ServoPeregrino_Organizador_Items_fnc_runDelivery0_12CheckpointD6Tests,ServoPeregrino_Organizador_Items_fnc_formatUIMass
ServoPeregrino_Organizador_Items_fnc_runDelivery0_12CheckpointD6Tests,ServoPeregrino_Organizador_Items_fnc_getLoadoutFingerprint
ServoPeregrino_Organizador_Items_fnc_runDelivery0_12CheckpointD6Tests,ServoPeregrino_Organizador_Items_fnc_prepareCumulativeTestRun
ServoPeregrino_Organizador_Items_fnc_runDelivery0_12CheckpointD6Tests,ServoPeregrino_Organizador_Items_fnc_refreshHeaderUI
ServoPeregrino_Organizador_Items_fnc_runDelivery0_12CheckpointD6Tests,ServoPeregrino_Organizador_Items_fnc_restoreProductionRepositorySnapshot
ServoPeregrino_Organizador_Items_fnc_runDelivery0_12CheckpointD6Tests,ServoPeregrino_Organizador_Items_fnc_runDelivery0_12CheckpointD5Tests
ServoPeregrino_Organizador_Items_fnc_runDelivery0_12CheckpointD6Tests,ServoPeregrino_Organizador_Items_fnc_updateUIItemTooltip
ServoPeregrino_Organizador_Items_fnc_runDelivery0_12CheckpointD6Tests,ServoPeregrino_Organizador_Nexus_fnc_createResult
ServoPeregrino_Organizador_Items_fnc_runDelivery0_12CheckpointD70Tests,ServoPeregrino_Organizador_Items_fnc_buildUIViewModel
ServoPeregrino_Organizador_Items_fnc_runDelivery0_12CheckpointD70Tests,ServoPeregrino_Organizador_Items_fnc_captureProductionRepositorySnapshot
ServoPeregrino_Organizador_Items_fnc_runDelivery0_12CheckpointD70Tests,ServoPeregrino_Organizador_Items_fnc_compareLoadoutFingerprints
ServoPeregrino_Organizador_Items_fnc_runDelivery0_12CheckpointD70Tests,ServoPeregrino_Organizador_Items_fnc_createItemEntry
ServoPeregrino_Organizador_Items_fnc_runDelivery0_12CheckpointD70Tests,ServoPeregrino_Organizador_Items_fnc_createItemKit
ServoPeregrino_Organizador_Items_fnc_runDelivery0_12CheckpointD70Tests,ServoPeregrino_Organizador_Items_fnc_deepCopy
ServoPeregrino_Organizador_Items_fnc_runDelivery0_12CheckpointD70Tests,ServoPeregrino_Organizador_Items_fnc_getKit
ServoPeregrino_Organizador_Items_fnc_runDelivery0_12CheckpointD70Tests,ServoPeregrino_Organizador_Items_fnc_getLoadoutFingerprint
ServoPeregrino_Organizador_Items_fnc_runDelivery0_12CheckpointD70Tests,ServoPeregrino_Organizador_Items_fnc_getPublicKit
ServoPeregrino_Organizador_Items_fnc_runDelivery0_12CheckpointD70Tests,ServoPeregrino_Organizador_Items_fnc_listKits
ServoPeregrino_Organizador_Items_fnc_runDelivery0_12CheckpointD70Tests,ServoPeregrino_Organizador_Items_fnc_listPublicKits
ServoPeregrino_Organizador_Items_fnc_runDelivery0_12CheckpointD70Tests,ServoPeregrino_Organizador_Items_fnc_prepareCumulativeTestRun
ServoPeregrino_Organizador_Items_fnc_runDelivery0_12CheckpointD70Tests,ServoPeregrino_Organizador_Items_fnc_publishKitToPublic
ServoPeregrino_Organizador_Items_fnc_runDelivery0_12CheckpointD70Tests,ServoPeregrino_Organizador_Items_fnc_restoreProductionRepositorySnapshot
ServoPeregrino_Organizador_Items_fnc_runDelivery0_12CheckpointD70Tests,ServoPeregrino_Organizador_Items_fnc_runDelivery0_12CheckpointD64Tests
ServoPeregrino_Organizador_Items_fnc_runDelivery0_12CheckpointD70Tests,ServoPeregrino_Organizador_Items_fnc_saveKit
ServoPeregrino_Organizador_Items_fnc_runDelivery0_12CheckpointD70Tests,ServoPeregrino_Organizador_Items_fnc_savePublicKitToPrivate
ServoPeregrino_Organizador_Items_fnc_runDelivery0_12CheckpointD70Tests,ServoPeregrino_Organizador_Nexus_fnc_createResult
ServoPeregrino_Organizador_Items_fnc_runDelivery0_12CheckpointD71Tests,ServoPeregrino_Organizador_Items_fnc_captureProductionRepositorySnapshot
ServoPeregrino_Organizador_Items_fnc_runDelivery0_12CheckpointD71Tests,ServoPeregrino_Organizador_Items_fnc_compareLoadoutFingerprints
ServoPeregrino_Organizador_Items_fnc_runDelivery0_12CheckpointD71Tests,ServoPeregrino_Organizador_Items_fnc_createItemEntry
ServoPeregrino_Organizador_Items_fnc_runDelivery0_12CheckpointD71Tests,ServoPeregrino_Organizador_Items_fnc_createItemKit
ServoPeregrino_Organizador_Items_fnc_runDelivery0_12CheckpointD71Tests,ServoPeregrino_Organizador_Items_fnc_deepCopy
ServoPeregrino_Organizador_Items_fnc_runDelivery0_12CheckpointD71Tests,ServoPeregrino_Organizador_Items_fnc_getKit
ServoPeregrino_Organizador_Items_fnc_runDelivery0_12CheckpointD71Tests,ServoPeregrino_Organizador_Items_fnc_getLoadoutFingerprint
ServoPeregrino_Organizador_Items_fnc_runDelivery0_12CheckpointD71Tests,ServoPeregrino_Organizador_Items_fnc_handleUIEvent
ServoPeregrino_Organizador_Items_fnc_runDelivery0_12CheckpointD71Tests,ServoPeregrino_Organizador_Items_fnc_prepareCumulativeTestRun
ServoPeregrino_Organizador_Items_fnc_runDelivery0_12CheckpointD71Tests,ServoPeregrino_Organizador_Items_fnc_publishKitToPublic
ServoPeregrino_Organizador_Items_fnc_runDelivery0_12CheckpointD71Tests,ServoPeregrino_Organizador_Items_fnc_refreshHeaderUI
ServoPeregrino_Organizador_Items_fnc_runDelivery0_12CheckpointD71Tests,ServoPeregrino_Organizador_Items_fnc_restoreProductionRepositorySnapshot
ServoPeregrino_Organizador_Items_fnc_runDelivery0_12CheckpointD71Tests,ServoPeregrino_Organizador_Items_fnc_runDelivery0_12CheckpointD70Tests
ServoPeregrino_Organizador_Items_fnc_runDelivery0_12CheckpointD71Tests,ServoPeregrino_Organizador_Items_fnc_saveKit
ServoPeregrino_Organizador_Items_fnc_runDelivery0_12CheckpointD71Tests,ServoPeregrino_Organizador_Items_fnc_savePublicKitToPrivate
ServoPeregrino_Organizador_Items_fnc_runDelivery0_12CheckpointD71Tests,ServoPeregrino_Organizador_Nexus_fnc_createResult
ServoPeregrino_Organizador_Items_fnc_runDelivery0_12CheckpointD72Tests,ServoPeregrino_Organizador_Items_fnc_captureProductionRepositorySnapshot
ServoPeregrino_Organizador_Items_fnc_runDelivery0_12CheckpointD72Tests,ServoPeregrino_Organizador_Items_fnc_compareLoadoutFingerprints
ServoPeregrino_Organizador_Items_fnc_runDelivery0_12CheckpointD72Tests,ServoPeregrino_Organizador_Items_fnc_createItemEntry
ServoPeregrino_Organizador_Items_fnc_runDelivery0_12CheckpointD72Tests,ServoPeregrino_Organizador_Items_fnc_createItemKit
ServoPeregrino_Organizador_Items_fnc_runDelivery0_12CheckpointD72Tests,ServoPeregrino_Organizador_Items_fnc_deepCopy
ServoPeregrino_Organizador_Items_fnc_runDelivery0_12CheckpointD72Tests,ServoPeregrino_Organizador_Items_fnc_deleteKitPreservingDraft
ServoPeregrino_Organizador_Items_fnc_runDelivery0_12CheckpointD72Tests,ServoPeregrino_Organizador_Items_fnc_getLoadoutFingerprint
ServoPeregrino_Organizador_Items_fnc_runDelivery0_12CheckpointD72Tests,ServoPeregrino_Organizador_Items_fnc_handleUIEvent
ServoPeregrino_Organizador_Items_fnc_runDelivery0_12CheckpointD72Tests,ServoPeregrino_Organizador_Items_fnc_loadDraftFromKit
ServoPeregrino_Organizador_Items_fnc_runDelivery0_12CheckpointD72Tests,ServoPeregrino_Organizador_Items_fnc_prepareCumulativeTestRun
ServoPeregrino_Organizador_Items_fnc_runDelivery0_12CheckpointD72Tests,ServoPeregrino_Organizador_Items_fnc_publishKitToPublic
ServoPeregrino_Organizador_Items_fnc_runDelivery0_12CheckpointD72Tests,ServoPeregrino_Organizador_Items_fnc_reconcilePrivateKitSelectionAfterDelete
ServoPeregrino_Organizador_Items_fnc_runDelivery0_12CheckpointD72Tests,ServoPeregrino_Organizador_Items_fnc_refreshInterface
ServoPeregrino_Organizador_Items_fnc_runDelivery0_12CheckpointD72Tests,ServoPeregrino_Organizador_Items_fnc_refreshKitSwitchUI
ServoPeregrino_Organizador_Items_fnc_runDelivery0_12CheckpointD72Tests,ServoPeregrino_Organizador_Items_fnc_restoreProductionRepositorySnapshot
ServoPeregrino_Organizador_Items_fnc_runDelivery0_12CheckpointD72Tests,ServoPeregrino_Organizador_Items_fnc_runDelivery0_12CheckpointD71Tests
ServoPeregrino_Organizador_Items_fnc_runDelivery0_12CheckpointD72Tests,ServoPeregrino_Organizador_Items_fnc_saveKit
ServoPeregrino_Organizador_Items_fnc_runDelivery0_12CheckpointD72Tests,ServoPeregrino_Organizador_Nexus_fnc_createResult
ServoPeregrino_Organizador_Items_fnc_runDelivery0_12CheckpointD73Tests,ServoPeregrino_Organizador_Items_fnc_captureProductionRepositorySnapshot
ServoPeregrino_Organizador_Items_fnc_runDelivery0_12CheckpointD73Tests,ServoPeregrino_Organizador_Items_fnc_compareLoadoutFingerprints
ServoPeregrino_Organizador_Items_fnc_runDelivery0_12CheckpointD73Tests,ServoPeregrino_Organizador_Items_fnc_createItemEntry
ServoPeregrino_Organizador_Items_fnc_runDelivery0_12CheckpointD73Tests,ServoPeregrino_Organizador_Items_fnc_createItemKit
ServoPeregrino_Organizador_Items_fnc_runDelivery0_12CheckpointD73Tests,ServoPeregrino_Organizador_Items_fnc_createUIState
ServoPeregrino_Organizador_Items_fnc_runDelivery0_12CheckpointD73Tests,ServoPeregrino_Organizador_Items_fnc_deepCopy
ServoPeregrino_Organizador_Items_fnc_runDelivery0_12CheckpointD73Tests,ServoPeregrino_Organizador_Items_fnc_getLoadoutFingerprint
ServoPeregrino_Organizador_Items_fnc_runDelivery0_12CheckpointD73Tests,ServoPeregrino_Organizador_Items_fnc_handleUIEvent
ServoPeregrino_Organizador_Items_fnc_runDelivery0_12CheckpointD73Tests,ServoPeregrino_Organizador_Items_fnc_prepareCumulativeTestRun
ServoPeregrino_Organizador_Items_fnc_runDelivery0_12CheckpointD73Tests,ServoPeregrino_Organizador_Items_fnc_restoreProductionRepositorySnapshot
ServoPeregrino_Organizador_Items_fnc_runDelivery0_12CheckpointD73Tests,ServoPeregrino_Organizador_Items_fnc_runDelivery0_12CheckpointD72Tests
ServoPeregrino_Organizador_Items_fnc_runDelivery0_12CheckpointD73Tests,ServoPeregrino_Organizador_Items_fnc_saveKit
ServoPeregrino_Organizador_Items_fnc_runDelivery0_12CheckpointD73Tests,ServoPeregrino_Organizador_Nexus_fnc_createResult
ServoPeregrino_Organizador_Items_fnc_runDelivery0_12CheckpointD74Tests,ServoPeregrino_Organizador_Items_fnc_captureProductionRepositorySnapshot
ServoPeregrino_Organizador_Items_fnc_runDelivery0_12CheckpointD74Tests,ServoPeregrino_Organizador_Items_fnc_compareLoadoutFingerprints
ServoPeregrino_Organizador_Items_fnc_runDelivery0_12CheckpointD74Tests,ServoPeregrino_Organizador_Items_fnc_deepCopy
ServoPeregrino_Organizador_Items_fnc_runDelivery0_12CheckpointD74Tests,ServoPeregrino_Organizador_Items_fnc_getLoadoutFingerprint
ServoPeregrino_Organizador_Items_fnc_runDelivery0_12CheckpointD74Tests,ServoPeregrino_Organizador_Items_fnc_prepareCumulativeTestRun
ServoPeregrino_Organizador_Items_fnc_runDelivery0_12CheckpointD74Tests,ServoPeregrino_Organizador_Items_fnc_refreshHeaderUI
ServoPeregrino_Organizador_Items_fnc_runDelivery0_12CheckpointD74Tests,ServoPeregrino_Organizador_Items_fnc_restoreProductionRepositorySnapshot
ServoPeregrino_Organizador_Items_fnc_runDelivery0_12CheckpointD74Tests,ServoPeregrino_Organizador_Items_fnc_runDelivery0_12CheckpointD73Tests
ServoPeregrino_Organizador_Items_fnc_runDelivery0_12CheckpointD74Tests,ServoPeregrino_Organizador_Nexus_fnc_createResult
ServoPeregrino_Organizador_Items_fnc_runDelivery0_13CheckpointATests,ServoPeregrino_Organizador_Items_fnc_commitPublicKitSnapshotServer
ServoPeregrino_Organizador_Items_fnc_runDelivery0_13CheckpointATests,ServoPeregrino_Organizador_Items_fnc_compareLoadoutFingerprints
ServoPeregrino_Organizador_Items_fnc_runDelivery0_13CheckpointATests,ServoPeregrino_Organizador_Items_fnc_createItemEntry
ServoPeregrino_Organizador_Items_fnc_runDelivery0_13CheckpointATests,ServoPeregrino_Organizador_Items_fnc_createItemKit
ServoPeregrino_Organizador_Items_fnc_runDelivery0_13CheckpointATests,ServoPeregrino_Organizador_Items_fnc_deepCopy
ServoPeregrino_Organizador_Items_fnc_runDelivery0_13CheckpointATests,ServoPeregrino_Organizador_Items_fnc_getLoadoutFingerprint
ServoPeregrino_Organizador_Items_fnc_runDelivery0_13CheckpointATests,ServoPeregrino_Organizador_Items_fnc_getPublicKit
ServoPeregrino_Organizador_Items_fnc_runDelivery0_13CheckpointATests,ServoPeregrino_Organizador_Items_fnc_getPublicLibrary
ServoPeregrino_Organizador_Items_fnc_runDelivery0_13CheckpointATests,ServoPeregrino_Organizador_Items_fnc_initializePublicLibraryAuthority
ServoPeregrino_Organizador_Items_fnc_runDelivery0_13CheckpointATests,ServoPeregrino_Organizador_Items_fnc_listPublicKits
ServoPeregrino_Organizador_Items_fnc_runDelivery0_13CheckpointATests,ServoPeregrino_Organizador_Nexus_fnc_createResult
ServoPeregrino_Organizador_Items_fnc_runDelivery0_1Tests,ServoPeregrino_Organizador_Items_fnc_getBuildInfo
ServoPeregrino_Organizador_Items_fnc_runDelivery0_1Tests,ServoPeregrino_Organizador_Items_fnc_getRuntimeStatus
ServoPeregrino_Organizador_Items_fnc_runDelivery0_1Tests,ServoPeregrino_Organizador_Items_fnc_initialize
ServoPeregrino_Organizador_Items_fnc_runDelivery0_1Tests,ServoPeregrino_Organizador_Items_fnc_openInterface
ServoPeregrino_Organizador_Items_fnc_runDelivery0_1Tests,ServoPeregrino_Organizador_Items_fnc_resetRuntimeForTests
ServoPeregrino_Organizador_Items_fnc_runDelivery0_1Tests,ServoPeregrino_Organizador_Items_fnc_validateNexus
ServoPeregrino_Organizador_Items_fnc_runDelivery0_1Tests,ServoPeregrino_Organizador_Nexus_fnc_getCapability
ServoPeregrino_Organizador_Items_fnc_runDelivery0_1Tests,ServoPeregrino_Organizador_Nexus_fnc_hasCapability
ServoPeregrino_Organizador_Items_fnc_runDelivery0_1Tests,ServoPeregrino_Organizador_Nexus_fnc_initialize
ServoPeregrino_Organizador_Items_fnc_runDelivery0_2Tests,ServoPeregrino_Organizador_Items_fnc_cloneItemKit
ServoPeregrino_Organizador_Items_fnc_runDelivery0_2Tests,ServoPeregrino_Organizador_Items_fnc_createItemEntry
ServoPeregrino_Organizador_Items_fnc_runDelivery0_2Tests,ServoPeregrino_Organizador_Items_fnc_createItemKit
ServoPeregrino_Organizador_Items_fnc_runDelivery0_2Tests,ServoPeregrino_Organizador_Items_fnc_createStoragePayload
ServoPeregrino_Organizador_Items_fnc_runDelivery0_2Tests,ServoPeregrino_Organizador_Items_fnc_deepCopy
ServoPeregrino_Organizador_Items_fnc_runDelivery0_2Tests,ServoPeregrino_Organizador_Items_fnc_generateItemKitId
ServoPeregrino_Organizador_Items_fnc_runDelivery0_2Tests,ServoPeregrino_Organizador_Items_fnc_getBuildInfo
ServoPeregrino_Organizador_Items_fnc_runDelivery0_2Tests,ServoPeregrino_Organizador_Items_fnc_getRuntimeStatus
ServoPeregrino_Organizador_Items_fnc_runDelivery0_2Tests,ServoPeregrino_Organizador_Items_fnc_initialize
ServoPeregrino_Organizador_Items_fnc_runDelivery0_2Tests,ServoPeregrino_Organizador_Items_fnc_isValidItemKitId
ServoPeregrino_Organizador_Items_fnc_runDelivery0_2Tests,ServoPeregrino_Organizador_Items_fnc_normalizeItemEntries
ServoPeregrino_Organizador_Items_fnc_runDelivery0_2Tests,ServoPeregrino_Organizador_Items_fnc_openInterface
ServoPeregrino_Organizador_Items_fnc_runDelivery0_2Tests,ServoPeregrino_Organizador_Items_fnc_renameItemKit
ServoPeregrino_Organizador_Items_fnc_runDelivery0_2Tests,ServoPeregrino_Organizador_Items_fnc_resetRuntimeForTests
ServoPeregrino_Organizador_Items_fnc_runDelivery0_2Tests,ServoPeregrino_Organizador_Items_fnc_validateItemEntryEnvironmental
ServoPeregrino_Organizador_Items_fnc_runDelivery0_2Tests,ServoPeregrino_Organizador_Items_fnc_validateItemEntrySemantic
ServoPeregrino_Organizador_Items_fnc_runDelivery0_2Tests,ServoPeregrino_Organizador_Items_fnc_validateItemKitEnvironmental
ServoPeregrino_Organizador_Items_fnc_runDelivery0_2Tests,ServoPeregrino_Organizador_Items_fnc_validateItemKitSemantic
ServoPeregrino_Organizador_Items_fnc_runDelivery0_2Tests,ServoPeregrino_Organizador_Items_fnc_validateItemKitStructural
ServoPeregrino_Organizador_Items_fnc_runDelivery0_2Tests,ServoPeregrino_Organizador_Items_fnc_validateNexus
ServoPeregrino_Organizador_Items_fnc_runDelivery0_2Tests,ServoPeregrino_Organizador_Items_fnc_validateStorageSemantic
ServoPeregrino_Organizador_Items_fnc_runDelivery0_2Tests,ServoPeregrino_Organizador_Nexus_fnc_getCapability
ServoPeregrino_Organizador_Items_fnc_runDelivery0_2Tests,ServoPeregrino_Organizador_Nexus_fnc_hasCapability
ServoPeregrino_Organizador_Items_fnc_runDelivery0_2Tests,ServoPeregrino_Organizador_Nexus_fnc_initialize
ServoPeregrino_Organizador_Items_fnc_runDelivery0_3Tests,ServoPeregrino_Organizador_Items_fnc_cloneItemKit
ServoPeregrino_Organizador_Items_fnc_runDelivery0_3Tests,ServoPeregrino_Organizador_Items_fnc_cloneKit
ServoPeregrino_Organizador_Items_fnc_runDelivery0_3Tests,ServoPeregrino_Organizador_Items_fnc_configureRepositoryTestMode
ServoPeregrino_Organizador_Items_fnc_runDelivery0_3Tests,ServoPeregrino_Organizador_Items_fnc_createItemEntry
ServoPeregrino_Organizador_Items_fnc_runDelivery0_3Tests,ServoPeregrino_Organizador_Items_fnc_createItemKit
ServoPeregrino_Organizador_Items_fnc_runDelivery0_3Tests,ServoPeregrino_Organizador_Items_fnc_createStoragePayload
ServoPeregrino_Organizador_Items_fnc_runDelivery0_3Tests,ServoPeregrino_Organizador_Items_fnc_deepCopy
ServoPeregrino_Organizador_Items_fnc_runDelivery0_3Tests,ServoPeregrino_Organizador_Items_fnc_deleteKit
ServoPeregrino_Organizador_Items_fnc_runDelivery0_3Tests,ServoPeregrino_Organizador_Items_fnc_generateItemKitId
ServoPeregrino_Organizador_Items_fnc_runDelivery0_3Tests,ServoPeregrino_Organizador_Items_fnc_getBuildInfo
ServoPeregrino_Organizador_Items_fnc_runDelivery0_3Tests,ServoPeregrino_Organizador_Items_fnc_getKit
ServoPeregrino_Organizador_Items_fnc_runDelivery0_3Tests,ServoPeregrino_Organizador_Items_fnc_getRepositoryStatus
ServoPeregrino_Organizador_Items_fnc_runDelivery0_3Tests,ServoPeregrino_Organizador_Items_fnc_getRuntimeStatus
ServoPeregrino_Organizador_Items_fnc_runDelivery0_3Tests,ServoPeregrino_Organizador_Items_fnc_initialize
ServoPeregrino_Organizador_Items_fnc_runDelivery0_3Tests,ServoPeregrino_Organizador_Items_fnc_injectTestStoragePayload
ServoPeregrino_Organizador_Items_fnc_runDelivery0_3Tests,ServoPeregrino_Organizador_Items_fnc_isValidItemKitId
ServoPeregrino_Organizador_Items_fnc_runDelivery0_3Tests,ServoPeregrino_Organizador_Items_fnc_listKits
ServoPeregrino_Organizador_Items_fnc_runDelivery0_3Tests,ServoPeregrino_Organizador_Items_fnc_loadStorage
ServoPeregrino_Organizador_Items_fnc_runDelivery0_3Tests,ServoPeregrino_Organizador_Items_fnc_migrateStorage
ServoPeregrino_Organizador_Items_fnc_runDelivery0_3Tests,ServoPeregrino_Organizador_Items_fnc_normalizeItemEntries
ServoPeregrino_Organizador_Items_fnc_runDelivery0_3Tests,ServoPeregrino_Organizador_Items_fnc_openInterface
ServoPeregrino_Organizador_Items_fnc_runDelivery0_3Tests,ServoPeregrino_Organizador_Items_fnc_renameItemKit
ServoPeregrino_Organizador_Items_fnc_runDelivery0_3Tests,ServoPeregrino_Organizador_Items_fnc_resetRuntimeForTests
ServoPeregrino_Organizador_Items_fnc_runDelivery0_3Tests,ServoPeregrino_Organizador_Items_fnc_saveKit
ServoPeregrino_Organizador_Items_fnc_runDelivery0_3Tests,ServoPeregrino_Organizador_Items_fnc_saveStorage
ServoPeregrino_Organizador_Items_fnc_runDelivery0_3Tests,ServoPeregrino_Organizador_Items_fnc_validateItemEntryEnvironmental
ServoPeregrino_Organizador_Items_fnc_runDelivery0_3Tests,ServoPeregrino_Organizador_Items_fnc_validateItemEntrySemantic
ServoPeregrino_Organizador_Items_fnc_runDelivery0_3Tests,ServoPeregrino_Organizador_Items_fnc_validateItemKitEnvironmental
ServoPeregrino_Organizador_Items_fnc_runDelivery0_3Tests,ServoPeregrino_Organizador_Items_fnc_validateItemKitSemantic
ServoPeregrino_Organizador_Items_fnc_runDelivery0_3Tests,ServoPeregrino_Organizador_Items_fnc_validateItemKitStructural
ServoPeregrino_Organizador_Items_fnc_runDelivery0_3Tests,ServoPeregrino_Organizador_Items_fnc_validateNexus
ServoPeregrino_Organizador_Items_fnc_runDelivery0_3Tests,ServoPeregrino_Organizador_Items_fnc_validateStorageSemantic
ServoPeregrino_Organizador_Items_fnc_runDelivery0_3Tests,ServoPeregrino_Organizador_Nexus_fnc_getCapability
ServoPeregrino_Organizador_Items_fnc_runDelivery0_3Tests,ServoPeregrino_Organizador_Nexus_fnc_hasCapability
ServoPeregrino_Organizador_Items_fnc_runDelivery0_3Tests,ServoPeregrino_Organizador_Nexus_fnc_initialize
ServoPeregrino_Organizador_Items_fnc_runDelivery0_4Tests,ServoPeregrino_Organizador_Items_fnc_analyzeContainerCargo
ServoPeregrino_Organizador_Items_fnc_runDelivery0_4Tests,ServoPeregrino_Organizador_Items_fnc_capturePlayerContainer
ServoPeregrino_Organizador_Items_fnc_runDelivery0_4Tests,ServoPeregrino_Organizador_Items_fnc_capturePlayerContainers
ServoPeregrino_Organizador_Items_fnc_runDelivery0_4Tests,ServoPeregrino_Organizador_Items_fnc_classifyCargoClass
ServoPeregrino_Organizador_Items_fnc_runDelivery0_4Tests,ServoPeregrino_Organizador_Items_fnc_cloneItemKit
ServoPeregrino_Organizador_Items_fnc_runDelivery0_4Tests,ServoPeregrino_Organizador_Items_fnc_cloneKit
ServoPeregrino_Organizador_Items_fnc_runDelivery0_4Tests,ServoPeregrino_Organizador_Items_fnc_configureRepositoryTestMode
ServoPeregrino_Organizador_Items_fnc_runDelivery0_4Tests,ServoPeregrino_Organizador_Items_fnc_createCaptureDraft
ServoPeregrino_Organizador_Items_fnc_runDelivery0_4Tests,ServoPeregrino_Organizador_Items_fnc_createItemEntry
ServoPeregrino_Organizador_Items_fnc_runDelivery0_4Tests,ServoPeregrino_Organizador_Items_fnc_createItemKit
ServoPeregrino_Organizador_Items_fnc_runDelivery0_4Tests,ServoPeregrino_Organizador_Items_fnc_createStoragePayload
ServoPeregrino_Organizador_Items_fnc_runDelivery0_4Tests,ServoPeregrino_Organizador_Items_fnc_deepCopy
ServoPeregrino_Organizador_Items_fnc_runDelivery0_4Tests,ServoPeregrino_Organizador_Items_fnc_deleteKit
ServoPeregrino_Organizador_Items_fnc_runDelivery0_4Tests,ServoPeregrino_Organizador_Items_fnc_generateItemKitId
ServoPeregrino_Organizador_Items_fnc_runDelivery0_4Tests,ServoPeregrino_Organizador_Items_fnc_getBuildInfo
ServoPeregrino_Organizador_Items_fnc_runDelivery0_4Tests,ServoPeregrino_Organizador_Items_fnc_getKit
ServoPeregrino_Organizador_Items_fnc_runDelivery0_4Tests,ServoPeregrino_Organizador_Items_fnc_getLoadoutFingerprint
ServoPeregrino_Organizador_Items_fnc_runDelivery0_4Tests,ServoPeregrino_Organizador_Items_fnc_getRepositoryStatus
ServoPeregrino_Organizador_Items_fnc_runDelivery0_4Tests,ServoPeregrino_Organizador_Items_fnc_getRuntimeStatus
ServoPeregrino_Organizador_Items_fnc_runDelivery0_4Tests,ServoPeregrino_Organizador_Items_fnc_initialize
ServoPeregrino_Organizador_Items_fnc_runDelivery0_4Tests,ServoPeregrino_Organizador_Items_fnc_injectTestStoragePayload
ServoPeregrino_Organizador_Items_fnc_runDelivery0_4Tests,ServoPeregrino_Organizador_Items_fnc_isValidItemKitId
ServoPeregrino_Organizador_Items_fnc_runDelivery0_4Tests,ServoPeregrino_Organizador_Items_fnc_listKits
ServoPeregrino_Organizador_Items_fnc_runDelivery0_4Tests,ServoPeregrino_Organizador_Items_fnc_loadStorage
ServoPeregrino_Organizador_Items_fnc_runDelivery0_4Tests,ServoPeregrino_Organizador_Items_fnc_migrateStorage
ServoPeregrino_Organizador_Items_fnc_runDelivery0_4Tests,ServoPeregrino_Organizador_Items_fnc_normalizeItemEntries
ServoPeregrino_Organizador_Items_fnc_runDelivery0_4Tests,ServoPeregrino_Organizador_Items_fnc_openInterface
ServoPeregrino_Organizador_Items_fnc_runDelivery0_4Tests,ServoPeregrino_Organizador_Items_fnc_renameItemKit
ServoPeregrino_Organizador_Items_fnc_runDelivery0_4Tests,ServoPeregrino_Organizador_Items_fnc_resetRuntimeForTests
ServoPeregrino_Organizador_Items_fnc_runDelivery0_4Tests,ServoPeregrino_Organizador_Items_fnc_resolvePlayerContainer
ServoPeregrino_Organizador_Items_fnc_runDelivery0_4Tests,ServoPeregrino_Organizador_Items_fnc_saveKit
ServoPeregrino_Organizador_Items_fnc_runDelivery0_4Tests,ServoPeregrino_Organizador_Items_fnc_saveStorage
ServoPeregrino_Organizador_Items_fnc_runDelivery0_4Tests,ServoPeregrino_Organizador_Items_fnc_validateItemEntryEnvironmental
ServoPeregrino_Organizador_Items_fnc_runDelivery0_4Tests,ServoPeregrino_Organizador_Items_fnc_validateItemEntrySemantic
ServoPeregrino_Organizador_Items_fnc_runDelivery0_4Tests,ServoPeregrino_Organizador_Items_fnc_validateItemKitEnvironmental
ServoPeregrino_Organizador_Items_fnc_runDelivery0_4Tests,ServoPeregrino_Organizador_Items_fnc_validateItemKitSemantic
ServoPeregrino_Organizador_Items_fnc_runDelivery0_4Tests,ServoPeregrino_Organizador_Items_fnc_validateItemKitStructural
ServoPeregrino_Organizador_Items_fnc_runDelivery0_4Tests,ServoPeregrino_Organizador_Items_fnc_validateNexus
ServoPeregrino_Organizador_Items_fnc_runDelivery0_4Tests,ServoPeregrino_Organizador_Items_fnc_validateStorageSemantic
ServoPeregrino_Organizador_Items_fnc_runDelivery0_4Tests,ServoPeregrino_Organizador_Nexus_fnc_getCapability
ServoPeregrino_Organizador_Items_fnc_runDelivery0_4Tests,ServoPeregrino_Organizador_Nexus_fnc_hasCapability
ServoPeregrino_Organizador_Items_fnc_runDelivery0_4Tests,ServoPeregrino_Organizador_Nexus_fnc_initialize
ServoPeregrino_Organizador_Items_fnc_runDelivery0_4_1Tests,ServoPeregrino_Organizador_Items_fnc_analyzeContainerCargo
ServoPeregrino_Organizador_Items_fnc_runDelivery0_4_1Tests,ServoPeregrino_Organizador_Items_fnc_capturePlayerContainer
ServoPeregrino_Organizador_Items_fnc_runDelivery0_4_1Tests,ServoPeregrino_Organizador_Items_fnc_capturePlayerContainers
ServoPeregrino_Organizador_Items_fnc_runDelivery0_4_1Tests,ServoPeregrino_Organizador_Items_fnc_classifyCargoClass
ServoPeregrino_Organizador_Items_fnc_runDelivery0_4_1Tests,ServoPeregrino_Organizador_Items_fnc_cloneItemKit
ServoPeregrino_Organizador_Items_fnc_runDelivery0_4_1Tests,ServoPeregrino_Organizador_Items_fnc_cloneKit
ServoPeregrino_Organizador_Items_fnc_runDelivery0_4_1Tests,ServoPeregrino_Organizador_Items_fnc_configureRepositoryTestMode
ServoPeregrino_Organizador_Items_fnc_runDelivery0_4_1Tests,ServoPeregrino_Organizador_Items_fnc_createCaptureDraft
ServoPeregrino_Organizador_Items_fnc_runDelivery0_4_1Tests,ServoPeregrino_Organizador_Items_fnc_createItemEntry
ServoPeregrino_Organizador_Items_fnc_runDelivery0_4_1Tests,ServoPeregrino_Organizador_Items_fnc_createItemKit
ServoPeregrino_Organizador_Items_fnc_runDelivery0_4_1Tests,ServoPeregrino_Organizador_Items_fnc_createStoragePayload
ServoPeregrino_Organizador_Items_fnc_runDelivery0_4_1Tests,ServoPeregrino_Organizador_Items_fnc_deepCopy
ServoPeregrino_Organizador_Items_fnc_runDelivery0_4_1Tests,ServoPeregrino_Organizador_Items_fnc_deleteKit
ServoPeregrino_Organizador_Items_fnc_runDelivery0_4_1Tests,ServoPeregrino_Organizador_Items_fnc_generateItemKitId
ServoPeregrino_Organizador_Items_fnc_runDelivery0_4_1Tests,ServoPeregrino_Organizador_Items_fnc_getBuildInfo
ServoPeregrino_Organizador_Items_fnc_runDelivery0_4_1Tests,ServoPeregrino_Organizador_Items_fnc_getKit
ServoPeregrino_Organizador_Items_fnc_runDelivery0_4_1Tests,ServoPeregrino_Organizador_Items_fnc_getLoadoutFingerprint
ServoPeregrino_Organizador_Items_fnc_runDelivery0_4_1Tests,ServoPeregrino_Organizador_Items_fnc_getRepositoryStatus
ServoPeregrino_Organizador_Items_fnc_runDelivery0_4_1Tests,ServoPeregrino_Organizador_Items_fnc_getRuntimeStatus
ServoPeregrino_Organizador_Items_fnc_runDelivery0_4_1Tests,ServoPeregrino_Organizador_Items_fnc_initialize
ServoPeregrino_Organizador_Items_fnc_runDelivery0_4_1Tests,ServoPeregrino_Organizador_Items_fnc_injectTestStoragePayload
ServoPeregrino_Organizador_Items_fnc_runDelivery0_4_1Tests,ServoPeregrino_Organizador_Items_fnc_isValidItemKitId
ServoPeregrino_Organizador_Items_fnc_runDelivery0_4_1Tests,ServoPeregrino_Organizador_Items_fnc_listKits
ServoPeregrino_Organizador_Items_fnc_runDelivery0_4_1Tests,ServoPeregrino_Organizador_Items_fnc_loadStorage
ServoPeregrino_Organizador_Items_fnc_runDelivery0_4_1Tests,ServoPeregrino_Organizador_Items_fnc_migrateStorage
ServoPeregrino_Organizador_Items_fnc_runDelivery0_4_1Tests,ServoPeregrino_Organizador_Items_fnc_normalizeItemEntries
ServoPeregrino_Organizador_Items_fnc_runDelivery0_4_1Tests,ServoPeregrino_Organizador_Items_fnc_openInterface
ServoPeregrino_Organizador_Items_fnc_runDelivery0_4_1Tests,ServoPeregrino_Organizador_Items_fnc_renameItemKit
ServoPeregrino_Organizador_Items_fnc_runDelivery0_4_1Tests,ServoPeregrino_Organizador_Items_fnc_resetRuntimeForTests
ServoPeregrino_Organizador_Items_fnc_runDelivery0_4_1Tests,ServoPeregrino_Organizador_Items_fnc_resolvePlayerContainer
ServoPeregrino_Organizador_Items_fnc_runDelivery0_4_1Tests,ServoPeregrino_Organizador_Items_fnc_saveKit
ServoPeregrino_Organizador_Items_fnc_runDelivery0_4_1Tests,ServoPeregrino_Organizador_Items_fnc_saveStorage
ServoPeregrino_Organizador_Items_fnc_runDelivery0_4_1Tests,ServoPeregrino_Organizador_Items_fnc_validateItemEntryEnvironmental
ServoPeregrino_Organizador_Items_fnc_runDelivery0_4_1Tests,ServoPeregrino_Organizador_Items_fnc_validateItemEntrySemantic
ServoPeregrino_Organizador_Items_fnc_runDelivery0_4_1Tests,ServoPeregrino_Organizador_Items_fnc_validateItemKitEnvironmental
ServoPeregrino_Organizador_Items_fnc_runDelivery0_4_1Tests,ServoPeregrino_Organizador_Items_fnc_validateItemKitSemantic
ServoPeregrino_Organizador_Items_fnc_runDelivery0_4_1Tests,ServoPeregrino_Organizador_Items_fnc_validateItemKitStructural
ServoPeregrino_Organizador_Items_fnc_runDelivery0_4_1Tests,ServoPeregrino_Organizador_Items_fnc_validateNexus
ServoPeregrino_Organizador_Items_fnc_runDelivery0_4_1Tests,ServoPeregrino_Organizador_Items_fnc_validateStorageSemantic
ServoPeregrino_Organizador_Items_fnc_runDelivery0_4_1Tests,ServoPeregrino_Organizador_Nexus_fnc_getCapability
ServoPeregrino_Organizador_Items_fnc_runDelivery0_4_1Tests,ServoPeregrino_Organizador_Nexus_fnc_hasCapability
ServoPeregrino_Organizador_Items_fnc_runDelivery0_4_1Tests,ServoPeregrino_Organizador_Nexus_fnc_initialize
ServoPeregrino_Organizador_Items_fnc_runDelivery0_4_2Tests,ServoPeregrino_Organizador_Items_fnc_analyzeContainerCargo
ServoPeregrino_Organizador_Items_fnc_runDelivery0_4_2Tests,ServoPeregrino_Organizador_Items_fnc_capturePlayerContainer
ServoPeregrino_Organizador_Items_fnc_runDelivery0_4_2Tests,ServoPeregrino_Organizador_Items_fnc_capturePlayerContainers
ServoPeregrino_Organizador_Items_fnc_runDelivery0_4_2Tests,ServoPeregrino_Organizador_Items_fnc_classifyCargoClass
ServoPeregrino_Organizador_Items_fnc_runDelivery0_4_2Tests,ServoPeregrino_Organizador_Items_fnc_cloneItemKit
ServoPeregrino_Organizador_Items_fnc_runDelivery0_4_2Tests,ServoPeregrino_Organizador_Items_fnc_cloneKit
ServoPeregrino_Organizador_Items_fnc_runDelivery0_4_2Tests,ServoPeregrino_Organizador_Items_fnc_configureRepositoryTestMode
ServoPeregrino_Organizador_Items_fnc_runDelivery0_4_2Tests,ServoPeregrino_Organizador_Items_fnc_createCaptureDraft
ServoPeregrino_Organizador_Items_fnc_runDelivery0_4_2Tests,ServoPeregrino_Organizador_Items_fnc_createItemEntry
ServoPeregrino_Organizador_Items_fnc_runDelivery0_4_2Tests,ServoPeregrino_Organizador_Items_fnc_createItemKit
ServoPeregrino_Organizador_Items_fnc_runDelivery0_4_2Tests,ServoPeregrino_Organizador_Items_fnc_createStoragePayload
ServoPeregrino_Organizador_Items_fnc_runDelivery0_4_2Tests,ServoPeregrino_Organizador_Items_fnc_deepCopy
ServoPeregrino_Organizador_Items_fnc_runDelivery0_4_2Tests,ServoPeregrino_Organizador_Items_fnc_deleteKit
ServoPeregrino_Organizador_Items_fnc_runDelivery0_4_2Tests,ServoPeregrino_Organizador_Items_fnc_generateItemKitId
ServoPeregrino_Organizador_Items_fnc_runDelivery0_4_2Tests,ServoPeregrino_Organizador_Items_fnc_getBuildInfo
ServoPeregrino_Organizador_Items_fnc_runDelivery0_4_2Tests,ServoPeregrino_Organizador_Items_fnc_getKit
ServoPeregrino_Organizador_Items_fnc_runDelivery0_4_2Tests,ServoPeregrino_Organizador_Items_fnc_getLoadoutFingerprint
ServoPeregrino_Organizador_Items_fnc_runDelivery0_4_2Tests,ServoPeregrino_Organizador_Items_fnc_getRepositoryStatus
ServoPeregrino_Organizador_Items_fnc_runDelivery0_4_2Tests,ServoPeregrino_Organizador_Items_fnc_getRuntimeStatus
ServoPeregrino_Organizador_Items_fnc_runDelivery0_4_2Tests,ServoPeregrino_Organizador_Items_fnc_initialize
ServoPeregrino_Organizador_Items_fnc_runDelivery0_4_2Tests,ServoPeregrino_Organizador_Items_fnc_injectTestStoragePayload
ServoPeregrino_Organizador_Items_fnc_runDelivery0_4_2Tests,ServoPeregrino_Organizador_Items_fnc_isValidItemKitId
ServoPeregrino_Organizador_Items_fnc_runDelivery0_4_2Tests,ServoPeregrino_Organizador_Items_fnc_listKits
ServoPeregrino_Organizador_Items_fnc_runDelivery0_4_2Tests,ServoPeregrino_Organizador_Items_fnc_loadStorage
ServoPeregrino_Organizador_Items_fnc_runDelivery0_4_2Tests,ServoPeregrino_Organizador_Items_fnc_migrateStorage
ServoPeregrino_Organizador_Items_fnc_runDelivery0_4_2Tests,ServoPeregrino_Organizador_Items_fnc_normalizeItemEntries
ServoPeregrino_Organizador_Items_fnc_runDelivery0_4_2Tests,ServoPeregrino_Organizador_Items_fnc_openInterface
ServoPeregrino_Organizador_Items_fnc_runDelivery0_4_2Tests,ServoPeregrino_Organizador_Items_fnc_renameItemKit
ServoPeregrino_Organizador_Items_fnc_runDelivery0_4_2Tests,ServoPeregrino_Organizador_Items_fnc_resetRuntimeForTests
ServoPeregrino_Organizador_Items_fnc_runDelivery0_4_2Tests,ServoPeregrino_Organizador_Items_fnc_resolvePlayerContainer
ServoPeregrino_Organizador_Items_fnc_runDelivery0_4_2Tests,ServoPeregrino_Organizador_Items_fnc_saveKit
ServoPeregrino_Organizador_Items_fnc_runDelivery0_4_2Tests,ServoPeregrino_Organizador_Items_fnc_saveStorage
ServoPeregrino_Organizador_Items_fnc_runDelivery0_4_2Tests,ServoPeregrino_Organizador_Items_fnc_validateItemEntryEnvironmental
ServoPeregrino_Organizador_Items_fnc_runDelivery0_4_2Tests,ServoPeregrino_Organizador_Items_fnc_validateItemEntrySemantic
ServoPeregrino_Organizador_Items_fnc_runDelivery0_4_2Tests,ServoPeregrino_Organizador_Items_fnc_validateItemKitEnvironmental
ServoPeregrino_Organizador_Items_fnc_runDelivery0_4_2Tests,ServoPeregrino_Organizador_Items_fnc_validateItemKitSemantic
ServoPeregrino_Organizador_Items_fnc_runDelivery0_4_2Tests,ServoPeregrino_Organizador_Items_fnc_validateItemKitStructural
ServoPeregrino_Organizador_Items_fnc_runDelivery0_4_2Tests,ServoPeregrino_Organizador_Items_fnc_validateNexus
ServoPeregrino_Organizador_Items_fnc_runDelivery0_4_2Tests,ServoPeregrino_Organizador_Items_fnc_validateStorageSemantic
ServoPeregrino_Organizador_Items_fnc_runDelivery0_4_2Tests,ServoPeregrino_Organizador_Nexus_fnc_getCapability
ServoPeregrino_Organizador_Items_fnc_runDelivery0_4_2Tests,ServoPeregrino_Organizador_Nexus_fnc_hasCapability
ServoPeregrino_Organizador_Items_fnc_runDelivery0_4_2Tests,ServoPeregrino_Organizador_Nexus_fnc_initialize
ServoPeregrino_Organizador_Items_fnc_runDelivery0_4_3Tests,ServoPeregrino_Organizador_Items_fnc_analyzeContainerCargo
ServoPeregrino_Organizador_Items_fnc_runDelivery0_4_3Tests,ServoPeregrino_Organizador_Items_fnc_capturePlayerContainer
ServoPeregrino_Organizador_Items_fnc_runDelivery0_4_3Tests,ServoPeregrino_Organizador_Items_fnc_capturePlayerContainers
ServoPeregrino_Organizador_Items_fnc_runDelivery0_4_3Tests,ServoPeregrino_Organizador_Items_fnc_classifyCargoClass
ServoPeregrino_Organizador_Items_fnc_runDelivery0_4_3Tests,ServoPeregrino_Organizador_Items_fnc_cloneItemKit
ServoPeregrino_Organizador_Items_fnc_runDelivery0_4_3Tests,ServoPeregrino_Organizador_Items_fnc_cloneKit
ServoPeregrino_Organizador_Items_fnc_runDelivery0_4_3Tests,ServoPeregrino_Organizador_Items_fnc_configureRepositoryTestMode
ServoPeregrino_Organizador_Items_fnc_runDelivery0_4_3Tests,ServoPeregrino_Organizador_Items_fnc_createCaptureDraft
ServoPeregrino_Organizador_Items_fnc_runDelivery0_4_3Tests,ServoPeregrino_Organizador_Items_fnc_createItemEntry
ServoPeregrino_Organizador_Items_fnc_runDelivery0_4_3Tests,ServoPeregrino_Organizador_Items_fnc_createItemKit
ServoPeregrino_Organizador_Items_fnc_runDelivery0_4_3Tests,ServoPeregrino_Organizador_Items_fnc_createStoragePayload
ServoPeregrino_Organizador_Items_fnc_runDelivery0_4_3Tests,ServoPeregrino_Organizador_Items_fnc_deepCopy
ServoPeregrino_Organizador_Items_fnc_runDelivery0_4_3Tests,ServoPeregrino_Organizador_Items_fnc_deleteKit
ServoPeregrino_Organizador_Items_fnc_runDelivery0_4_3Tests,ServoPeregrino_Organizador_Items_fnc_generateItemKitId
ServoPeregrino_Organizador_Items_fnc_runDelivery0_4_3Tests,ServoPeregrino_Organizador_Items_fnc_getBuildInfo
ServoPeregrino_Organizador_Items_fnc_runDelivery0_4_3Tests,ServoPeregrino_Organizador_Items_fnc_getKit
ServoPeregrino_Organizador_Items_fnc_runDelivery0_4_3Tests,ServoPeregrino_Organizador_Items_fnc_getLoadoutFingerprint
ServoPeregrino_Organizador_Items_fnc_runDelivery0_4_3Tests,ServoPeregrino_Organizador_Items_fnc_getRepositoryStatus
ServoPeregrino_Organizador_Items_fnc_runDelivery0_4_3Tests,ServoPeregrino_Organizador_Items_fnc_getRuntimeStatus
ServoPeregrino_Organizador_Items_fnc_runDelivery0_4_3Tests,ServoPeregrino_Organizador_Items_fnc_initialize
ServoPeregrino_Organizador_Items_fnc_runDelivery0_4_3Tests,ServoPeregrino_Organizador_Items_fnc_injectTestStoragePayload
ServoPeregrino_Organizador_Items_fnc_runDelivery0_4_3Tests,ServoPeregrino_Organizador_Items_fnc_isValidItemKitId
ServoPeregrino_Organizador_Items_fnc_runDelivery0_4_3Tests,ServoPeregrino_Organizador_Items_fnc_listKits
ServoPeregrino_Organizador_Items_fnc_runDelivery0_4_3Tests,ServoPeregrino_Organizador_Items_fnc_loadStorage
ServoPeregrino_Organizador_Items_fnc_runDelivery0_4_3Tests,ServoPeregrino_Organizador_Items_fnc_migrateStorage
ServoPeregrino_Organizador_Items_fnc_runDelivery0_4_3Tests,ServoPeregrino_Organizador_Items_fnc_normalizeItemEntries
ServoPeregrino_Organizador_Items_fnc_runDelivery0_4_3Tests,ServoPeregrino_Organizador_Items_fnc_openInterface
ServoPeregrino_Organizador_Items_fnc_runDelivery0_4_3Tests,ServoPeregrino_Organizador_Items_fnc_renameItemKit
ServoPeregrino_Organizador_Items_fnc_runDelivery0_4_3Tests,ServoPeregrino_Organizador_Items_fnc_resetRuntimeForTests
ServoPeregrino_Organizador_Items_fnc_runDelivery0_4_3Tests,ServoPeregrino_Organizador_Items_fnc_resolvePlayerContainer
ServoPeregrino_Organizador_Items_fnc_runDelivery0_4_3Tests,ServoPeregrino_Organizador_Items_fnc_saveKit
ServoPeregrino_Organizador_Items_fnc_runDelivery0_4_3Tests,ServoPeregrino_Organizador_Items_fnc_saveStorage
ServoPeregrino_Organizador_Items_fnc_runDelivery0_4_3Tests,ServoPeregrino_Organizador_Items_fnc_validateItemEntryEnvironmental
ServoPeregrino_Organizador_Items_fnc_runDelivery0_4_3Tests,ServoPeregrino_Organizador_Items_fnc_validateItemEntrySemantic
ServoPeregrino_Organizador_Items_fnc_runDelivery0_4_3Tests,ServoPeregrino_Organizador_Items_fnc_validateItemKitEnvironmental
ServoPeregrino_Organizador_Items_fnc_runDelivery0_4_3Tests,ServoPeregrino_Organizador_Items_fnc_validateItemKitSemantic
ServoPeregrino_Organizador_Items_fnc_runDelivery0_4_3Tests,ServoPeregrino_Organizador_Items_fnc_validateItemKitStructural
ServoPeregrino_Organizador_Items_fnc_runDelivery0_4_3Tests,ServoPeregrino_Organizador_Items_fnc_validateNexus
ServoPeregrino_Organizador_Items_fnc_runDelivery0_4_3Tests,ServoPeregrino_Organizador_Items_fnc_validateStorageSemantic
ServoPeregrino_Organizador_Items_fnc_runDelivery0_4_3Tests,ServoPeregrino_Organizador_Nexus_fnc_getCapability
ServoPeregrino_Organizador_Items_fnc_runDelivery0_4_3Tests,ServoPeregrino_Organizador_Nexus_fnc_hasCapability
ServoPeregrino_Organizador_Items_fnc_runDelivery0_4_3Tests,ServoPeregrino_Organizador_Nexus_fnc_initialize
ServoPeregrino_Organizador_Items_fnc_runDelivery0_5Tests,ServoPeregrino_Organizador_Items_fnc_analyzeContainerCargo
ServoPeregrino_Organizador_Items_fnc_runDelivery0_5Tests,ServoPeregrino_Organizador_Items_fnc_capturePlayerContainer
ServoPeregrino_Organizador_Items_fnc_runDelivery0_5Tests,ServoPeregrino_Organizador_Items_fnc_capturePlayerContainers
ServoPeregrino_Organizador_Items_fnc_runDelivery0_5Tests,ServoPeregrino_Organizador_Items_fnc_classifyCargoClass
ServoPeregrino_Organizador_Items_fnc_runDelivery0_5Tests,ServoPeregrino_Organizador_Items_fnc_classifyContentClass
ServoPeregrino_Organizador_Items_fnc_runDelivery0_5Tests,ServoPeregrino_Organizador_Items_fnc_cloneItemKit
ServoPeregrino_Organizador_Items_fnc_runDelivery0_5Tests,ServoPeregrino_Organizador_Items_fnc_cloneKit
ServoPeregrino_Organizador_Items_fnc_runDelivery0_5Tests,ServoPeregrino_Organizador_Items_fnc_configureRepositoryTestMode
ServoPeregrino_Organizador_Items_fnc_runDelivery0_5Tests,ServoPeregrino_Organizador_Items_fnc_createCaptureDraft
ServoPeregrino_Organizador_Items_fnc_runDelivery0_5Tests,ServoPeregrino_Organizador_Items_fnc_createCatalogItemFromConfig
ServoPeregrino_Organizador_Items_fnc_runDelivery0_5Tests,ServoPeregrino_Organizador_Items_fnc_createItemEntry
ServoPeregrino_Organizador_Items_fnc_runDelivery0_5Tests,ServoPeregrino_Organizador_Items_fnc_createItemKit
ServoPeregrino_Organizador_Items_fnc_runDelivery0_5Tests,ServoPeregrino_Organizador_Items_fnc_createStoragePayload
ServoPeregrino_Organizador_Items_fnc_runDelivery0_5Tests,ServoPeregrino_Organizador_Items_fnc_deepCopy
ServoPeregrino_Organizador_Items_fnc_runDelivery0_5Tests,ServoPeregrino_Organizador_Items_fnc_deleteKit
ServoPeregrino_Organizador_Items_fnc_runDelivery0_5Tests,ServoPeregrino_Organizador_Items_fnc_filterCatalog
ServoPeregrino_Organizador_Items_fnc_runDelivery0_5Tests,ServoPeregrino_Organizador_Items_fnc_generateItemKitId
ServoPeregrino_Organizador_Items_fnc_runDelivery0_5Tests,ServoPeregrino_Organizador_Items_fnc_getBuildInfo
ServoPeregrino_Organizador_Items_fnc_runDelivery0_5Tests,ServoPeregrino_Organizador_Items_fnc_getCatalog
ServoPeregrino_Organizador_Items_fnc_runDelivery0_5Tests,ServoPeregrino_Organizador_Items_fnc_getCatalogCategories
ServoPeregrino_Organizador_Items_fnc_runDelivery0_5Tests,ServoPeregrino_Organizador_Items_fnc_getCatalogStatus
ServoPeregrino_Organizador_Items_fnc_runDelivery0_5Tests,ServoPeregrino_Organizador_Items_fnc_getKit
ServoPeregrino_Organizador_Items_fnc_runDelivery0_5Tests,ServoPeregrino_Organizador_Items_fnc_getLoadoutFingerprint
ServoPeregrino_Organizador_Items_fnc_runDelivery0_5Tests,ServoPeregrino_Organizador_Items_fnc_getRepositoryStatus
ServoPeregrino_Organizador_Items_fnc_runDelivery0_5Tests,ServoPeregrino_Organizador_Items_fnc_getRuntimeStatus
ServoPeregrino_Organizador_Items_fnc_runDelivery0_5Tests,ServoPeregrino_Organizador_Items_fnc_initialize
ServoPeregrino_Organizador_Items_fnc_runDelivery0_5Tests,ServoPeregrino_Organizador_Items_fnc_injectTestStoragePayload
ServoPeregrino_Organizador_Items_fnc_runDelivery0_5Tests,ServoPeregrino_Organizador_Items_fnc_invalidateCatalogCache
ServoPeregrino_Organizador_Items_fnc_runDelivery0_5Tests,ServoPeregrino_Organizador_Items_fnc_isValidItemKitId
ServoPeregrino_Organizador_Items_fnc_runDelivery0_5Tests,ServoPeregrino_Organizador_Items_fnc_listKits
ServoPeregrino_Organizador_Items_fnc_runDelivery0_5Tests,ServoPeregrino_Organizador_Items_fnc_loadStorage
ServoPeregrino_Organizador_Items_fnc_runDelivery0_5Tests,ServoPeregrino_Organizador_Items_fnc_migrateStorage
ServoPeregrino_Organizador_Items_fnc_runDelivery0_5Tests,ServoPeregrino_Organizador_Items_fnc_normalizeItemEntries
ServoPeregrino_Organizador_Items_fnc_runDelivery0_5Tests,ServoPeregrino_Organizador_Items_fnc_openInterface
ServoPeregrino_Organizador_Items_fnc_runDelivery0_5Tests,ServoPeregrino_Organizador_Items_fnc_renameItemKit
ServoPeregrino_Organizador_Items_fnc_runDelivery0_5Tests,ServoPeregrino_Organizador_Items_fnc_resetRuntimeForTests
ServoPeregrino_Organizador_Items_fnc_runDelivery0_5Tests,ServoPeregrino_Organizador_Items_fnc_resolveCatalogItem
ServoPeregrino_Organizador_Items_fnc_runDelivery0_5Tests,ServoPeregrino_Organizador_Items_fnc_resolvePlayerContainer
ServoPeregrino_Organizador_Items_fnc_runDelivery0_5Tests,ServoPeregrino_Organizador_Items_fnc_saveKit
ServoPeregrino_Organizador_Items_fnc_runDelivery0_5Tests,ServoPeregrino_Organizador_Items_fnc_saveStorage
ServoPeregrino_Organizador_Items_fnc_runDelivery0_5Tests,ServoPeregrino_Organizador_Items_fnc_validateItemEntryEnvironmental
ServoPeregrino_Organizador_Items_fnc_runDelivery0_5Tests,ServoPeregrino_Organizador_Items_fnc_validateItemEntrySemantic
ServoPeregrino_Organizador_Items_fnc_runDelivery0_5Tests,ServoPeregrino_Organizador_Items_fnc_validateItemKitEnvironmental
ServoPeregrino_Organizador_Items_fnc_runDelivery0_5Tests,ServoPeregrino_Organizador_Items_fnc_validateItemKitSemantic
ServoPeregrino_Organizador_Items_fnc_runDelivery0_5Tests,ServoPeregrino_Organizador_Items_fnc_validateItemKitStructural
ServoPeregrino_Organizador_Items_fnc_runDelivery0_5Tests,ServoPeregrino_Organizador_Items_fnc_validateNexus
ServoPeregrino_Organizador_Items_fnc_runDelivery0_5Tests,ServoPeregrino_Organizador_Items_fnc_validateStorageSemantic
ServoPeregrino_Organizador_Items_fnc_runDelivery0_5Tests,ServoPeregrino_Organizador_Nexus_fnc_getCapability
ServoPeregrino_Organizador_Items_fnc_runDelivery0_5Tests,ServoPeregrino_Organizador_Nexus_fnc_hasCapability
ServoPeregrino_Organizador_Items_fnc_runDelivery0_5Tests,ServoPeregrino_Organizador_Nexus_fnc_initialize
ServoPeregrino_Organizador_Items_fnc_runDelivery0_5_1Tests,ServoPeregrino_Organizador_Items_fnc_analyzeContainerCargo
ServoPeregrino_Organizador_Items_fnc_runDelivery0_5_1Tests,ServoPeregrino_Organizador_Items_fnc_buildCatalog
ServoPeregrino_Organizador_Items_fnc_runDelivery0_5_1Tests,ServoPeregrino_Organizador_Items_fnc_capturePlayerContainer
ServoPeregrino_Organizador_Items_fnc_runDelivery0_5_1Tests,ServoPeregrino_Organizador_Items_fnc_capturePlayerContainers
ServoPeregrino_Organizador_Items_fnc_runDelivery0_5_1Tests,ServoPeregrino_Organizador_Items_fnc_classifyCargoClass
ServoPeregrino_Organizador_Items_fnc_runDelivery0_5_1Tests,ServoPeregrino_Organizador_Items_fnc_classifyContentClass
ServoPeregrino_Organizador_Items_fnc_runDelivery0_5_1Tests,ServoPeregrino_Organizador_Items_fnc_cloneItemKit
ServoPeregrino_Organizador_Items_fnc_runDelivery0_5_1Tests,ServoPeregrino_Organizador_Items_fnc_cloneKit
ServoPeregrino_Organizador_Items_fnc_runDelivery0_5_1Tests,ServoPeregrino_Organizador_Items_fnc_configureRepositoryTestMode
ServoPeregrino_Organizador_Items_fnc_runDelivery0_5_1Tests,ServoPeregrino_Organizador_Items_fnc_createCaptureDraft
ServoPeregrino_Organizador_Items_fnc_runDelivery0_5_1Tests,ServoPeregrino_Organizador_Items_fnc_createCatalogItemFromConfig
ServoPeregrino_Organizador_Items_fnc_runDelivery0_5_1Tests,ServoPeregrino_Organizador_Items_fnc_createItemEntry
ServoPeregrino_Organizador_Items_fnc_runDelivery0_5_1Tests,ServoPeregrino_Organizador_Items_fnc_createItemKit
ServoPeregrino_Organizador_Items_fnc_runDelivery0_5_1Tests,ServoPeregrino_Organizador_Items_fnc_createStoragePayload
ServoPeregrino_Organizador_Items_fnc_runDelivery0_5_1Tests,ServoPeregrino_Organizador_Items_fnc_deepCopy
ServoPeregrino_Organizador_Items_fnc_runDelivery0_5_1Tests,ServoPeregrino_Organizador_Items_fnc_deleteKit
ServoPeregrino_Organizador_Items_fnc_runDelivery0_5_1Tests,ServoPeregrino_Organizador_Items_fnc_filterCatalog
ServoPeregrino_Organizador_Items_fnc_runDelivery0_5_1Tests,ServoPeregrino_Organizador_Items_fnc_generateItemKitId
ServoPeregrino_Organizador_Items_fnc_runDelivery0_5_1Tests,ServoPeregrino_Organizador_Items_fnc_getBuildInfo
ServoPeregrino_Organizador_Items_fnc_runDelivery0_5_1Tests,ServoPeregrino_Organizador_Items_fnc_getCatalog
ServoPeregrino_Organizador_Items_fnc_runDelivery0_5_1Tests,ServoPeregrino_Organizador_Items_fnc_getCatalogCategories
ServoPeregrino_Organizador_Items_fnc_runDelivery0_5_1Tests,ServoPeregrino_Organizador_Items_fnc_getCatalogStatus
ServoPeregrino_Organizador_Items_fnc_runDelivery0_5_1Tests,ServoPeregrino_Organizador_Items_fnc_getKit
ServoPeregrino_Organizador_Items_fnc_runDelivery0_5_1Tests,ServoPeregrino_Organizador_Items_fnc_getLoadoutFingerprint
ServoPeregrino_Organizador_Items_fnc_runDelivery0_5_1Tests,ServoPeregrino_Organizador_Items_fnc_getRepositoryStatus
ServoPeregrino_Organizador_Items_fnc_runDelivery0_5_1Tests,ServoPeregrino_Organizador_Items_fnc_getRuntimeStatus
ServoPeregrino_Organizador_Items_fnc_runDelivery0_5_1Tests,ServoPeregrino_Organizador_Items_fnc_initialize
ServoPeregrino_Organizador_Items_fnc_runDelivery0_5_1Tests,ServoPeregrino_Organizador_Items_fnc_injectTestStoragePayload
ServoPeregrino_Organizador_Items_fnc_runDelivery0_5_1Tests,ServoPeregrino_Organizador_Items_fnc_invalidateCatalogCache
ServoPeregrino_Organizador_Items_fnc_runDelivery0_5_1Tests,ServoPeregrino_Organizador_Items_fnc_isValidItemKitId
ServoPeregrino_Organizador_Items_fnc_runDelivery0_5_1Tests,ServoPeregrino_Organizador_Items_fnc_listKits
ServoPeregrino_Organizador_Items_fnc_runDelivery0_5_1Tests,ServoPeregrino_Organizador_Items_fnc_loadStorage
ServoPeregrino_Organizador_Items_fnc_runDelivery0_5_1Tests,ServoPeregrino_Organizador_Items_fnc_migrateStorage
ServoPeregrino_Organizador_Items_fnc_runDelivery0_5_1Tests,ServoPeregrino_Organizador_Items_fnc_normalizeItemEntries
ServoPeregrino_Organizador_Items_fnc_runDelivery0_5_1Tests,ServoPeregrino_Organizador_Items_fnc_openInterface
ServoPeregrino_Organizador_Items_fnc_runDelivery0_5_1Tests,ServoPeregrino_Organizador_Items_fnc_renameItemKit
ServoPeregrino_Organizador_Items_fnc_runDelivery0_5_1Tests,ServoPeregrino_Organizador_Items_fnc_resetRuntimeForTests
ServoPeregrino_Organizador_Items_fnc_runDelivery0_5_1Tests,ServoPeregrino_Organizador_Items_fnc_resolveCatalogItem
ServoPeregrino_Organizador_Items_fnc_runDelivery0_5_1Tests,ServoPeregrino_Organizador_Items_fnc_resolvePlayerContainer
ServoPeregrino_Organizador_Items_fnc_runDelivery0_5_1Tests,ServoPeregrino_Organizador_Items_fnc_saveKit
ServoPeregrino_Organizador_Items_fnc_runDelivery0_5_1Tests,ServoPeregrino_Organizador_Items_fnc_saveStorage
ServoPeregrino_Organizador_Items_fnc_runDelivery0_5_1Tests,ServoPeregrino_Organizador_Items_fnc_validateItemEntryEnvironmental
ServoPeregrino_Organizador_Items_fnc_runDelivery0_5_1Tests,ServoPeregrino_Organizador_Items_fnc_validateItemEntrySemantic
ServoPeregrino_Organizador_Items_fnc_runDelivery0_5_1Tests,ServoPeregrino_Organizador_Items_fnc_validateItemKitEnvironmental
ServoPeregrino_Organizador_Items_fnc_runDelivery0_5_1Tests,ServoPeregrino_Organizador_Items_fnc_validateItemKitSemantic
ServoPeregrino_Organizador_Items_fnc_runDelivery0_5_1Tests,ServoPeregrino_Organizador_Items_fnc_validateItemKitStructural
ServoPeregrino_Organizador_Items_fnc_runDelivery0_5_1Tests,ServoPeregrino_Organizador_Items_fnc_validateNexus
ServoPeregrino_Organizador_Items_fnc_runDelivery0_5_1Tests,ServoPeregrino_Organizador_Items_fnc_validateStorageSemantic
ServoPeregrino_Organizador_Items_fnc_runDelivery0_5_1Tests,ServoPeregrino_Organizador_Nexus_fnc_getCapability
ServoPeregrino_Organizador_Items_fnc_runDelivery0_5_1Tests,ServoPeregrino_Organizador_Nexus_fnc_hasCapability
ServoPeregrino_Organizador_Items_fnc_runDelivery0_5_1Tests,ServoPeregrino_Organizador_Nexus_fnc_initialize
ServoPeregrino_Organizador_Items_fnc_runDelivery0_6Tests,ServoPeregrino_Organizador_Items_fnc_addCatalogItemToDraft
ServoPeregrino_Organizador_Items_fnc_runDelivery0_6Tests,ServoPeregrino_Organizador_Items_fnc_addEntryToDraft
ServoPeregrino_Organizador_Items_fnc_runDelivery0_6Tests,ServoPeregrino_Organizador_Items_fnc_analyzeContainerCargo
ServoPeregrino_Organizador_Items_fnc_runDelivery0_6Tests,ServoPeregrino_Organizador_Items_fnc_buildCatalog
ServoPeregrino_Organizador_Items_fnc_runDelivery0_6Tests,ServoPeregrino_Organizador_Items_fnc_capturePlayerContainer
ServoPeregrino_Organizador_Items_fnc_runDelivery0_6Tests,ServoPeregrino_Organizador_Items_fnc_capturePlayerContainers
ServoPeregrino_Organizador_Items_fnc_runDelivery0_6Tests,ServoPeregrino_Organizador_Items_fnc_classifyCargoClass
ServoPeregrino_Organizador_Items_fnc_runDelivery0_6Tests,ServoPeregrino_Organizador_Items_fnc_classifyContentClass
ServoPeregrino_Organizador_Items_fnc_runDelivery0_6Tests,ServoPeregrino_Organizador_Items_fnc_cloneItemKit
ServoPeregrino_Organizador_Items_fnc_runDelivery0_6Tests,ServoPeregrino_Organizador_Items_fnc_cloneKit
ServoPeregrino_Organizador_Items_fnc_runDelivery0_6Tests,ServoPeregrino_Organizador_Items_fnc_configureRepositoryTestMode
ServoPeregrino_Organizador_Items_fnc_runDelivery0_6Tests,ServoPeregrino_Organizador_Items_fnc_createCaptureDraft
ServoPeregrino_Organizador_Items_fnc_runDelivery0_6Tests,ServoPeregrino_Organizador_Items_fnc_createCatalogItemFromConfig
ServoPeregrino_Organizador_Items_fnc_runDelivery0_6Tests,ServoPeregrino_Organizador_Items_fnc_createItemEntry
ServoPeregrino_Organizador_Items_fnc_runDelivery0_6Tests,ServoPeregrino_Organizador_Items_fnc_createItemKit
ServoPeregrino_Organizador_Items_fnc_runDelivery0_6Tests,ServoPeregrino_Organizador_Items_fnc_createNewDraft
ServoPeregrino_Organizador_Items_fnc_runDelivery0_6Tests,ServoPeregrino_Organizador_Items_fnc_createStoragePayload
ServoPeregrino_Organizador_Items_fnc_runDelivery0_6Tests,ServoPeregrino_Organizador_Items_fnc_decrementDraftEntry
ServoPeregrino_Organizador_Items_fnc_runDelivery0_6Tests,ServoPeregrino_Organizador_Items_fnc_deepCopy
ServoPeregrino_Organizador_Items_fnc_runDelivery0_6Tests,ServoPeregrino_Organizador_Items_fnc_deleteKit
ServoPeregrino_Organizador_Items_fnc_runDelivery0_6Tests,ServoPeregrino_Organizador_Items_fnc_discardDraft
ServoPeregrino_Organizador_Items_fnc_runDelivery0_6Tests,ServoPeregrino_Organizador_Items_fnc_filterCatalog
ServoPeregrino_Organizador_Items_fnc_runDelivery0_6Tests,ServoPeregrino_Organizador_Items_fnc_generateItemKitId
ServoPeregrino_Organizador_Items_fnc_runDelivery0_6Tests,ServoPeregrino_Organizador_Items_fnc_getBuildInfo
ServoPeregrino_Organizador_Items_fnc_runDelivery0_6Tests,ServoPeregrino_Organizador_Items_fnc_getCatalog
ServoPeregrino_Organizador_Items_fnc_runDelivery0_6Tests,ServoPeregrino_Organizador_Items_fnc_getCatalogCategories
ServoPeregrino_Organizador_Items_fnc_runDelivery0_6Tests,ServoPeregrino_Organizador_Items_fnc_getCatalogStatus
ServoPeregrino_Organizador_Items_fnc_runDelivery0_6Tests,ServoPeregrino_Organizador_Items_fnc_getDraftState
ServoPeregrino_Organizador_Items_fnc_runDelivery0_6Tests,ServoPeregrino_Organizador_Items_fnc_getKit
ServoPeregrino_Organizador_Items_fnc_runDelivery0_6Tests,ServoPeregrino_Organizador_Items_fnc_getLoadoutFingerprint
ServoPeregrino_Organizador_Items_fnc_runDelivery0_6Tests,ServoPeregrino_Organizador_Items_fnc_getRepositoryStatus
ServoPeregrino_Organizador_Items_fnc_runDelivery0_6Tests,ServoPeregrino_Organizador_Items_fnc_getRuntimeStatus
ServoPeregrino_Organizador_Items_fnc_runDelivery0_6Tests,ServoPeregrino_Organizador_Items_fnc_incrementDraftEntry
ServoPeregrino_Organizador_Items_fnc_runDelivery0_6Tests,ServoPeregrino_Organizador_Items_fnc_initialize
ServoPeregrino_Organizador_Items_fnc_runDelivery0_6Tests,ServoPeregrino_Organizador_Items_fnc_injectTestStoragePayload
ServoPeregrino_Organizador_Items_fnc_runDelivery0_6Tests,ServoPeregrino_Organizador_Items_fnc_invalidateCatalogCache
ServoPeregrino_Organizador_Items_fnc_runDelivery0_6Tests,ServoPeregrino_Organizador_Items_fnc_isValidItemKitId
ServoPeregrino_Organizador_Items_fnc_runDelivery0_6Tests,ServoPeregrino_Organizador_Items_fnc_listKits
ServoPeregrino_Organizador_Items_fnc_runDelivery0_6Tests,ServoPeregrino_Organizador_Items_fnc_loadDraftFromKit
ServoPeregrino_Organizador_Items_fnc_runDelivery0_6Tests,ServoPeregrino_Organizador_Items_fnc_loadStorage
ServoPeregrino_Organizador_Items_fnc_runDelivery0_6Tests,ServoPeregrino_Organizador_Items_fnc_mergeEntriesIntoDraft
ServoPeregrino_Organizador_Items_fnc_runDelivery0_6Tests,ServoPeregrino_Organizador_Items_fnc_mergeKitIntoDraft
ServoPeregrino_Organizador_Items_fnc_runDelivery0_6Tests,ServoPeregrino_Organizador_Items_fnc_migrateStorage
ServoPeregrino_Organizador_Items_fnc_runDelivery0_6Tests,ServoPeregrino_Organizador_Items_fnc_normalizeItemEntries
ServoPeregrino_Organizador_Items_fnc_runDelivery0_6Tests,ServoPeregrino_Organizador_Items_fnc_openCaptureDraft
ServoPeregrino_Organizador_Items_fnc_runDelivery0_6Tests,ServoPeregrino_Organizador_Items_fnc_openInterface
ServoPeregrino_Organizador_Items_fnc_runDelivery0_6Tests,ServoPeregrino_Organizador_Items_fnc_removeDraftEntry
ServoPeregrino_Organizador_Items_fnc_runDelivery0_6Tests,ServoPeregrino_Organizador_Items_fnc_renameItemKit
ServoPeregrino_Organizador_Items_fnc_runDelivery0_6Tests,ServoPeregrino_Organizador_Items_fnc_resetRuntimeForTests
ServoPeregrino_Organizador_Items_fnc_runDelivery0_6Tests,ServoPeregrino_Organizador_Items_fnc_resolveCatalogItem
ServoPeregrino_Organizador_Items_fnc_runDelivery0_6Tests,ServoPeregrino_Organizador_Items_fnc_resolvePlayerContainer
ServoPeregrino_Organizador_Items_fnc_runDelivery0_6Tests,ServoPeregrino_Organizador_Items_fnc_saveDraft
ServoPeregrino_Organizador_Items_fnc_runDelivery0_6Tests,ServoPeregrino_Organizador_Items_fnc_saveDraftAsNew
ServoPeregrino_Organizador_Items_fnc_runDelivery0_6Tests,ServoPeregrino_Organizador_Items_fnc_saveKit
ServoPeregrino_Organizador_Items_fnc_runDelivery0_6Tests,ServoPeregrino_Organizador_Items_fnc_saveStorage
ServoPeregrino_Organizador_Items_fnc_runDelivery0_6Tests,ServoPeregrino_Organizador_Items_fnc_setDraftEntryQuantity
ServoPeregrino_Organizador_Items_fnc_runDelivery0_6Tests,ServoPeregrino_Organizador_Items_fnc_setDraftName
ServoPeregrino_Organizador_Items_fnc_runDelivery0_6Tests,ServoPeregrino_Organizador_Items_fnc_setDraftPreferredTarget
ServoPeregrino_Organizador_Items_fnc_runDelivery0_6Tests,ServoPeregrino_Organizador_Items_fnc_validateItemEntryEnvironmental
ServoPeregrino_Organizador_Items_fnc_runDelivery0_6Tests,ServoPeregrino_Organizador_Items_fnc_validateItemEntrySemantic
ServoPeregrino_Organizador_Items_fnc_runDelivery0_6Tests,ServoPeregrino_Organizador_Items_fnc_validateItemKitEnvironmental
ServoPeregrino_Organizador_Items_fnc_runDelivery0_6Tests,ServoPeregrino_Organizador_Items_fnc_validateItemKitSemantic
ServoPeregrino_Organizador_Items_fnc_runDelivery0_6Tests,ServoPeregrino_Organizador_Items_fnc_validateItemKitStructural
ServoPeregrino_Organizador_Items_fnc_runDelivery0_6Tests,ServoPeregrino_Organizador_Items_fnc_validateNexus
ServoPeregrino_Organizador_Items_fnc_runDelivery0_6Tests,ServoPeregrino_Organizador_Items_fnc_validateStorageSemantic
ServoPeregrino_Organizador_Items_fnc_runDelivery0_6Tests,ServoPeregrino_Organizador_Nexus_fnc_getCapability
ServoPeregrino_Organizador_Items_fnc_runDelivery0_6Tests,ServoPeregrino_Organizador_Nexus_fnc_hasCapability
ServoPeregrino_Organizador_Items_fnc_runDelivery0_6Tests,ServoPeregrino_Organizador_Nexus_fnc_initialize
ServoPeregrino_Organizador_Items_fnc_runDelivery0_6_1Tests,ServoPeregrino_Organizador_Items_fnc_addCatalogItemToDraft
ServoPeregrino_Organizador_Items_fnc_runDelivery0_6_1Tests,ServoPeregrino_Organizador_Items_fnc_addEntryToDraft
ServoPeregrino_Organizador_Items_fnc_runDelivery0_6_1Tests,ServoPeregrino_Organizador_Items_fnc_analyzeContainerCargo
ServoPeregrino_Organizador_Items_fnc_runDelivery0_6_1Tests,ServoPeregrino_Organizador_Items_fnc_buildCatalog
ServoPeregrino_Organizador_Items_fnc_runDelivery0_6_1Tests,ServoPeregrino_Organizador_Items_fnc_capturePlayerContainer
ServoPeregrino_Organizador_Items_fnc_runDelivery0_6_1Tests,ServoPeregrino_Organizador_Items_fnc_capturePlayerContainers
ServoPeregrino_Organizador_Items_fnc_runDelivery0_6_1Tests,ServoPeregrino_Organizador_Items_fnc_classifyCargoClass
ServoPeregrino_Organizador_Items_fnc_runDelivery0_6_1Tests,ServoPeregrino_Organizador_Items_fnc_classifyContentClass
ServoPeregrino_Organizador_Items_fnc_runDelivery0_6_1Tests,ServoPeregrino_Organizador_Items_fnc_cloneItemKit
ServoPeregrino_Organizador_Items_fnc_runDelivery0_6_1Tests,ServoPeregrino_Organizador_Items_fnc_cloneKit
ServoPeregrino_Organizador_Items_fnc_runDelivery0_6_1Tests,ServoPeregrino_Organizador_Items_fnc_configureRepositoryTestMode
ServoPeregrino_Organizador_Items_fnc_runDelivery0_6_1Tests,ServoPeregrino_Organizador_Items_fnc_createCaptureDraft
ServoPeregrino_Organizador_Items_fnc_runDelivery0_6_1Tests,ServoPeregrino_Organizador_Items_fnc_createCatalogItemFromConfig
ServoPeregrino_Organizador_Items_fnc_runDelivery0_6_1Tests,ServoPeregrino_Organizador_Items_fnc_createItemEntry
ServoPeregrino_Organizador_Items_fnc_runDelivery0_6_1Tests,ServoPeregrino_Organizador_Items_fnc_createItemKit
ServoPeregrino_Organizador_Items_fnc_runDelivery0_6_1Tests,ServoPeregrino_Organizador_Items_fnc_createNewDraft
ServoPeregrino_Organizador_Items_fnc_runDelivery0_6_1Tests,ServoPeregrino_Organizador_Items_fnc_createStoragePayload
ServoPeregrino_Organizador_Items_fnc_runDelivery0_6_1Tests,ServoPeregrino_Organizador_Items_fnc_decrementDraftEntry
ServoPeregrino_Organizador_Items_fnc_runDelivery0_6_1Tests,ServoPeregrino_Organizador_Items_fnc_deepCopy
ServoPeregrino_Organizador_Items_fnc_runDelivery0_6_1Tests,ServoPeregrino_Organizador_Items_fnc_deleteKit
ServoPeregrino_Organizador_Items_fnc_runDelivery0_6_1Tests,ServoPeregrino_Organizador_Items_fnc_discardDraft
ServoPeregrino_Organizador_Items_fnc_runDelivery0_6_1Tests,ServoPeregrino_Organizador_Items_fnc_filterCatalog
ServoPeregrino_Organizador_Items_fnc_runDelivery0_6_1Tests,ServoPeregrino_Organizador_Items_fnc_generateItemKitId
ServoPeregrino_Organizador_Items_fnc_runDelivery0_6_1Tests,ServoPeregrino_Organizador_Items_fnc_getBuildInfo
ServoPeregrino_Organizador_Items_fnc_runDelivery0_6_1Tests,ServoPeregrino_Organizador_Items_fnc_getCatalog
ServoPeregrino_Organizador_Items_fnc_runDelivery0_6_1Tests,ServoPeregrino_Organizador_Items_fnc_getCatalogCategories
ServoPeregrino_Organizador_Items_fnc_runDelivery0_6_1Tests,ServoPeregrino_Organizador_Items_fnc_getCatalogStatus
ServoPeregrino_Organizador_Items_fnc_runDelivery0_6_1Tests,ServoPeregrino_Organizador_Items_fnc_getDraftState
ServoPeregrino_Organizador_Items_fnc_runDelivery0_6_1Tests,ServoPeregrino_Organizador_Items_fnc_getKit
ServoPeregrino_Organizador_Items_fnc_runDelivery0_6_1Tests,ServoPeregrino_Organizador_Items_fnc_getLoadoutFingerprint
ServoPeregrino_Organizador_Items_fnc_runDelivery0_6_1Tests,ServoPeregrino_Organizador_Items_fnc_getRepositoryStatus
ServoPeregrino_Organizador_Items_fnc_runDelivery0_6_1Tests,ServoPeregrino_Organizador_Items_fnc_getRuntimeStatus
ServoPeregrino_Organizador_Items_fnc_runDelivery0_6_1Tests,ServoPeregrino_Organizador_Items_fnc_incrementDraftEntry
ServoPeregrino_Organizador_Items_fnc_runDelivery0_6_1Tests,ServoPeregrino_Organizador_Items_fnc_initialize
ServoPeregrino_Organizador_Items_fnc_runDelivery0_6_1Tests,ServoPeregrino_Organizador_Items_fnc_injectTestStoragePayload
ServoPeregrino_Organizador_Items_fnc_runDelivery0_6_1Tests,ServoPeregrino_Organizador_Items_fnc_invalidateCatalogCache
ServoPeregrino_Organizador_Items_fnc_runDelivery0_6_1Tests,ServoPeregrino_Organizador_Items_fnc_isValidItemKitId
ServoPeregrino_Organizador_Items_fnc_runDelivery0_6_1Tests,ServoPeregrino_Organizador_Items_fnc_listKits
ServoPeregrino_Organizador_Items_fnc_runDelivery0_6_1Tests,ServoPeregrino_Organizador_Items_fnc_loadDraftFromKit
ServoPeregrino_Organizador_Items_fnc_runDelivery0_6_1Tests,ServoPeregrino_Organizador_Items_fnc_loadStorage
ServoPeregrino_Organizador_Items_fnc_runDelivery0_6_1Tests,ServoPeregrino_Organizador_Items_fnc_mergeEntriesIntoDraft
ServoPeregrino_Organizador_Items_fnc_runDelivery0_6_1Tests,ServoPeregrino_Organizador_Items_fnc_mergeKitIntoDraft
ServoPeregrino_Organizador_Items_fnc_runDelivery0_6_1Tests,ServoPeregrino_Organizador_Items_fnc_migrateStorage
ServoPeregrino_Organizador_Items_fnc_runDelivery0_6_1Tests,ServoPeregrino_Organizador_Items_fnc_normalizeItemEntries
ServoPeregrino_Organizador_Items_fnc_runDelivery0_6_1Tests,ServoPeregrino_Organizador_Items_fnc_openCaptureDraft
ServoPeregrino_Organizador_Items_fnc_runDelivery0_6_1Tests,ServoPeregrino_Organizador_Items_fnc_openInterface
ServoPeregrino_Organizador_Items_fnc_runDelivery0_6_1Tests,ServoPeregrino_Organizador_Items_fnc_removeDraftEntry
ServoPeregrino_Organizador_Items_fnc_runDelivery0_6_1Tests,ServoPeregrino_Organizador_Items_fnc_renameItemKit
ServoPeregrino_Organizador_Items_fnc_runDelivery0_6_1Tests,ServoPeregrino_Organizador_Items_fnc_resetRuntimeForTests
ServoPeregrino_Organizador_Items_fnc_runDelivery0_6_1Tests,ServoPeregrino_Organizador_Items_fnc_resolveCatalogItem
ServoPeregrino_Organizador_Items_fnc_runDelivery0_6_1Tests,ServoPeregrino_Organizador_Items_fnc_resolvePlayerContainer
ServoPeregrino_Organizador_Items_fnc_runDelivery0_6_1Tests,ServoPeregrino_Organizador_Items_fnc_saveDraft
ServoPeregrino_Organizador_Items_fnc_runDelivery0_6_1Tests,ServoPeregrino_Organizador_Items_fnc_saveDraftAsNew
ServoPeregrino_Organizador_Items_fnc_runDelivery0_6_1Tests,ServoPeregrino_Organizador_Items_fnc_saveKit
ServoPeregrino_Organizador_Items_fnc_runDelivery0_6_1Tests,ServoPeregrino_Organizador_Items_fnc_saveStorage
ServoPeregrino_Organizador_Items_fnc_runDelivery0_6_1Tests,ServoPeregrino_Organizador_Items_fnc_setDraftEntryQuantity
ServoPeregrino_Organizador_Items_fnc_runDelivery0_6_1Tests,ServoPeregrino_Organizador_Items_fnc_setDraftName
ServoPeregrino_Organizador_Items_fnc_runDelivery0_6_1Tests,ServoPeregrino_Organizador_Items_fnc_setDraftPreferredTarget
ServoPeregrino_Organizador_Items_fnc_runDelivery0_6_1Tests,ServoPeregrino_Organizador_Items_fnc_validateItemEntryEnvironmental
ServoPeregrino_Organizador_Items_fnc_runDelivery0_6_1Tests,ServoPeregrino_Organizador_Items_fnc_validateItemEntrySemantic
ServoPeregrino_Organizador_Items_fnc_runDelivery0_6_1Tests,ServoPeregrino_Organizador_Items_fnc_validateItemKitEnvironmental
ServoPeregrino_Organizador_Items_fnc_runDelivery0_6_1Tests,ServoPeregrino_Organizador_Items_fnc_validateItemKitSemantic
ServoPeregrino_Organizador_Items_fnc_runDelivery0_6_1Tests,ServoPeregrino_Organizador_Items_fnc_validateItemKitStructural
ServoPeregrino_Organizador_Items_fnc_runDelivery0_6_1Tests,ServoPeregrino_Organizador_Items_fnc_validateNexus
ServoPeregrino_Organizador_Items_fnc_runDelivery0_6_1Tests,ServoPeregrino_Organizador_Items_fnc_validateStorageSemantic
ServoPeregrino_Organizador_Items_fnc_runDelivery0_6_1Tests,ServoPeregrino_Organizador_Nexus_fnc_getCapability
ServoPeregrino_Organizador_Items_fnc_runDelivery0_6_1Tests,ServoPeregrino_Organizador_Nexus_fnc_hasCapability
ServoPeregrino_Organizador_Items_fnc_runDelivery0_6_1Tests,ServoPeregrino_Organizador_Nexus_fnc_initialize
ServoPeregrino_Organizador_Items_fnc_runDelivery0_7Tests,ServoPeregrino_Organizador_Items_fnc_addCatalogItemToDraft
ServoPeregrino_Organizador_Items_fnc_runDelivery0_7Tests,ServoPeregrino_Organizador_Items_fnc_addEntryToDraft
ServoPeregrino_Organizador_Items_fnc_runDelivery0_7Tests,ServoPeregrino_Organizador_Items_fnc_analyzeContainerCargo
ServoPeregrino_Organizador_Items_fnc_runDelivery0_7Tests,ServoPeregrino_Organizador_Items_fnc_buildCatalog
ServoPeregrino_Organizador_Items_fnc_runDelivery0_7Tests,ServoPeregrino_Organizador_Items_fnc_buildUIViewModel
ServoPeregrino_Organizador_Items_fnc_runDelivery0_7Tests,ServoPeregrino_Organizador_Items_fnc_capturePlayerContainer
ServoPeregrino_Organizador_Items_fnc_runDelivery0_7Tests,ServoPeregrino_Organizador_Items_fnc_capturePlayerContainers
ServoPeregrino_Organizador_Items_fnc_runDelivery0_7Tests,ServoPeregrino_Organizador_Items_fnc_classifyCargoClass
ServoPeregrino_Organizador_Items_fnc_runDelivery0_7Tests,ServoPeregrino_Organizador_Items_fnc_classifyContentClass
ServoPeregrino_Organizador_Items_fnc_runDelivery0_7Tests,ServoPeregrino_Organizador_Items_fnc_cloneItemKit
ServoPeregrino_Organizador_Items_fnc_runDelivery0_7Tests,ServoPeregrino_Organizador_Items_fnc_cloneKit
ServoPeregrino_Organizador_Items_fnc_runDelivery0_7Tests,ServoPeregrino_Organizador_Items_fnc_configureRepositoryTestMode
ServoPeregrino_Organizador_Items_fnc_runDelivery0_7Tests,ServoPeregrino_Organizador_Items_fnc_createCaptureDraft
ServoPeregrino_Organizador_Items_fnc_runDelivery0_7Tests,ServoPeregrino_Organizador_Items_fnc_createCatalogItemFromConfig
ServoPeregrino_Organizador_Items_fnc_runDelivery0_7Tests,ServoPeregrino_Organizador_Items_fnc_createItemEntry
ServoPeregrino_Organizador_Items_fnc_runDelivery0_7Tests,ServoPeregrino_Organizador_Items_fnc_createItemKit
ServoPeregrino_Organizador_Items_fnc_runDelivery0_7Tests,ServoPeregrino_Organizador_Items_fnc_createNewDraft
ServoPeregrino_Organizador_Items_fnc_runDelivery0_7Tests,ServoPeregrino_Organizador_Items_fnc_createStoragePayload
ServoPeregrino_Organizador_Items_fnc_runDelivery0_7Tests,ServoPeregrino_Organizador_Items_fnc_decrementDraftEntry
ServoPeregrino_Organizador_Items_fnc_runDelivery0_7Tests,ServoPeregrino_Organizador_Items_fnc_deepCopy
ServoPeregrino_Organizador_Items_fnc_runDelivery0_7Tests,ServoPeregrino_Organizador_Items_fnc_deleteKit
ServoPeregrino_Organizador_Items_fnc_runDelivery0_7Tests,ServoPeregrino_Organizador_Items_fnc_discardDraft
ServoPeregrino_Organizador_Items_fnc_runDelivery0_7Tests,ServoPeregrino_Organizador_Items_fnc_filterCatalog
ServoPeregrino_Organizador_Items_fnc_runDelivery0_7Tests,ServoPeregrino_Organizador_Items_fnc_generateItemKitId
ServoPeregrino_Organizador_Items_fnc_runDelivery0_7Tests,ServoPeregrino_Organizador_Items_fnc_getBuildInfo
ServoPeregrino_Organizador_Items_fnc_runDelivery0_7Tests,ServoPeregrino_Organizador_Items_fnc_getCatalog
ServoPeregrino_Organizador_Items_fnc_runDelivery0_7Tests,ServoPeregrino_Organizador_Items_fnc_getCatalogCategories
ServoPeregrino_Organizador_Items_fnc_runDelivery0_7Tests,ServoPeregrino_Organizador_Items_fnc_getCatalogStatus
ServoPeregrino_Organizador_Items_fnc_runDelivery0_7Tests,ServoPeregrino_Organizador_Items_fnc_getDraftState
ServoPeregrino_Organizador_Items_fnc_runDelivery0_7Tests,ServoPeregrino_Organizador_Items_fnc_getKit
ServoPeregrino_Organizador_Items_fnc_runDelivery0_7Tests,ServoPeregrino_Organizador_Items_fnc_getLoadoutFingerprint
ServoPeregrino_Organizador_Items_fnc_runDelivery0_7Tests,ServoPeregrino_Organizador_Items_fnc_getRepositoryStatus
ServoPeregrino_Organizador_Items_fnc_runDelivery0_7Tests,ServoPeregrino_Organizador_Items_fnc_getRuntimeStatus
ServoPeregrino_Organizador_Items_fnc_runDelivery0_7Tests,ServoPeregrino_Organizador_Items_fnc_getUIState
ServoPeregrino_Organizador_Items_fnc_runDelivery0_7Tests,ServoPeregrino_Organizador_Items_fnc_incrementDraftEntry
ServoPeregrino_Organizador_Items_fnc_runDelivery0_7Tests,ServoPeregrino_Organizador_Items_fnc_initialize
ServoPeregrino_Organizador_Items_fnc_runDelivery0_7Tests,ServoPeregrino_Organizador_Items_fnc_injectTestStoragePayload
ServoPeregrino_Organizador_Items_fnc_runDelivery0_7Tests,ServoPeregrino_Organizador_Items_fnc_invalidateCatalogCache
ServoPeregrino_Organizador_Items_fnc_runDelivery0_7Tests,ServoPeregrino_Organizador_Items_fnc_isValidItemKitId
ServoPeregrino_Organizador_Items_fnc_runDelivery0_7Tests,ServoPeregrino_Organizador_Items_fnc_listKits
ServoPeregrino_Organizador_Items_fnc_runDelivery0_7Tests,ServoPeregrino_Organizador_Items_fnc_loadDraftFromKit
ServoPeregrino_Organizador_Items_fnc_runDelivery0_7Tests,ServoPeregrino_Organizador_Items_fnc_loadStorage
ServoPeregrino_Organizador_Items_fnc_runDelivery0_7Tests,ServoPeregrino_Organizador_Items_fnc_mergeEntriesIntoDraft
ServoPeregrino_Organizador_Items_fnc_runDelivery0_7Tests,ServoPeregrino_Organizador_Items_fnc_mergeKitIntoDraft
ServoPeregrino_Organizador_Items_fnc_runDelivery0_7Tests,ServoPeregrino_Organizador_Items_fnc_migrateStorage
ServoPeregrino_Organizador_Items_fnc_runDelivery0_7Tests,ServoPeregrino_Organizador_Items_fnc_normalizeItemEntries
ServoPeregrino_Organizador_Items_fnc_runDelivery0_7Tests,ServoPeregrino_Organizador_Items_fnc_openCaptureDraft
ServoPeregrino_Organizador_Items_fnc_runDelivery0_7Tests,ServoPeregrino_Organizador_Items_fnc_openInterface
ServoPeregrino_Organizador_Items_fnc_runDelivery0_7Tests,ServoPeregrino_Organizador_Items_fnc_pushUIFeedback
ServoPeregrino_Organizador_Items_fnc_runDelivery0_7Tests,ServoPeregrino_Organizador_Items_fnc_removeDraftEntry
ServoPeregrino_Organizador_Items_fnc_runDelivery0_7Tests,ServoPeregrino_Organizador_Items_fnc_renameItemKit
ServoPeregrino_Organizador_Items_fnc_runDelivery0_7Tests,ServoPeregrino_Organizador_Items_fnc_resetRuntimeForTests
ServoPeregrino_Organizador_Items_fnc_runDelivery0_7Tests,ServoPeregrino_Organizador_Items_fnc_resolveCatalogItem
ServoPeregrino_Organizador_Items_fnc_runDelivery0_7Tests,ServoPeregrino_Organizador_Items_fnc_resolvePlayerContainer
ServoPeregrino_Organizador_Items_fnc_runDelivery0_7Tests,ServoPeregrino_Organizador_Items_fnc_resolveUIItemMetadata
ServoPeregrino_Organizador_Items_fnc_runDelivery0_7Tests,ServoPeregrino_Organizador_Items_fnc_saveDraft
ServoPeregrino_Organizador_Items_fnc_runDelivery0_7Tests,ServoPeregrino_Organizador_Items_fnc_saveDraftAsNew
ServoPeregrino_Organizador_Items_fnc_runDelivery0_7Tests,ServoPeregrino_Organizador_Items_fnc_saveKit
ServoPeregrino_Organizador_Items_fnc_runDelivery0_7Tests,ServoPeregrino_Organizador_Items_fnc_saveStorage
ServoPeregrino_Organizador_Items_fnc_runDelivery0_7Tests,ServoPeregrino_Organizador_Items_fnc_setDraftEntryQuantity
ServoPeregrino_Organizador_Items_fnc_runDelivery0_7Tests,ServoPeregrino_Organizador_Items_fnc_setDraftName
ServoPeregrino_Organizador_Items_fnc_runDelivery0_7Tests,ServoPeregrino_Organizador_Items_fnc_setDraftPreferredTarget
ServoPeregrino_Organizador_Items_fnc_runDelivery0_7Tests,ServoPeregrino_Organizador_Items_fnc_validateItemEntryEnvironmental
ServoPeregrino_Organizador_Items_fnc_runDelivery0_7Tests,ServoPeregrino_Organizador_Items_fnc_validateItemEntrySemantic
ServoPeregrino_Organizador_Items_fnc_runDelivery0_7Tests,ServoPeregrino_Organizador_Items_fnc_validateItemKitEnvironmental
ServoPeregrino_Organizador_Items_fnc_runDelivery0_7Tests,ServoPeregrino_Organizador_Items_fnc_validateItemKitSemantic
ServoPeregrino_Organizador_Items_fnc_runDelivery0_7Tests,ServoPeregrino_Organizador_Items_fnc_validateItemKitStructural
ServoPeregrino_Organizador_Items_fnc_runDelivery0_7Tests,ServoPeregrino_Organizador_Items_fnc_validateNexus
ServoPeregrino_Organizador_Items_fnc_runDelivery0_7Tests,ServoPeregrino_Organizador_Items_fnc_validateStorageSemantic
ServoPeregrino_Organizador_Items_fnc_runDelivery0_7Tests,ServoPeregrino_Organizador_Nexus_fnc_getCapability
ServoPeregrino_Organizador_Items_fnc_runDelivery0_7Tests,ServoPeregrino_Organizador_Nexus_fnc_hasCapability
ServoPeregrino_Organizador_Items_fnc_runDelivery0_7Tests,ServoPeregrino_Organizador_Nexus_fnc_initialize
ServoPeregrino_Organizador_Items_fnc_runDelivery0_7_1Tests,ServoPeregrino_Organizador_Items_fnc_addCatalogItemToDraft
ServoPeregrino_Organizador_Items_fnc_runDelivery0_7_1Tests,ServoPeregrino_Organizador_Items_fnc_addEntryToDraft
ServoPeregrino_Organizador_Items_fnc_runDelivery0_7_1Tests,ServoPeregrino_Organizador_Items_fnc_analyzeContainerCargo
ServoPeregrino_Organizador_Items_fnc_runDelivery0_7_1Tests,ServoPeregrino_Organizador_Items_fnc_buildCatalog
ServoPeregrino_Organizador_Items_fnc_runDelivery0_7_1Tests,ServoPeregrino_Organizador_Items_fnc_buildUIViewModel
ServoPeregrino_Organizador_Items_fnc_runDelivery0_7_1Tests,ServoPeregrino_Organizador_Items_fnc_capturePlayerContainer
ServoPeregrino_Organizador_Items_fnc_runDelivery0_7_1Tests,ServoPeregrino_Organizador_Items_fnc_capturePlayerContainers
ServoPeregrino_Organizador_Items_fnc_runDelivery0_7_1Tests,ServoPeregrino_Organizador_Items_fnc_classifyCargoClass
ServoPeregrino_Organizador_Items_fnc_runDelivery0_7_1Tests,ServoPeregrino_Organizador_Items_fnc_classifyContentClass
ServoPeregrino_Organizador_Items_fnc_runDelivery0_7_1Tests,ServoPeregrino_Organizador_Items_fnc_cloneItemKit
ServoPeregrino_Organizador_Items_fnc_runDelivery0_7_1Tests,ServoPeregrino_Organizador_Items_fnc_cloneKit
ServoPeregrino_Organizador_Items_fnc_runDelivery0_7_1Tests,ServoPeregrino_Organizador_Items_fnc_configureRepositoryTestMode
ServoPeregrino_Organizador_Items_fnc_runDelivery0_7_1Tests,ServoPeregrino_Organizador_Items_fnc_createCaptureDraft
ServoPeregrino_Organizador_Items_fnc_runDelivery0_7_1Tests,ServoPeregrino_Organizador_Items_fnc_createCatalogItemFromConfig
ServoPeregrino_Organizador_Items_fnc_runDelivery0_7_1Tests,ServoPeregrino_Organizador_Items_fnc_createItemEntry
ServoPeregrino_Organizador_Items_fnc_runDelivery0_7_1Tests,ServoPeregrino_Organizador_Items_fnc_createItemKit
ServoPeregrino_Organizador_Items_fnc_runDelivery0_7_1Tests,ServoPeregrino_Organizador_Items_fnc_createNewDraft
ServoPeregrino_Organizador_Items_fnc_runDelivery0_7_1Tests,ServoPeregrino_Organizador_Items_fnc_createStoragePayload
ServoPeregrino_Organizador_Items_fnc_runDelivery0_7_1Tests,ServoPeregrino_Organizador_Items_fnc_decrementDraftEntry
ServoPeregrino_Organizador_Items_fnc_runDelivery0_7_1Tests,ServoPeregrino_Organizador_Items_fnc_deepCopy
ServoPeregrino_Organizador_Items_fnc_runDelivery0_7_1Tests,ServoPeregrino_Organizador_Items_fnc_deleteKit
ServoPeregrino_Organizador_Items_fnc_runDelivery0_7_1Tests,ServoPeregrino_Organizador_Items_fnc_discardDraft
ServoPeregrino_Organizador_Items_fnc_runDelivery0_7_1Tests,ServoPeregrino_Organizador_Items_fnc_filterCatalog
ServoPeregrino_Organizador_Items_fnc_runDelivery0_7_1Tests,ServoPeregrino_Organizador_Items_fnc_generateItemKitId
ServoPeregrino_Organizador_Items_fnc_runDelivery0_7_1Tests,ServoPeregrino_Organizador_Items_fnc_getBuildInfo
ServoPeregrino_Organizador_Items_fnc_runDelivery0_7_1Tests,ServoPeregrino_Organizador_Items_fnc_getCatalog
ServoPeregrino_Organizador_Items_fnc_runDelivery0_7_1Tests,ServoPeregrino_Organizador_Items_fnc_getCatalogCategories
ServoPeregrino_Organizador_Items_fnc_runDelivery0_7_1Tests,ServoPeregrino_Organizador_Items_fnc_getCatalogStatus
ServoPeregrino_Organizador_Items_fnc_runDelivery0_7_1Tests,ServoPeregrino_Organizador_Items_fnc_getDraftState
ServoPeregrino_Organizador_Items_fnc_runDelivery0_7_1Tests,ServoPeregrino_Organizador_Items_fnc_getKit
ServoPeregrino_Organizador_Items_fnc_runDelivery0_7_1Tests,ServoPeregrino_Organizador_Items_fnc_getLoadoutFingerprint
ServoPeregrino_Organizador_Items_fnc_runDelivery0_7_1Tests,ServoPeregrino_Organizador_Items_fnc_getRepositoryStatus
ServoPeregrino_Organizador_Items_fnc_runDelivery0_7_1Tests,ServoPeregrino_Organizador_Items_fnc_getRuntimeStatus
ServoPeregrino_Organizador_Items_fnc_runDelivery0_7_1Tests,ServoPeregrino_Organizador_Items_fnc_getUIState
ServoPeregrino_Organizador_Items_fnc_runDelivery0_7_1Tests,ServoPeregrino_Organizador_Items_fnc_incrementDraftEntry
ServoPeregrino_Organizador_Items_fnc_runDelivery0_7_1Tests,ServoPeregrino_Organizador_Items_fnc_initialize
ServoPeregrino_Organizador_Items_fnc_runDelivery0_7_1Tests,ServoPeregrino_Organizador_Items_fnc_injectTestStoragePayload
ServoPeregrino_Organizador_Items_fnc_runDelivery0_7_1Tests,ServoPeregrino_Organizador_Items_fnc_invalidateCatalogCache
ServoPeregrino_Organizador_Items_fnc_runDelivery0_7_1Tests,ServoPeregrino_Organizador_Items_fnc_isValidItemKitId
ServoPeregrino_Organizador_Items_fnc_runDelivery0_7_1Tests,ServoPeregrino_Organizador_Items_fnc_listKits
ServoPeregrino_Organizador_Items_fnc_runDelivery0_7_1Tests,ServoPeregrino_Organizador_Items_fnc_loadDraftFromKit
ServoPeregrino_Organizador_Items_fnc_runDelivery0_7_1Tests,ServoPeregrino_Organizador_Items_fnc_loadStorage
ServoPeregrino_Organizador_Items_fnc_runDelivery0_7_1Tests,ServoPeregrino_Organizador_Items_fnc_mergeEntriesIntoDraft
ServoPeregrino_Organizador_Items_fnc_runDelivery0_7_1Tests,ServoPeregrino_Organizador_Items_fnc_mergeKitIntoDraft
ServoPeregrino_Organizador_Items_fnc_runDelivery0_7_1Tests,ServoPeregrino_Organizador_Items_fnc_migrateStorage
ServoPeregrino_Organizador_Items_fnc_runDelivery0_7_1Tests,ServoPeregrino_Organizador_Items_fnc_normalizeItemEntries
ServoPeregrino_Organizador_Items_fnc_runDelivery0_7_1Tests,ServoPeregrino_Organizador_Items_fnc_openCaptureDraft
ServoPeregrino_Organizador_Items_fnc_runDelivery0_7_1Tests,ServoPeregrino_Organizador_Items_fnc_openInterface
ServoPeregrino_Organizador_Items_fnc_runDelivery0_7_1Tests,ServoPeregrino_Organizador_Items_fnc_pushUIFeedback
ServoPeregrino_Organizador_Items_fnc_runDelivery0_7_1Tests,ServoPeregrino_Organizador_Items_fnc_removeDraftEntry
ServoPeregrino_Organizador_Items_fnc_runDelivery0_7_1Tests,ServoPeregrino_Organizador_Items_fnc_renameItemKit
ServoPeregrino_Organizador_Items_fnc_runDelivery0_7_1Tests,ServoPeregrino_Organizador_Items_fnc_resetRuntimeForTests
ServoPeregrino_Organizador_Items_fnc_runDelivery0_7_1Tests,ServoPeregrino_Organizador_Items_fnc_resolveCatalogItem
ServoPeregrino_Organizador_Items_fnc_runDelivery0_7_1Tests,ServoPeregrino_Organizador_Items_fnc_resolvePlayerContainer
ServoPeregrino_Organizador_Items_fnc_runDelivery0_7_1Tests,ServoPeregrino_Organizador_Items_fnc_resolveUIItemMetadata
ServoPeregrino_Organizador_Items_fnc_runDelivery0_7_1Tests,ServoPeregrino_Organizador_Items_fnc_saveDraft
ServoPeregrino_Organizador_Items_fnc_runDelivery0_7_1Tests,ServoPeregrino_Organizador_Items_fnc_saveDraftAsNew
ServoPeregrino_Organizador_Items_fnc_runDelivery0_7_1Tests,ServoPeregrino_Organizador_Items_fnc_saveKit
ServoPeregrino_Organizador_Items_fnc_runDelivery0_7_1Tests,ServoPeregrino_Organizador_Items_fnc_saveStorage
ServoPeregrino_Organizador_Items_fnc_runDelivery0_7_1Tests,ServoPeregrino_Organizador_Items_fnc_setDraftEntryQuantity
ServoPeregrino_Organizador_Items_fnc_runDelivery0_7_1Tests,ServoPeregrino_Organizador_Items_fnc_setDraftName
ServoPeregrino_Organizador_Items_fnc_runDelivery0_7_1Tests,ServoPeregrino_Organizador_Items_fnc_setDraftPreferredTarget
ServoPeregrino_Organizador_Items_fnc_runDelivery0_7_1Tests,ServoPeregrino_Organizador_Items_fnc_validateItemEntryEnvironmental
ServoPeregrino_Organizador_Items_fnc_runDelivery0_7_1Tests,ServoPeregrino_Organizador_Items_fnc_validateItemEntrySemantic
ServoPeregrino_Organizador_Items_fnc_runDelivery0_7_1Tests,ServoPeregrino_Organizador_Items_fnc_validateItemKitEnvironmental
ServoPeregrino_Organizador_Items_fnc_runDelivery0_7_1Tests,ServoPeregrino_Organizador_Items_fnc_validateItemKitSemantic
ServoPeregrino_Organizador_Items_fnc_runDelivery0_7_1Tests,ServoPeregrino_Organizador_Items_fnc_validateItemKitStructural
ServoPeregrino_Organizador_Items_fnc_runDelivery0_7_1Tests,ServoPeregrino_Organizador_Items_fnc_validateNexus
ServoPeregrino_Organizador_Items_fnc_runDelivery0_7_1Tests,ServoPeregrino_Organizador_Items_fnc_validateStorageSemantic
ServoPeregrino_Organizador_Items_fnc_runDelivery0_7_1Tests,ServoPeregrino_Organizador_Nexus_fnc_getCapability
ServoPeregrino_Organizador_Items_fnc_runDelivery0_7_1Tests,ServoPeregrino_Organizador_Nexus_fnc_hasCapability
ServoPeregrino_Organizador_Items_fnc_runDelivery0_7_1Tests,ServoPeregrino_Organizador_Nexus_fnc_initialize
ServoPeregrino_Organizador_Items_fnc_runDelivery0_7_2Tests,ServoPeregrino_Organizador_Items_fnc_addCatalogItemToDraft
ServoPeregrino_Organizador_Items_fnc_runDelivery0_7_2Tests,ServoPeregrino_Organizador_Items_fnc_addEntryToDraft
ServoPeregrino_Organizador_Items_fnc_runDelivery0_7_2Tests,ServoPeregrino_Organizador_Items_fnc_analyzeContainerCargo
ServoPeregrino_Organizador_Items_fnc_runDelivery0_7_2Tests,ServoPeregrino_Organizador_Items_fnc_buildCatalog
ServoPeregrino_Organizador_Items_fnc_runDelivery0_7_2Tests,ServoPeregrino_Organizador_Items_fnc_buildUIViewModel
ServoPeregrino_Organizador_Items_fnc_runDelivery0_7_2Tests,ServoPeregrino_Organizador_Items_fnc_capturePlayerContainer
ServoPeregrino_Organizador_Items_fnc_runDelivery0_7_2Tests,ServoPeregrino_Organizador_Items_fnc_capturePlayerContainers
ServoPeregrino_Organizador_Items_fnc_runDelivery0_7_2Tests,ServoPeregrino_Organizador_Items_fnc_classifyCargoClass
ServoPeregrino_Organizador_Items_fnc_runDelivery0_7_2Tests,ServoPeregrino_Organizador_Items_fnc_classifyContentClass
ServoPeregrino_Organizador_Items_fnc_runDelivery0_7_2Tests,ServoPeregrino_Organizador_Items_fnc_cloneItemKit
ServoPeregrino_Organizador_Items_fnc_runDelivery0_7_2Tests,ServoPeregrino_Organizador_Items_fnc_cloneKit
ServoPeregrino_Organizador_Items_fnc_runDelivery0_7_2Tests,ServoPeregrino_Organizador_Items_fnc_configureRepositoryTestMode
ServoPeregrino_Organizador_Items_fnc_runDelivery0_7_2Tests,ServoPeregrino_Organizador_Items_fnc_createCaptureDraft
ServoPeregrino_Organizador_Items_fnc_runDelivery0_7_2Tests,ServoPeregrino_Organizador_Items_fnc_createCatalogItemFromConfig
ServoPeregrino_Organizador_Items_fnc_runDelivery0_7_2Tests,ServoPeregrino_Organizador_Items_fnc_createItemEntry
ServoPeregrino_Organizador_Items_fnc_runDelivery0_7_2Tests,ServoPeregrino_Organizador_Items_fnc_createItemKit
ServoPeregrino_Organizador_Items_fnc_runDelivery0_7_2Tests,ServoPeregrino_Organizador_Items_fnc_createNewDraft
ServoPeregrino_Organizador_Items_fnc_runDelivery0_7_2Tests,ServoPeregrino_Organizador_Items_fnc_createStoragePayload
ServoPeregrino_Organizador_Items_fnc_runDelivery0_7_2Tests,ServoPeregrino_Organizador_Items_fnc_decrementDraftEntry
ServoPeregrino_Organizador_Items_fnc_runDelivery0_7_2Tests,ServoPeregrino_Organizador_Items_fnc_deepCopy
ServoPeregrino_Organizador_Items_fnc_runDelivery0_7_2Tests,ServoPeregrino_Organizador_Items_fnc_deleteKit
ServoPeregrino_Organizador_Items_fnc_runDelivery0_7_2Tests,ServoPeregrino_Organizador_Items_fnc_discardDraft
ServoPeregrino_Organizador_Items_fnc_runDelivery0_7_2Tests,ServoPeregrino_Organizador_Items_fnc_filterCatalog
ServoPeregrino_Organizador_Items_fnc_runDelivery0_7_2Tests,ServoPeregrino_Organizador_Items_fnc_generateItemKitId
ServoPeregrino_Organizador_Items_fnc_runDelivery0_7_2Tests,ServoPeregrino_Organizador_Items_fnc_getBuildInfo
ServoPeregrino_Organizador_Items_fnc_runDelivery0_7_2Tests,ServoPeregrino_Organizador_Items_fnc_getCatalog
ServoPeregrino_Organizador_Items_fnc_runDelivery0_7_2Tests,ServoPeregrino_Organizador_Items_fnc_getCatalogCategories
ServoPeregrino_Organizador_Items_fnc_runDelivery0_7_2Tests,ServoPeregrino_Organizador_Items_fnc_getCatalogStatus
ServoPeregrino_Organizador_Items_fnc_runDelivery0_7_2Tests,ServoPeregrino_Organizador_Items_fnc_getDraftState
ServoPeregrino_Organizador_Items_fnc_runDelivery0_7_2Tests,ServoPeregrino_Organizador_Items_fnc_getKit
ServoPeregrino_Organizador_Items_fnc_runDelivery0_7_2Tests,ServoPeregrino_Organizador_Items_fnc_getLoadoutFingerprint
ServoPeregrino_Organizador_Items_fnc_runDelivery0_7_2Tests,ServoPeregrino_Organizador_Items_fnc_getRepositoryStatus
ServoPeregrino_Organizador_Items_fnc_runDelivery0_7_2Tests,ServoPeregrino_Organizador_Items_fnc_getRuntimeStatus
ServoPeregrino_Organizador_Items_fnc_runDelivery0_7_2Tests,ServoPeregrino_Organizador_Items_fnc_getUIState
ServoPeregrino_Organizador_Items_fnc_runDelivery0_7_2Tests,ServoPeregrino_Organizador_Items_fnc_incrementDraftEntry
ServoPeregrino_Organizador_Items_fnc_runDelivery0_7_2Tests,ServoPeregrino_Organizador_Items_fnc_initialize
ServoPeregrino_Organizador_Items_fnc_runDelivery0_7_2Tests,ServoPeregrino_Organizador_Items_fnc_injectTestStoragePayload
ServoPeregrino_Organizador_Items_fnc_runDelivery0_7_2Tests,ServoPeregrino_Organizador_Items_fnc_invalidateCatalogCache
ServoPeregrino_Organizador_Items_fnc_runDelivery0_7_2Tests,ServoPeregrino_Organizador_Items_fnc_isValidItemKitId
ServoPeregrino_Organizador_Items_fnc_runDelivery0_7_2Tests,ServoPeregrino_Organizador_Items_fnc_listKits
ServoPeregrino_Organizador_Items_fnc_runDelivery0_7_2Tests,ServoPeregrino_Organizador_Items_fnc_loadDraftFromKit
ServoPeregrino_Organizador_Items_fnc_runDelivery0_7_2Tests,ServoPeregrino_Organizador_Items_fnc_loadStorage
ServoPeregrino_Organizador_Items_fnc_runDelivery0_7_2Tests,ServoPeregrino_Organizador_Items_fnc_mergeEntriesIntoDraft
ServoPeregrino_Organizador_Items_fnc_runDelivery0_7_2Tests,ServoPeregrino_Organizador_Items_fnc_mergeKitIntoDraft
ServoPeregrino_Organizador_Items_fnc_runDelivery0_7_2Tests,ServoPeregrino_Organizador_Items_fnc_migrateStorage
ServoPeregrino_Organizador_Items_fnc_runDelivery0_7_2Tests,ServoPeregrino_Organizador_Items_fnc_normalizeItemEntries
ServoPeregrino_Organizador_Items_fnc_runDelivery0_7_2Tests,ServoPeregrino_Organizador_Items_fnc_openCaptureDraft
ServoPeregrino_Organizador_Items_fnc_runDelivery0_7_2Tests,ServoPeregrino_Organizador_Items_fnc_openInterface
ServoPeregrino_Organizador_Items_fnc_runDelivery0_7_2Tests,ServoPeregrino_Organizador_Items_fnc_pushUIFeedback
ServoPeregrino_Organizador_Items_fnc_runDelivery0_7_2Tests,ServoPeregrino_Organizador_Items_fnc_refreshInterface
ServoPeregrino_Organizador_Items_fnc_runDelivery0_7_2Tests,ServoPeregrino_Organizador_Items_fnc_removeDraftEntry
ServoPeregrino_Organizador_Items_fnc_runDelivery0_7_2Tests,ServoPeregrino_Organizador_Items_fnc_renameItemKit
ServoPeregrino_Organizador_Items_fnc_runDelivery0_7_2Tests,ServoPeregrino_Organizador_Items_fnc_resetRuntimeForTests
ServoPeregrino_Organizador_Items_fnc_runDelivery0_7_2Tests,ServoPeregrino_Organizador_Items_fnc_resolveCatalogItem
ServoPeregrino_Organizador_Items_fnc_runDelivery0_7_2Tests,ServoPeregrino_Organizador_Items_fnc_resolvePlayerContainer
ServoPeregrino_Organizador_Items_fnc_runDelivery0_7_2Tests,ServoPeregrino_Organizador_Items_fnc_resolveUIItemMetadata
ServoPeregrino_Organizador_Items_fnc_runDelivery0_7_2Tests,ServoPeregrino_Organizador_Items_fnc_saveDraft
ServoPeregrino_Organizador_Items_fnc_runDelivery0_7_2Tests,ServoPeregrino_Organizador_Items_fnc_saveDraftAsNew
ServoPeregrino_Organizador_Items_fnc_runDelivery0_7_2Tests,ServoPeregrino_Organizador_Items_fnc_saveKit
ServoPeregrino_Organizador_Items_fnc_runDelivery0_7_2Tests,ServoPeregrino_Organizador_Items_fnc_saveStorage
ServoPeregrino_Organizador_Items_fnc_runDelivery0_7_2Tests,ServoPeregrino_Organizador_Items_fnc_setDraftEntryQuantity
ServoPeregrino_Organizador_Items_fnc_runDelivery0_7_2Tests,ServoPeregrino_Organizador_Items_fnc_setDraftName
ServoPeregrino_Organizador_Items_fnc_runDelivery0_7_2Tests,ServoPeregrino_Organizador_Items_fnc_setDraftPreferredTarget
ServoPeregrino_Organizador_Items_fnc_runDelivery0_7_2Tests,ServoPeregrino_Organizador_Items_fnc_validateItemEntryEnvironmental
ServoPeregrino_Organizador_Items_fnc_runDelivery0_7_2Tests,ServoPeregrino_Organizador_Items_fnc_validateItemEntrySemantic
ServoPeregrino_Organizador_Items_fnc_runDelivery0_7_2Tests,ServoPeregrino_Organizador_Items_fnc_validateItemKitEnvironmental
ServoPeregrino_Organizador_Items_fnc_runDelivery0_7_2Tests,ServoPeregrino_Organizador_Items_fnc_validateItemKitSemantic
ServoPeregrino_Organizador_Items_fnc_runDelivery0_7_2Tests,ServoPeregrino_Organizador_Items_fnc_validateItemKitStructural
ServoPeregrino_Organizador_Items_fnc_runDelivery0_7_2Tests,ServoPeregrino_Organizador_Items_fnc_validateNexus
ServoPeregrino_Organizador_Items_fnc_runDelivery0_7_2Tests,ServoPeregrino_Organizador_Items_fnc_validateStorageSemantic
ServoPeregrino_Organizador_Items_fnc_runDelivery0_7_2Tests,ServoPeregrino_Organizador_Nexus_fnc_getCapability
ServoPeregrino_Organizador_Items_fnc_runDelivery0_7_2Tests,ServoPeregrino_Organizador_Nexus_fnc_hasCapability
ServoPeregrino_Organizador_Items_fnc_runDelivery0_7_2Tests,ServoPeregrino_Organizador_Nexus_fnc_initialize
ServoPeregrino_Organizador_Items_fnc_runDelivery0_8Tests,ServoPeregrino_Organizador_Items_fnc_addCatalogItemToDraft
ServoPeregrino_Organizador_Items_fnc_runDelivery0_8Tests,ServoPeregrino_Organizador_Items_fnc_addEntryToDraft
ServoPeregrino_Organizador_Items_fnc_runDelivery0_8Tests,ServoPeregrino_Organizador_Items_fnc_analyzeContainerCargo
ServoPeregrino_Organizador_Items_fnc_runDelivery0_8Tests,ServoPeregrino_Organizador_Items_fnc_buildCatalog
ServoPeregrino_Organizador_Items_fnc_runDelivery0_8Tests,ServoPeregrino_Organizador_Items_fnc_buildUIViewModel
ServoPeregrino_Organizador_Items_fnc_runDelivery0_8Tests,ServoPeregrino_Organizador_Items_fnc_capturePlayerContainer
ServoPeregrino_Organizador_Items_fnc_runDelivery0_8Tests,ServoPeregrino_Organizador_Items_fnc_capturePlayerContainers
ServoPeregrino_Organizador_Items_fnc_runDelivery0_8Tests,ServoPeregrino_Organizador_Items_fnc_classifyCargoClass
ServoPeregrino_Organizador_Items_fnc_runDelivery0_8Tests,ServoPeregrino_Organizador_Items_fnc_classifyContentClass
ServoPeregrino_Organizador_Items_fnc_runDelivery0_8Tests,ServoPeregrino_Organizador_Items_fnc_cloneItemKit
ServoPeregrino_Organizador_Items_fnc_runDelivery0_8Tests,ServoPeregrino_Organizador_Items_fnc_cloneKit
ServoPeregrino_Organizador_Items_fnc_runDelivery0_8Tests,ServoPeregrino_Organizador_Items_fnc_commitDraftQuantityFromControl
ServoPeregrino_Organizador_Items_fnc_runDelivery0_8Tests,ServoPeregrino_Organizador_Items_fnc_configureRepositoryTestMode
ServoPeregrino_Organizador_Items_fnc_runDelivery0_8Tests,ServoPeregrino_Organizador_Items_fnc_createCaptureDraft
ServoPeregrino_Organizador_Items_fnc_runDelivery0_8Tests,ServoPeregrino_Organizador_Items_fnc_createCatalogItemFromConfig
ServoPeregrino_Organizador_Items_fnc_runDelivery0_8Tests,ServoPeregrino_Organizador_Items_fnc_createItemEntry
ServoPeregrino_Organizador_Items_fnc_runDelivery0_8Tests,ServoPeregrino_Organizador_Items_fnc_createItemKit
ServoPeregrino_Organizador_Items_fnc_runDelivery0_8Tests,ServoPeregrino_Organizador_Items_fnc_createNewDraft
ServoPeregrino_Organizador_Items_fnc_runDelivery0_8Tests,ServoPeregrino_Organizador_Items_fnc_createStoragePayload
ServoPeregrino_Organizador_Items_fnc_runDelivery0_8Tests,ServoPeregrino_Organizador_Items_fnc_decrementDraftEntry
ServoPeregrino_Organizador_Items_fnc_runDelivery0_8Tests,ServoPeregrino_Organizador_Items_fnc_deepCopy
ServoPeregrino_Organizador_Items_fnc_runDelivery0_8Tests,ServoPeregrino_Organizador_Items_fnc_deleteKit
ServoPeregrino_Organizador_Items_fnc_runDelivery0_8Tests,ServoPeregrino_Organizador_Items_fnc_discardDraft
ServoPeregrino_Organizador_Items_fnc_runDelivery0_8Tests,ServoPeregrino_Organizador_Items_fnc_filterCatalog
ServoPeregrino_Organizador_Items_fnc_runDelivery0_8Tests,ServoPeregrino_Organizador_Items_fnc_generateItemKitId
ServoPeregrino_Organizador_Items_fnc_runDelivery0_8Tests,ServoPeregrino_Organizador_Items_fnc_getBuildInfo
ServoPeregrino_Organizador_Items_fnc_runDelivery0_8Tests,ServoPeregrino_Organizador_Items_fnc_getCatalog
ServoPeregrino_Organizador_Items_fnc_runDelivery0_8Tests,ServoPeregrino_Organizador_Items_fnc_getCatalogCategories
ServoPeregrino_Organizador_Items_fnc_runDelivery0_8Tests,ServoPeregrino_Organizador_Items_fnc_getCatalogStatus
ServoPeregrino_Organizador_Items_fnc_runDelivery0_8Tests,ServoPeregrino_Organizador_Items_fnc_getDraftState
ServoPeregrino_Organizador_Items_fnc_runDelivery0_8Tests,ServoPeregrino_Organizador_Items_fnc_getKit
ServoPeregrino_Organizador_Items_fnc_runDelivery0_8Tests,ServoPeregrino_Organizador_Items_fnc_getLoadoutFingerprint
ServoPeregrino_Organizador_Items_fnc_runDelivery0_8Tests,ServoPeregrino_Organizador_Items_fnc_getRepositoryStatus
ServoPeregrino_Organizador_Items_fnc_runDelivery0_8Tests,ServoPeregrino_Organizador_Items_fnc_getRuntimeStatus
ServoPeregrino_Organizador_Items_fnc_runDelivery0_8Tests,ServoPeregrino_Organizador_Items_fnc_getUIState
ServoPeregrino_Organizador_Items_fnc_runDelivery0_8Tests,ServoPeregrino_Organizador_Items_fnc_handleDraftRowAction
ServoPeregrino_Organizador_Items_fnc_runDelivery0_8Tests,ServoPeregrino_Organizador_Items_fnc_handleUIDragEvent
ServoPeregrino_Organizador_Items_fnc_runDelivery0_8Tests,ServoPeregrino_Organizador_Items_fnc_handleUIEvent
ServoPeregrino_Organizador_Items_fnc_runDelivery0_8Tests,ServoPeregrino_Organizador_Items_fnc_handleUITransferToDraft
ServoPeregrino_Organizador_Items_fnc_runDelivery0_8Tests,ServoPeregrino_Organizador_Items_fnc_incrementDraftEntry
ServoPeregrino_Organizador_Items_fnc_runDelivery0_8Tests,ServoPeregrino_Organizador_Items_fnc_initialize
ServoPeregrino_Organizador_Items_fnc_runDelivery0_8Tests,ServoPeregrino_Organizador_Items_fnc_injectTestStoragePayload
ServoPeregrino_Organizador_Items_fnc_runDelivery0_8Tests,ServoPeregrino_Organizador_Items_fnc_invalidateCatalogCache
ServoPeregrino_Organizador_Items_fnc_runDelivery0_8Tests,ServoPeregrino_Organizador_Items_fnc_isValidItemKitId
ServoPeregrino_Organizador_Items_fnc_runDelivery0_8Tests,ServoPeregrino_Organizador_Items_fnc_listKits
ServoPeregrino_Organizador_Items_fnc_runDelivery0_8Tests,ServoPeregrino_Organizador_Items_fnc_loadDraftFromKit
ServoPeregrino_Organizador_Items_fnc_runDelivery0_8Tests,ServoPeregrino_Organizador_Items_fnc_loadStorage
ServoPeregrino_Organizador_Items_fnc_runDelivery0_8Tests,ServoPeregrino_Organizador_Items_fnc_mergeEntriesIntoDraft
ServoPeregrino_Organizador_Items_fnc_runDelivery0_8Tests,ServoPeregrino_Organizador_Items_fnc_mergeKitIntoDraft
ServoPeregrino_Organizador_Items_fnc_runDelivery0_8Tests,ServoPeregrino_Organizador_Items_fnc_migrateStorage
ServoPeregrino_Organizador_Items_fnc_runDelivery0_8Tests,ServoPeregrino_Organizador_Items_fnc_normalizeItemEntries
ServoPeregrino_Organizador_Items_fnc_runDelivery0_8Tests,ServoPeregrino_Organizador_Items_fnc_openCaptureDraft
ServoPeregrino_Organizador_Items_fnc_runDelivery0_8Tests,ServoPeregrino_Organizador_Items_fnc_openInterface
ServoPeregrino_Organizador_Items_fnc_runDelivery0_8Tests,ServoPeregrino_Organizador_Items_fnc_pushUIFeedback
ServoPeregrino_Organizador_Items_fnc_runDelivery0_8Tests,ServoPeregrino_Organizador_Items_fnc_refreshInterface
ServoPeregrino_Organizador_Items_fnc_runDelivery0_8Tests,ServoPeregrino_Organizador_Items_fnc_removeDraftEntry
ServoPeregrino_Organizador_Items_fnc_runDelivery0_8Tests,ServoPeregrino_Organizador_Items_fnc_renameItemKit
ServoPeregrino_Organizador_Items_fnc_runDelivery0_8Tests,ServoPeregrino_Organizador_Items_fnc_resetRuntimeForTests
ServoPeregrino_Organizador_Items_fnc_runDelivery0_8Tests,ServoPeregrino_Organizador_Items_fnc_resolveCatalogItem
ServoPeregrino_Organizador_Items_fnc_runDelivery0_8Tests,ServoPeregrino_Organizador_Items_fnc_resolvePlayerContainer
ServoPeregrino_Organizador_Items_fnc_runDelivery0_8Tests,ServoPeregrino_Organizador_Items_fnc_resolveUIItemMetadata
ServoPeregrino_Organizador_Items_fnc_runDelivery0_8Tests,ServoPeregrino_Organizador_Items_fnc_saveDraft
ServoPeregrino_Organizador_Items_fnc_runDelivery0_8Tests,ServoPeregrino_Organizador_Items_fnc_saveDraftAsNew
ServoPeregrino_Organizador_Items_fnc_runDelivery0_8Tests,ServoPeregrino_Organizador_Items_fnc_saveKit
ServoPeregrino_Organizador_Items_fnc_runDelivery0_8Tests,ServoPeregrino_Organizador_Items_fnc_saveStorage
ServoPeregrino_Organizador_Items_fnc_runDelivery0_8Tests,ServoPeregrino_Organizador_Items_fnc_setDraftEntryQuantity
ServoPeregrino_Organizador_Items_fnc_runDelivery0_8Tests,ServoPeregrino_Organizador_Items_fnc_setDraftName
ServoPeregrino_Organizador_Items_fnc_runDelivery0_8Tests,ServoPeregrino_Organizador_Items_fnc_setDraftPreferredTarget
ServoPeregrino_Organizador_Items_fnc_runDelivery0_8Tests,ServoPeregrino_Organizador_Items_fnc_validateItemEntryEnvironmental
ServoPeregrino_Organizador_Items_fnc_runDelivery0_8Tests,ServoPeregrino_Organizador_Items_fnc_validateItemEntrySemantic
ServoPeregrino_Organizador_Items_fnc_runDelivery0_8Tests,ServoPeregrino_Organizador_Items_fnc_validateItemKitEnvironmental
ServoPeregrino_Organizador_Items_fnc_runDelivery0_8Tests,ServoPeregrino_Organizador_Items_fnc_validateItemKitSemantic
ServoPeregrino_Organizador_Items_fnc_runDelivery0_8Tests,ServoPeregrino_Organizador_Items_fnc_validateItemKitStructural
ServoPeregrino_Organizador_Items_fnc_runDelivery0_8Tests,ServoPeregrino_Organizador_Items_fnc_validateNexus
ServoPeregrino_Organizador_Items_fnc_runDelivery0_8Tests,ServoPeregrino_Organizador_Items_fnc_validateStorageSemantic
ServoPeregrino_Organizador_Items_fnc_runDelivery0_8Tests,ServoPeregrino_Organizador_Nexus_fnc_getCapability
ServoPeregrino_Organizador_Items_fnc_runDelivery0_8Tests,ServoPeregrino_Organizador_Nexus_fnc_hasCapability
ServoPeregrino_Organizador_Items_fnc_runDelivery0_8Tests,ServoPeregrino_Organizador_Nexus_fnc_initialize
ServoPeregrino_Organizador_Items_fnc_runDelivery0_8_1Tests,ServoPeregrino_Organizador_Items_fnc_addCatalogItemToDraft
ServoPeregrino_Organizador_Items_fnc_runDelivery0_8_1Tests,ServoPeregrino_Organizador_Items_fnc_addEntryToDraft
ServoPeregrino_Organizador_Items_fnc_runDelivery0_8_1Tests,ServoPeregrino_Organizador_Items_fnc_analyzeContainerCargo
ServoPeregrino_Organizador_Items_fnc_runDelivery0_8_1Tests,ServoPeregrino_Organizador_Items_fnc_buildCatalog
ServoPeregrino_Organizador_Items_fnc_runDelivery0_8_1Tests,ServoPeregrino_Organizador_Items_fnc_buildUIViewModel
ServoPeregrino_Organizador_Items_fnc_runDelivery0_8_1Tests,ServoPeregrino_Organizador_Items_fnc_capturePlayerContainer
ServoPeregrino_Organizador_Items_fnc_runDelivery0_8_1Tests,ServoPeregrino_Organizador_Items_fnc_capturePlayerContainers
ServoPeregrino_Organizador_Items_fnc_runDelivery0_8_1Tests,ServoPeregrino_Organizador_Items_fnc_classifyCargoClass
ServoPeregrino_Organizador_Items_fnc_runDelivery0_8_1Tests,ServoPeregrino_Organizador_Items_fnc_classifyContentClass
ServoPeregrino_Organizador_Items_fnc_runDelivery0_8_1Tests,ServoPeregrino_Organizador_Items_fnc_cloneItemKit
ServoPeregrino_Organizador_Items_fnc_runDelivery0_8_1Tests,ServoPeregrino_Organizador_Items_fnc_cloneKit
ServoPeregrino_Organizador_Items_fnc_runDelivery0_8_1Tests,ServoPeregrino_Organizador_Items_fnc_commitDraftQuantityFromControl
ServoPeregrino_Organizador_Items_fnc_runDelivery0_8_1Tests,ServoPeregrino_Organizador_Items_fnc_configureRepositoryTestMode
ServoPeregrino_Organizador_Items_fnc_runDelivery0_8_1Tests,ServoPeregrino_Organizador_Items_fnc_createCaptureDraft
ServoPeregrino_Organizador_Items_fnc_runDelivery0_8_1Tests,ServoPeregrino_Organizador_Items_fnc_createCatalogItemFromConfig
ServoPeregrino_Organizador_Items_fnc_runDelivery0_8_1Tests,ServoPeregrino_Organizador_Items_fnc_createItemEntry
ServoPeregrino_Organizador_Items_fnc_runDelivery0_8_1Tests,ServoPeregrino_Organizador_Items_fnc_createItemKit
ServoPeregrino_Organizador_Items_fnc_runDelivery0_8_1Tests,ServoPeregrino_Organizador_Items_fnc_createNewDraft
ServoPeregrino_Organizador_Items_fnc_runDelivery0_8_1Tests,ServoPeregrino_Organizador_Items_fnc_createStoragePayload
ServoPeregrino_Organizador_Items_fnc_runDelivery0_8_1Tests,ServoPeregrino_Organizador_Items_fnc_decrementDraftEntry
ServoPeregrino_Organizador_Items_fnc_runDelivery0_8_1Tests,ServoPeregrino_Organizador_Items_fnc_deepCopy
ServoPeregrino_Organizador_Items_fnc_runDelivery0_8_1Tests,ServoPeregrino_Organizador_Items_fnc_deleteKit
ServoPeregrino_Organizador_Items_fnc_runDelivery0_8_1Tests,ServoPeregrino_Organizador_Items_fnc_discardDraft
ServoPeregrino_Organizador_Items_fnc_runDelivery0_8_1Tests,ServoPeregrino_Organizador_Items_fnc_filterCatalog
ServoPeregrino_Organizador_Items_fnc_runDelivery0_8_1Tests,ServoPeregrino_Organizador_Items_fnc_generateItemKitId
ServoPeregrino_Organizador_Items_fnc_runDelivery0_8_1Tests,ServoPeregrino_Organizador_Items_fnc_getBuildInfo
ServoPeregrino_Organizador_Items_fnc_runDelivery0_8_1Tests,ServoPeregrino_Organizador_Items_fnc_getCatalog
ServoPeregrino_Organizador_Items_fnc_runDelivery0_8_1Tests,ServoPeregrino_Organizador_Items_fnc_getCatalogCategories
ServoPeregrino_Organizador_Items_fnc_runDelivery0_8_1Tests,ServoPeregrino_Organizador_Items_fnc_getCatalogStatus
ServoPeregrino_Organizador_Items_fnc_runDelivery0_8_1Tests,ServoPeregrino_Organizador_Items_fnc_getDraftState
ServoPeregrino_Organizador_Items_fnc_runDelivery0_8_1Tests,ServoPeregrino_Organizador_Items_fnc_getKit
ServoPeregrino_Organizador_Items_fnc_runDelivery0_8_1Tests,ServoPeregrino_Organizador_Items_fnc_getLoadoutFingerprint
ServoPeregrino_Organizador_Items_fnc_runDelivery0_8_1Tests,ServoPeregrino_Organizador_Items_fnc_getRepositoryStatus
ServoPeregrino_Organizador_Items_fnc_runDelivery0_8_1Tests,ServoPeregrino_Organizador_Items_fnc_getRuntimeStatus
ServoPeregrino_Organizador_Items_fnc_runDelivery0_8_1Tests,ServoPeregrino_Organizador_Items_fnc_getUIState
ServoPeregrino_Organizador_Items_fnc_runDelivery0_8_1Tests,ServoPeregrino_Organizador_Items_fnc_handleDraftRowAction
ServoPeregrino_Organizador_Items_fnc_runDelivery0_8_1Tests,ServoPeregrino_Organizador_Items_fnc_handleUIDragEvent
ServoPeregrino_Organizador_Items_fnc_runDelivery0_8_1Tests,ServoPeregrino_Organizador_Items_fnc_handleUIEvent
ServoPeregrino_Organizador_Items_fnc_runDelivery0_8_1Tests,ServoPeregrino_Organizador_Items_fnc_handleUITransferToDraft
ServoPeregrino_Organizador_Items_fnc_runDelivery0_8_1Tests,ServoPeregrino_Organizador_Items_fnc_incrementDraftEntry
ServoPeregrino_Organizador_Items_fnc_runDelivery0_8_1Tests,ServoPeregrino_Organizador_Items_fnc_initialize
ServoPeregrino_Organizador_Items_fnc_runDelivery0_8_1Tests,ServoPeregrino_Organizador_Items_fnc_injectTestStoragePayload
ServoPeregrino_Organizador_Items_fnc_runDelivery0_8_1Tests,ServoPeregrino_Organizador_Items_fnc_invalidateCatalogCache
ServoPeregrino_Organizador_Items_fnc_runDelivery0_8_1Tests,ServoPeregrino_Organizador_Items_fnc_isValidItemKitId
ServoPeregrino_Organizador_Items_fnc_runDelivery0_8_1Tests,ServoPeregrino_Organizador_Items_fnc_listKits
ServoPeregrino_Organizador_Items_fnc_runDelivery0_8_1Tests,ServoPeregrino_Organizador_Items_fnc_loadDraftFromKit
ServoPeregrino_Organizador_Items_fnc_runDelivery0_8_1Tests,ServoPeregrino_Organizador_Items_fnc_loadStorage
ServoPeregrino_Organizador_Items_fnc_runDelivery0_8_1Tests,ServoPeregrino_Organizador_Items_fnc_mergeEntriesIntoDraft
ServoPeregrino_Organizador_Items_fnc_runDelivery0_8_1Tests,ServoPeregrino_Organizador_Items_fnc_mergeKitIntoDraft
ServoPeregrino_Organizador_Items_fnc_runDelivery0_8_1Tests,ServoPeregrino_Organizador_Items_fnc_migrateStorage
ServoPeregrino_Organizador_Items_fnc_runDelivery0_8_1Tests,ServoPeregrino_Organizador_Items_fnc_normalizeItemEntries
ServoPeregrino_Organizador_Items_fnc_runDelivery0_8_1Tests,ServoPeregrino_Organizador_Items_fnc_openCaptureDraft
ServoPeregrino_Organizador_Items_fnc_runDelivery0_8_1Tests,ServoPeregrino_Organizador_Items_fnc_openInterface
ServoPeregrino_Organizador_Items_fnc_runDelivery0_8_1Tests,ServoPeregrino_Organizador_Items_fnc_pushUIFeedback
ServoPeregrino_Organizador_Items_fnc_runDelivery0_8_1Tests,ServoPeregrino_Organizador_Items_fnc_refreshInterface
ServoPeregrino_Organizador_Items_fnc_runDelivery0_8_1Tests,ServoPeregrino_Organizador_Items_fnc_removeDraftEntry
ServoPeregrino_Organizador_Items_fnc_runDelivery0_8_1Tests,ServoPeregrino_Organizador_Items_fnc_renameItemKit
ServoPeregrino_Organizador_Items_fnc_runDelivery0_8_1Tests,ServoPeregrino_Organizador_Items_fnc_requestDraftTransition
ServoPeregrino_Organizador_Items_fnc_runDelivery0_8_1Tests,ServoPeregrino_Organizador_Items_fnc_resetRuntimeForTests
ServoPeregrino_Organizador_Items_fnc_runDelivery0_8_1Tests,ServoPeregrino_Organizador_Items_fnc_resolveCatalogItem
ServoPeregrino_Organizador_Items_fnc_runDelivery0_8_1Tests,ServoPeregrino_Organizador_Items_fnc_resolvePlayerContainer
ServoPeregrino_Organizador_Items_fnc_runDelivery0_8_1Tests,ServoPeregrino_Organizador_Items_fnc_resolveUIItemMetadata
ServoPeregrino_Organizador_Items_fnc_runDelivery0_8_1Tests,ServoPeregrino_Organizador_Items_fnc_saveDraft
ServoPeregrino_Organizador_Items_fnc_runDelivery0_8_1Tests,ServoPeregrino_Organizador_Items_fnc_saveDraftAsNew
ServoPeregrino_Organizador_Items_fnc_runDelivery0_8_1Tests,ServoPeregrino_Organizador_Items_fnc_saveKit
ServoPeregrino_Organizador_Items_fnc_runDelivery0_8_1Tests,ServoPeregrino_Organizador_Items_fnc_saveStorage
ServoPeregrino_Organizador_Items_fnc_runDelivery0_8_1Tests,ServoPeregrino_Organizador_Items_fnc_setDraftEntryQuantity
ServoPeregrino_Organizador_Items_fnc_runDelivery0_8_1Tests,ServoPeregrino_Organizador_Items_fnc_setDraftName
ServoPeregrino_Organizador_Items_fnc_runDelivery0_8_1Tests,ServoPeregrino_Organizador_Items_fnc_setDraftPreferredTarget
ServoPeregrino_Organizador_Items_fnc_runDelivery0_8_1Tests,ServoPeregrino_Organizador_Items_fnc_validateItemEntryEnvironmental
ServoPeregrino_Organizador_Items_fnc_runDelivery0_8_1Tests,ServoPeregrino_Organizador_Items_fnc_validateItemEntrySemantic
ServoPeregrino_Organizador_Items_fnc_runDelivery0_8_1Tests,ServoPeregrino_Organizador_Items_fnc_validateItemKitEnvironmental
ServoPeregrino_Organizador_Items_fnc_runDelivery0_8_1Tests,ServoPeregrino_Organizador_Items_fnc_validateItemKitSemantic
ServoPeregrino_Organizador_Items_fnc_runDelivery0_8_1Tests,ServoPeregrino_Organizador_Items_fnc_validateItemKitStructural
ServoPeregrino_Organizador_Items_fnc_runDelivery0_8_1Tests,ServoPeregrino_Organizador_Items_fnc_validateNexus
ServoPeregrino_Organizador_Items_fnc_runDelivery0_8_1Tests,ServoPeregrino_Organizador_Items_fnc_validateStorageSemantic
ServoPeregrino_Organizador_Items_fnc_runDelivery0_8_1Tests,ServoPeregrino_Organizador_Nexus_fnc_getCapability
ServoPeregrino_Organizador_Items_fnc_runDelivery0_8_1Tests,ServoPeregrino_Organizador_Nexus_fnc_hasCapability
ServoPeregrino_Organizador_Items_fnc_runDelivery0_8_1Tests,ServoPeregrino_Organizador_Nexus_fnc_initialize
ServoPeregrino_Organizador_Items_fnc_runDelivery0_8_2Tests,ServoPeregrino_Organizador_Items_fnc_addCatalogItemToDraft
ServoPeregrino_Organizador_Items_fnc_runDelivery0_8_2Tests,ServoPeregrino_Organizador_Items_fnc_addEntryToDraft
ServoPeregrino_Organizador_Items_fnc_runDelivery0_8_2Tests,ServoPeregrino_Organizador_Items_fnc_analyzeContainerCargo
ServoPeregrino_Organizador_Items_fnc_runDelivery0_8_2Tests,ServoPeregrino_Organizador_Items_fnc_buildCatalog
ServoPeregrino_Organizador_Items_fnc_runDelivery0_8_2Tests,ServoPeregrino_Organizador_Items_fnc_buildUIViewModel
ServoPeregrino_Organizador_Items_fnc_runDelivery0_8_2Tests,ServoPeregrino_Organizador_Items_fnc_capturePlayerContainer
ServoPeregrino_Organizador_Items_fnc_runDelivery0_8_2Tests,ServoPeregrino_Organizador_Items_fnc_capturePlayerContainers
ServoPeregrino_Organizador_Items_fnc_runDelivery0_8_2Tests,ServoPeregrino_Organizador_Items_fnc_classifyCargoClass
ServoPeregrino_Organizador_Items_fnc_runDelivery0_8_2Tests,ServoPeregrino_Organizador_Items_fnc_classifyContentClass
ServoPeregrino_Organizador_Items_fnc_runDelivery0_8_2Tests,ServoPeregrino_Organizador_Items_fnc_cloneItemKit
ServoPeregrino_Organizador_Items_fnc_runDelivery0_8_2Tests,ServoPeregrino_Organizador_Items_fnc_cloneKit
ServoPeregrino_Organizador_Items_fnc_runDelivery0_8_2Tests,ServoPeregrino_Organizador_Items_fnc_commitDraftQuantityFromControl
ServoPeregrino_Organizador_Items_fnc_runDelivery0_8_2Tests,ServoPeregrino_Organizador_Items_fnc_configureRepositoryTestMode
ServoPeregrino_Organizador_Items_fnc_runDelivery0_8_2Tests,ServoPeregrino_Organizador_Items_fnc_createCaptureDraft
ServoPeregrino_Organizador_Items_fnc_runDelivery0_8_2Tests,ServoPeregrino_Organizador_Items_fnc_createCatalogItemFromConfig
ServoPeregrino_Organizador_Items_fnc_runDelivery0_8_2Tests,ServoPeregrino_Organizador_Items_fnc_createItemEntry
ServoPeregrino_Organizador_Items_fnc_runDelivery0_8_2Tests,ServoPeregrino_Organizador_Items_fnc_createItemKit
ServoPeregrino_Organizador_Items_fnc_runDelivery0_8_2Tests,ServoPeregrino_Organizador_Items_fnc_createNewDraft
ServoPeregrino_Organizador_Items_fnc_runDelivery0_8_2Tests,ServoPeregrino_Organizador_Items_fnc_createStoragePayload
ServoPeregrino_Organizador_Items_fnc_runDelivery0_8_2Tests,ServoPeregrino_Organizador_Items_fnc_decrementDraftEntry
ServoPeregrino_Organizador_Items_fnc_runDelivery0_8_2Tests,ServoPeregrino_Organizador_Items_fnc_deepCopy
ServoPeregrino_Organizador_Items_fnc_runDelivery0_8_2Tests,ServoPeregrino_Organizador_Items_fnc_deleteKit
ServoPeregrino_Organizador_Items_fnc_runDelivery0_8_2Tests,ServoPeregrino_Organizador_Items_fnc_discardDraft
ServoPeregrino_Organizador_Items_fnc_runDelivery0_8_2Tests,ServoPeregrino_Organizador_Items_fnc_filterCatalog
ServoPeregrino_Organizador_Items_fnc_runDelivery0_8_2Tests,ServoPeregrino_Organizador_Items_fnc_generateItemKitId
ServoPeregrino_Organizador_Items_fnc_runDelivery0_8_2Tests,ServoPeregrino_Organizador_Items_fnc_getBuildInfo
ServoPeregrino_Organizador_Items_fnc_runDelivery0_8_2Tests,ServoPeregrino_Organizador_Items_fnc_getCatalog
ServoPeregrino_Organizador_Items_fnc_runDelivery0_8_2Tests,ServoPeregrino_Organizador_Items_fnc_getCatalogCategories
ServoPeregrino_Organizador_Items_fnc_runDelivery0_8_2Tests,ServoPeregrino_Organizador_Items_fnc_getCatalogStatus
ServoPeregrino_Organizador_Items_fnc_runDelivery0_8_2Tests,ServoPeregrino_Organizador_Items_fnc_getDraftState
ServoPeregrino_Organizador_Items_fnc_runDelivery0_8_2Tests,ServoPeregrino_Organizador_Items_fnc_getKit
ServoPeregrino_Organizador_Items_fnc_runDelivery0_8_2Tests,ServoPeregrino_Organizador_Items_fnc_getLoadoutFingerprint
ServoPeregrino_Organizador_Items_fnc_runDelivery0_8_2Tests,ServoPeregrino_Organizador_Items_fnc_getRepositoryStatus
ServoPeregrino_Organizador_Items_fnc_runDelivery0_8_2Tests,ServoPeregrino_Organizador_Items_fnc_getResponsiveCatalogLabels
ServoPeregrino_Organizador_Items_fnc_runDelivery0_8_2Tests,ServoPeregrino_Organizador_Items_fnc_getRuntimeStatus
ServoPeregrino_Organizador_Items_fnc_runDelivery0_8_2Tests,ServoPeregrino_Organizador_Items_fnc_getUIState
ServoPeregrino_Organizador_Items_fnc_runDelivery0_8_2Tests,ServoPeregrino_Organizador_Items_fnc_handleDraftRowAction
ServoPeregrino_Organizador_Items_fnc_runDelivery0_8_2Tests,ServoPeregrino_Organizador_Items_fnc_handleUIDragEvent
ServoPeregrino_Organizador_Items_fnc_runDelivery0_8_2Tests,ServoPeregrino_Organizador_Items_fnc_handleUIEvent
ServoPeregrino_Organizador_Items_fnc_runDelivery0_8_2Tests,ServoPeregrino_Organizador_Items_fnc_handleUITransferToDraft
ServoPeregrino_Organizador_Items_fnc_runDelivery0_8_2Tests,ServoPeregrino_Organizador_Items_fnc_incrementDraftEntry
ServoPeregrino_Organizador_Items_fnc_runDelivery0_8_2Tests,ServoPeregrino_Organizador_Items_fnc_initialize
ServoPeregrino_Organizador_Items_fnc_runDelivery0_8_2Tests,ServoPeregrino_Organizador_Items_fnc_injectTestStoragePayload
ServoPeregrino_Organizador_Items_fnc_runDelivery0_8_2Tests,ServoPeregrino_Organizador_Items_fnc_invalidateCatalogCache
ServoPeregrino_Organizador_Items_fnc_runDelivery0_8_2Tests,ServoPeregrino_Organizador_Items_fnc_isValidItemKitId
ServoPeregrino_Organizador_Items_fnc_runDelivery0_8_2Tests,ServoPeregrino_Organizador_Items_fnc_listKits
ServoPeregrino_Organizador_Items_fnc_runDelivery0_8_2Tests,ServoPeregrino_Organizador_Items_fnc_loadDraftFromKit
ServoPeregrino_Organizador_Items_fnc_runDelivery0_8_2Tests,ServoPeregrino_Organizador_Items_fnc_loadStorage
ServoPeregrino_Organizador_Items_fnc_runDelivery0_8_2Tests,ServoPeregrino_Organizador_Items_fnc_mergeEntriesIntoDraft
ServoPeregrino_Organizador_Items_fnc_runDelivery0_8_2Tests,ServoPeregrino_Organizador_Items_fnc_mergeKitIntoDraft
ServoPeregrino_Organizador_Items_fnc_runDelivery0_8_2Tests,ServoPeregrino_Organizador_Items_fnc_migrateStorage
ServoPeregrino_Organizador_Items_fnc_runDelivery0_8_2Tests,ServoPeregrino_Organizador_Items_fnc_normalizeItemEntries
ServoPeregrino_Organizador_Items_fnc_runDelivery0_8_2Tests,ServoPeregrino_Organizador_Items_fnc_openCaptureDraft
ServoPeregrino_Organizador_Items_fnc_runDelivery0_8_2Tests,ServoPeregrino_Organizador_Items_fnc_openInterface
ServoPeregrino_Organizador_Items_fnc_runDelivery0_8_2Tests,ServoPeregrino_Organizador_Items_fnc_pushUIFeedback
ServoPeregrino_Organizador_Items_fnc_runDelivery0_8_2Tests,ServoPeregrino_Organizador_Items_fnc_refreshInterface
ServoPeregrino_Organizador_Items_fnc_runDelivery0_8_2Tests,ServoPeregrino_Organizador_Items_fnc_removeDraftEntry
ServoPeregrino_Organizador_Items_fnc_runDelivery0_8_2Tests,ServoPeregrino_Organizador_Items_fnc_renameItemKit
ServoPeregrino_Organizador_Items_fnc_runDelivery0_8_2Tests,ServoPeregrino_Organizador_Items_fnc_requestDraftTransition
ServoPeregrino_Organizador_Items_fnc_runDelivery0_8_2Tests,ServoPeregrino_Organizador_Items_fnc_resetRuntimeForTests
ServoPeregrino_Organizador_Items_fnc_runDelivery0_8_2Tests,ServoPeregrino_Organizador_Items_fnc_resolveCatalogItem
ServoPeregrino_Organizador_Items_fnc_runDelivery0_8_2Tests,ServoPeregrino_Organizador_Items_fnc_resolvePlayerContainer
ServoPeregrino_Organizador_Items_fnc_runDelivery0_8_2Tests,ServoPeregrino_Organizador_Items_fnc_resolveUIItemMetadata
ServoPeregrino_Organizador_Items_fnc_runDelivery0_8_2Tests,ServoPeregrino_Organizador_Items_fnc_saveDraft
ServoPeregrino_Organizador_Items_fnc_runDelivery0_8_2Tests,ServoPeregrino_Organizador_Items_fnc_saveDraftAsNew
ServoPeregrino_Organizador_Items_fnc_runDelivery0_8_2Tests,ServoPeregrino_Organizador_Items_fnc_saveKit
ServoPeregrino_Organizador_Items_fnc_runDelivery0_8_2Tests,ServoPeregrino_Organizador_Items_fnc_saveStorage
ServoPeregrino_Organizador_Items_fnc_runDelivery0_8_2Tests,ServoPeregrino_Organizador_Items_fnc_setDraftEntryQuantity
ServoPeregrino_Organizador_Items_fnc_runDelivery0_8_2Tests,ServoPeregrino_Organizador_Items_fnc_setDraftName
ServoPeregrino_Organizador_Items_fnc_runDelivery0_8_2Tests,ServoPeregrino_Organizador_Items_fnc_setDraftPreferredTarget
ServoPeregrino_Organizador_Items_fnc_runDelivery0_8_2Tests,ServoPeregrino_Organizador_Items_fnc_validateItemEntryEnvironmental
ServoPeregrino_Organizador_Items_fnc_runDelivery0_8_2Tests,ServoPeregrino_Organizador_Items_fnc_validateItemEntrySemantic
ServoPeregrino_Organizador_Items_fnc_runDelivery0_8_2Tests,ServoPeregrino_Organizador_Items_fnc_validateItemKitEnvironmental
ServoPeregrino_Organizador_Items_fnc_runDelivery0_8_2Tests,ServoPeregrino_Organizador_Items_fnc_validateItemKitSemantic
ServoPeregrino_Organizador_Items_fnc_runDelivery0_8_2Tests,ServoPeregrino_Organizador_Items_fnc_validateItemKitStructural
ServoPeregrino_Organizador_Items_fnc_runDelivery0_8_2Tests,ServoPeregrino_Organizador_Items_fnc_validateNexus
ServoPeregrino_Organizador_Items_fnc_runDelivery0_8_2Tests,ServoPeregrino_Organizador_Items_fnc_validateStorageSemantic
ServoPeregrino_Organizador_Items_fnc_runDelivery0_8_2Tests,ServoPeregrino_Organizador_Nexus_fnc_getCapability
ServoPeregrino_Organizador_Items_fnc_runDelivery0_8_2Tests,ServoPeregrino_Organizador_Nexus_fnc_hasCapability
ServoPeregrino_Organizador_Items_fnc_runDelivery0_8_2Tests,ServoPeregrino_Organizador_Nexus_fnc_initialize
ServoPeregrino_Organizador_Items_fnc_runDelivery0_8_3Tests,ServoPeregrino_Organizador_Items_fnc_addCatalogItemToDraft
ServoPeregrino_Organizador_Items_fnc_runDelivery0_8_3Tests,ServoPeregrino_Organizador_Items_fnc_addEntryToDraft
ServoPeregrino_Organizador_Items_fnc_runDelivery0_8_3Tests,ServoPeregrino_Organizador_Items_fnc_analyzeContainerCargo
ServoPeregrino_Organizador_Items_fnc_runDelivery0_8_3Tests,ServoPeregrino_Organizador_Items_fnc_buildCatalog
ServoPeregrino_Organizador_Items_fnc_runDelivery0_8_3Tests,ServoPeregrino_Organizador_Items_fnc_buildUIViewModel
ServoPeregrino_Organizador_Items_fnc_runDelivery0_8_3Tests,ServoPeregrino_Organizador_Items_fnc_cancelUIDrag
ServoPeregrino_Organizador_Items_fnc_runDelivery0_8_3Tests,ServoPeregrino_Organizador_Items_fnc_capturePlayerContainer
ServoPeregrino_Organizador_Items_fnc_runDelivery0_8_3Tests,ServoPeregrino_Organizador_Items_fnc_capturePlayerContainers
ServoPeregrino_Organizador_Items_fnc_runDelivery0_8_3Tests,ServoPeregrino_Organizador_Items_fnc_classifyCargoClass
ServoPeregrino_Organizador_Items_fnc_runDelivery0_8_3Tests,ServoPeregrino_Organizador_Items_fnc_classifyContentClass
ServoPeregrino_Organizador_Items_fnc_runDelivery0_8_3Tests,ServoPeregrino_Organizador_Items_fnc_cloneItemKit
ServoPeregrino_Organizador_Items_fnc_runDelivery0_8_3Tests,ServoPeregrino_Organizador_Items_fnc_cloneKit
ServoPeregrino_Organizador_Items_fnc_runDelivery0_8_3Tests,ServoPeregrino_Organizador_Items_fnc_commitDraftQuantityFromControl
ServoPeregrino_Organizador_Items_fnc_runDelivery0_8_3Tests,ServoPeregrino_Organizador_Items_fnc_configureRepositoryTestMode
ServoPeregrino_Organizador_Items_fnc_runDelivery0_8_3Tests,ServoPeregrino_Organizador_Items_fnc_createCaptureDraft
ServoPeregrino_Organizador_Items_fnc_runDelivery0_8_3Tests,ServoPeregrino_Organizador_Items_fnc_createCatalogItemFromConfig
ServoPeregrino_Organizador_Items_fnc_runDelivery0_8_3Tests,ServoPeregrino_Organizador_Items_fnc_createItemEntry
ServoPeregrino_Organizador_Items_fnc_runDelivery0_8_3Tests,ServoPeregrino_Organizador_Items_fnc_createItemKit
ServoPeregrino_Organizador_Items_fnc_runDelivery0_8_3Tests,ServoPeregrino_Organizador_Items_fnc_createNewDraft
ServoPeregrino_Organizador_Items_fnc_runDelivery0_8_3Tests,ServoPeregrino_Organizador_Items_fnc_createStoragePayload
ServoPeregrino_Organizador_Items_fnc_runDelivery0_8_3Tests,ServoPeregrino_Organizador_Items_fnc_decrementDraftEntry
ServoPeregrino_Organizador_Items_fnc_runDelivery0_8_3Tests,ServoPeregrino_Organizador_Items_fnc_deepCopy
ServoPeregrino_Organizador_Items_fnc_runDelivery0_8_3Tests,ServoPeregrino_Organizador_Items_fnc_deleteKit
ServoPeregrino_Organizador_Items_fnc_runDelivery0_8_3Tests,ServoPeregrino_Organizador_Items_fnc_discardDraft
ServoPeregrino_Organizador_Items_fnc_runDelivery0_8_3Tests,ServoPeregrino_Organizador_Items_fnc_filterCatalog
ServoPeregrino_Organizador_Items_fnc_runDelivery0_8_3Tests,ServoPeregrino_Organizador_Items_fnc_generateItemKitId
ServoPeregrino_Organizador_Items_fnc_runDelivery0_8_3Tests,ServoPeregrino_Organizador_Items_fnc_getBuildInfo
ServoPeregrino_Organizador_Items_fnc_runDelivery0_8_3Tests,ServoPeregrino_Organizador_Items_fnc_getCatalog
ServoPeregrino_Organizador_Items_fnc_runDelivery0_8_3Tests,ServoPeregrino_Organizador_Items_fnc_getCatalogCategories
ServoPeregrino_Organizador_Items_fnc_runDelivery0_8_3Tests,ServoPeregrino_Organizador_Items_fnc_getCatalogStatus
ServoPeregrino_Organizador_Items_fnc_runDelivery0_8_3Tests,ServoPeregrino_Organizador_Items_fnc_getDraftState
ServoPeregrino_Organizador_Items_fnc_runDelivery0_8_3Tests,ServoPeregrino_Organizador_Items_fnc_getKit
ServoPeregrino_Organizador_Items_fnc_runDelivery0_8_3Tests,ServoPeregrino_Organizador_Items_fnc_getLoadoutFingerprint
ServoPeregrino_Organizador_Items_fnc_runDelivery0_8_3Tests,ServoPeregrino_Organizador_Items_fnc_getRepositoryStatus
ServoPeregrino_Organizador_Items_fnc_runDelivery0_8_3Tests,ServoPeregrino_Organizador_Items_fnc_getResponsiveCatalogLabels
ServoPeregrino_Organizador_Items_fnc_runDelivery0_8_3Tests,ServoPeregrino_Organizador_Items_fnc_getRuntimeStatus
ServoPeregrino_Organizador_Items_fnc_runDelivery0_8_3Tests,ServoPeregrino_Organizador_Items_fnc_getUIState
ServoPeregrino_Organizador_Items_fnc_runDelivery0_8_3Tests,ServoPeregrino_Organizador_Items_fnc_handleDraftQuantityKeyDown
ServoPeregrino_Organizador_Items_fnc_runDelivery0_8_3Tests,ServoPeregrino_Organizador_Items_fnc_handleDraftRowAction
ServoPeregrino_Organizador_Items_fnc_runDelivery0_8_3Tests,ServoPeregrino_Organizador_Items_fnc_handleUIDragEvent
ServoPeregrino_Organizador_Items_fnc_runDelivery0_8_3Tests,ServoPeregrino_Organizador_Items_fnc_handleUIEvent
ServoPeregrino_Organizador_Items_fnc_runDelivery0_8_3Tests,ServoPeregrino_Organizador_Items_fnc_handleUITransferToDraft
ServoPeregrino_Organizador_Items_fnc_runDelivery0_8_3Tests,ServoPeregrino_Organizador_Items_fnc_incrementDraftEntry
ServoPeregrino_Organizador_Items_fnc_runDelivery0_8_3Tests,ServoPeregrino_Organizador_Items_fnc_initialize
ServoPeregrino_Organizador_Items_fnc_runDelivery0_8_3Tests,ServoPeregrino_Organizador_Items_fnc_injectTestStoragePayload
ServoPeregrino_Organizador_Items_fnc_runDelivery0_8_3Tests,ServoPeregrino_Organizador_Items_fnc_invalidateCatalogCache
ServoPeregrino_Organizador_Items_fnc_runDelivery0_8_3Tests,ServoPeregrino_Organizador_Items_fnc_isValidItemKitId
ServoPeregrino_Organizador_Items_fnc_runDelivery0_8_3Tests,ServoPeregrino_Organizador_Items_fnc_listKits
ServoPeregrino_Organizador_Items_fnc_runDelivery0_8_3Tests,ServoPeregrino_Organizador_Items_fnc_loadDraftFromKit
ServoPeregrino_Organizador_Items_fnc_runDelivery0_8_3Tests,ServoPeregrino_Organizador_Items_fnc_loadStorage
ServoPeregrino_Organizador_Items_fnc_runDelivery0_8_3Tests,ServoPeregrino_Organizador_Items_fnc_mergeEntriesIntoDraft
ServoPeregrino_Organizador_Items_fnc_runDelivery0_8_3Tests,ServoPeregrino_Organizador_Items_fnc_mergeKitIntoDraft
ServoPeregrino_Organizador_Items_fnc_runDelivery0_8_3Tests,ServoPeregrino_Organizador_Items_fnc_migrateStorage
ServoPeregrino_Organizador_Items_fnc_runDelivery0_8_3Tests,ServoPeregrino_Organizador_Items_fnc_normalizeItemEntries
ServoPeregrino_Organizador_Items_fnc_runDelivery0_8_3Tests,ServoPeregrino_Organizador_Items_fnc_openCaptureDraft
ServoPeregrino_Organizador_Items_fnc_runDelivery0_8_3Tests,ServoPeregrino_Organizador_Items_fnc_openInterface
ServoPeregrino_Organizador_Items_fnc_runDelivery0_8_3Tests,ServoPeregrino_Organizador_Items_fnc_pushUIFeedback
ServoPeregrino_Organizador_Items_fnc_runDelivery0_8_3Tests,ServoPeregrino_Organizador_Items_fnc_refreshInterface
ServoPeregrino_Organizador_Items_fnc_runDelivery0_8_3Tests,ServoPeregrino_Organizador_Items_fnc_removeDraftEntry
ServoPeregrino_Organizador_Items_fnc_runDelivery0_8_3Tests,ServoPeregrino_Organizador_Items_fnc_renameItemKit
ServoPeregrino_Organizador_Items_fnc_runDelivery0_8_3Tests,ServoPeregrino_Organizador_Items_fnc_requestDraftTransition
ServoPeregrino_Organizador_Items_fnc_runDelivery0_8_3Tests,ServoPeregrino_Organizador_Items_fnc_resetRuntimeForTests
ServoPeregrino_Organizador_Items_fnc_runDelivery0_8_3Tests,ServoPeregrino_Organizador_Items_fnc_resolveCatalogItem
ServoPeregrino_Organizador_Items_fnc_runDelivery0_8_3Tests,ServoPeregrino_Organizador_Items_fnc_resolvePlayerContainer
ServoPeregrino_Organizador_Items_fnc_runDelivery0_8_3Tests,ServoPeregrino_Organizador_Items_fnc_resolveUIItemMetadata
ServoPeregrino_Organizador_Items_fnc_runDelivery0_8_3Tests,ServoPeregrino_Organizador_Items_fnc_saveDraft
ServoPeregrino_Organizador_Items_fnc_runDelivery0_8_3Tests,ServoPeregrino_Organizador_Items_fnc_saveDraftAsNew
ServoPeregrino_Organizador_Items_fnc_runDelivery0_8_3Tests,ServoPeregrino_Organizador_Items_fnc_saveKit
ServoPeregrino_Organizador_Items_fnc_runDelivery0_8_3Tests,ServoPeregrino_Organizador_Items_fnc_saveStorage
ServoPeregrino_Organizador_Items_fnc_runDelivery0_8_3Tests,ServoPeregrino_Organizador_Items_fnc_setDraftEntryQuantity
ServoPeregrino_Organizador_Items_fnc_runDelivery0_8_3Tests,ServoPeregrino_Organizador_Items_fnc_setDraftName
ServoPeregrino_Organizador_Items_fnc_runDelivery0_8_3Tests,ServoPeregrino_Organizador_Items_fnc_setDraftPreferredTarget
ServoPeregrino_Organizador_Items_fnc_runDelivery0_8_3Tests,ServoPeregrino_Organizador_Items_fnc_validateItemEntryEnvironmental
ServoPeregrino_Organizador_Items_fnc_runDelivery0_8_3Tests,ServoPeregrino_Organizador_Items_fnc_validateItemEntrySemantic
ServoPeregrino_Organizador_Items_fnc_runDelivery0_8_3Tests,ServoPeregrino_Organizador_Items_fnc_validateItemKitEnvironmental
ServoPeregrino_Organizador_Items_fnc_runDelivery0_8_3Tests,ServoPeregrino_Organizador_Items_fnc_validateItemKitSemantic
ServoPeregrino_Organizador_Items_fnc_runDelivery0_8_3Tests,ServoPeregrino_Organizador_Items_fnc_validateItemKitStructural
ServoPeregrino_Organizador_Items_fnc_runDelivery0_8_3Tests,ServoPeregrino_Organizador_Items_fnc_validateNexus
ServoPeregrino_Organizador_Items_fnc_runDelivery0_8_3Tests,ServoPeregrino_Organizador_Items_fnc_validateStorageSemantic
ServoPeregrino_Organizador_Items_fnc_runDelivery0_8_3Tests,ServoPeregrino_Organizador_Nexus_fnc_getCapability
ServoPeregrino_Organizador_Items_fnc_runDelivery0_8_3Tests,ServoPeregrino_Organizador_Nexus_fnc_hasCapability
ServoPeregrino_Organizador_Items_fnc_runDelivery0_8_3Tests,ServoPeregrino_Organizador_Nexus_fnc_initialize
ServoPeregrino_Organizador_Items_fnc_runDelivery0_9Tests,ServoPeregrino_Organizador_Items_fnc_addCatalogItemToDraft
ServoPeregrino_Organizador_Items_fnc_runDelivery0_9Tests,ServoPeregrino_Organizador_Items_fnc_addEntryToDraft
ServoPeregrino_Organizador_Items_fnc_runDelivery0_9Tests,ServoPeregrino_Organizador_Items_fnc_analyzeContainerCargo
ServoPeregrino_Organizador_Items_fnc_runDelivery0_9Tests,ServoPeregrino_Organizador_Items_fnc_buildCatalog
ServoPeregrino_Organizador_Items_fnc_runDelivery0_9Tests,ServoPeregrino_Organizador_Items_fnc_buildMutableFingerprint
ServoPeregrino_Organizador_Items_fnc_runDelivery0_9Tests,ServoPeregrino_Organizador_Items_fnc_buildUIViewModel
ServoPeregrino_Organizador_Items_fnc_runDelivery0_9Tests,ServoPeregrino_Organizador_Items_fnc_cancelUIDrag
ServoPeregrino_Organizador_Items_fnc_runDelivery0_9Tests,ServoPeregrino_Organizador_Items_fnc_captureContainerContent
ServoPeregrino_Organizador_Items_fnc_runDelivery0_9Tests,ServoPeregrino_Organizador_Items_fnc_captureContainerSnapshot
ServoPeregrino_Organizador_Items_fnc_runDelivery0_9Tests,ServoPeregrino_Organizador_Items_fnc_capturePlayerContainer
ServoPeregrino_Organizador_Items_fnc_runDelivery0_9Tests,ServoPeregrino_Organizador_Items_fnc_capturePlayerContainers
ServoPeregrino_Organizador_Items_fnc_runDelivery0_9Tests,ServoPeregrino_Organizador_Items_fnc_classifyCargoClass
ServoPeregrino_Organizador_Items_fnc_runDelivery0_9Tests,ServoPeregrino_Organizador_Items_fnc_classifyContentClass
ServoPeregrino_Organizador_Items_fnc_runDelivery0_9Tests,ServoPeregrino_Organizador_Items_fnc_cloneItemKit
ServoPeregrino_Organizador_Items_fnc_runDelivery0_9Tests,ServoPeregrino_Organizador_Items_fnc_cloneKit
ServoPeregrino_Organizador_Items_fnc_runDelivery0_9Tests,ServoPeregrino_Organizador_Items_fnc_commitDraftQuantityFromControl
ServoPeregrino_Organizador_Items_fnc_runDelivery0_9Tests,ServoPeregrino_Organizador_Items_fnc_configureRepositoryTestMode
ServoPeregrino_Organizador_Items_fnc_runDelivery0_9Tests,ServoPeregrino_Organizador_Items_fnc_createApplicationPlan
ServoPeregrino_Organizador_Items_fnc_runDelivery0_9Tests,ServoPeregrino_Organizador_Items_fnc_createCaptureDraft
ServoPeregrino_Organizador_Items_fnc_runDelivery0_9Tests,ServoPeregrino_Organizador_Items_fnc_createCatalogItemFromConfig
ServoPeregrino_Organizador_Items_fnc_runDelivery0_9Tests,ServoPeregrino_Organizador_Items_fnc_createItemEntry
ServoPeregrino_Organizador_Items_fnc_runDelivery0_9Tests,ServoPeregrino_Organizador_Items_fnc_createItemKit
ServoPeregrino_Organizador_Items_fnc_runDelivery0_9Tests,ServoPeregrino_Organizador_Items_fnc_createNewDraft
ServoPeregrino_Organizador_Items_fnc_runDelivery0_9Tests,ServoPeregrino_Organizador_Items_fnc_createStoragePayload
ServoPeregrino_Organizador_Items_fnc_runDelivery0_9Tests,ServoPeregrino_Organizador_Items_fnc_decrementDraftEntry
ServoPeregrino_Organizador_Items_fnc_runDelivery0_9Tests,ServoPeregrino_Organizador_Items_fnc_deepCopy
ServoPeregrino_Organizador_Items_fnc_runDelivery0_9Tests,ServoPeregrino_Organizador_Items_fnc_deleteKit
ServoPeregrino_Organizador_Items_fnc_runDelivery0_9Tests,ServoPeregrino_Organizador_Items_fnc_discardDraft
ServoPeregrino_Organizador_Items_fnc_runDelivery0_9Tests,ServoPeregrino_Organizador_Items_fnc_executeApplicationPlan
ServoPeregrino_Organizador_Items_fnc_runDelivery0_9Tests,ServoPeregrino_Organizador_Items_fnc_filterCatalog
ServoPeregrino_Organizador_Items_fnc_runDelivery0_9Tests,ServoPeregrino_Organizador_Items_fnc_generateItemKitId
ServoPeregrino_Organizador_Items_fnc_runDelivery0_9Tests,ServoPeregrino_Organizador_Items_fnc_getApplicationStatus
ServoPeregrino_Organizador_Items_fnc_runDelivery0_9Tests,ServoPeregrino_Organizador_Items_fnc_getBuildInfo
ServoPeregrino_Organizador_Items_fnc_runDelivery0_9Tests,ServoPeregrino_Organizador_Items_fnc_getCatalog
ServoPeregrino_Organizador_Items_fnc_runDelivery0_9Tests,ServoPeregrino_Organizador_Items_fnc_getCatalogCategories
ServoPeregrino_Organizador_Items_fnc_runDelivery0_9Tests,ServoPeregrino_Organizador_Items_fnc_getCatalogStatus
ServoPeregrino_Organizador_Items_fnc_runDelivery0_9Tests,ServoPeregrino_Organizador_Items_fnc_getDraftState
ServoPeregrino_Organizador_Items_fnc_runDelivery0_9Tests,ServoPeregrino_Organizador_Items_fnc_getEntryUnitMass
ServoPeregrino_Organizador_Items_fnc_runDelivery0_9Tests,ServoPeregrino_Organizador_Items_fnc_getKit
ServoPeregrino_Organizador_Items_fnc_runDelivery0_9Tests,ServoPeregrino_Organizador_Items_fnc_getLoadoutFingerprint
ServoPeregrino_Organizador_Items_fnc_runDelivery0_9Tests,ServoPeregrino_Organizador_Items_fnc_getMutableContentFingerprint
ServoPeregrino_Organizador_Items_fnc_runDelivery0_9Tests,ServoPeregrino_Organizador_Items_fnc_getRepositoryStatus
ServoPeregrino_Organizador_Items_fnc_runDelivery0_9Tests,ServoPeregrino_Organizador_Items_fnc_getResponsiveCatalogLabels
ServoPeregrino_Organizador_Items_fnc_runDelivery0_9Tests,ServoPeregrino_Organizador_Items_fnc_getRuntimeStatus
ServoPeregrino_Organizador_Items_fnc_runDelivery0_9Tests,ServoPeregrino_Organizador_Items_fnc_getUIState
ServoPeregrino_Organizador_Items_fnc_runDelivery0_9Tests,ServoPeregrino_Organizador_Items_fnc_handleDraftQuantityKeyDown
ServoPeregrino_Organizador_Items_fnc_runDelivery0_9Tests,ServoPeregrino_Organizador_Items_fnc_handleDraftRowAction
ServoPeregrino_Organizador_Items_fnc_runDelivery0_9Tests,ServoPeregrino_Organizador_Items_fnc_handleUIDragEvent
ServoPeregrino_Organizador_Items_fnc_runDelivery0_9Tests,ServoPeregrino_Organizador_Items_fnc_handleUIEvent
ServoPeregrino_Organizador_Items_fnc_runDelivery0_9Tests,ServoPeregrino_Organizador_Items_fnc_handleUITransferToDraft
ServoPeregrino_Organizador_Items_fnc_runDelivery0_9Tests,ServoPeregrino_Organizador_Items_fnc_incrementDraftEntry
ServoPeregrino_Organizador_Items_fnc_runDelivery0_9Tests,ServoPeregrino_Organizador_Items_fnc_initialize
ServoPeregrino_Organizador_Items_fnc_runDelivery0_9Tests,ServoPeregrino_Organizador_Items_fnc_injectTestStoragePayload
ServoPeregrino_Organizador_Items_fnc_runDelivery0_9Tests,ServoPeregrino_Organizador_Items_fnc_invalidateCatalogCache
ServoPeregrino_Organizador_Items_fnc_runDelivery0_9Tests,ServoPeregrino_Organizador_Items_fnc_isValidItemKitId
ServoPeregrino_Organizador_Items_fnc_runDelivery0_9Tests,ServoPeregrino_Organizador_Items_fnc_listKits
ServoPeregrino_Organizador_Items_fnc_runDelivery0_9Tests,ServoPeregrino_Organizador_Items_fnc_loadDraftFromKit
ServoPeregrino_Organizador_Items_fnc_runDelivery0_9Tests,ServoPeregrino_Organizador_Items_fnc_loadStorage
ServoPeregrino_Organizador_Items_fnc_runDelivery0_9Tests,ServoPeregrino_Organizador_Items_fnc_mergeEntriesIntoDraft
ServoPeregrino_Organizador_Items_fnc_runDelivery0_9Tests,ServoPeregrino_Organizador_Items_fnc_mergeKitIntoDraft
ServoPeregrino_Organizador_Items_fnc_runDelivery0_9Tests,ServoPeregrino_Organizador_Items_fnc_migrateStorage
ServoPeregrino_Organizador_Items_fnc_runDelivery0_9Tests,ServoPeregrino_Organizador_Items_fnc_normalizeItemEntries
ServoPeregrino_Organizador_Items_fnc_runDelivery0_9Tests,ServoPeregrino_Organizador_Items_fnc_openCaptureDraft
ServoPeregrino_Organizador_Items_fnc_runDelivery0_9Tests,ServoPeregrino_Organizador_Items_fnc_openInterface
ServoPeregrino_Organizador_Items_fnc_runDelivery0_9Tests,ServoPeregrino_Organizador_Items_fnc_pushUIFeedback
ServoPeregrino_Organizador_Items_fnc_runDelivery0_9Tests,ServoPeregrino_Organizador_Items_fnc_refreshInterface
ServoPeregrino_Organizador_Items_fnc_runDelivery0_9Tests,ServoPeregrino_Organizador_Items_fnc_removeDraftEntry
ServoPeregrino_Organizador_Items_fnc_runDelivery0_9Tests,ServoPeregrino_Organizador_Items_fnc_renameItemKit
ServoPeregrino_Organizador_Items_fnc_runDelivery0_9Tests,ServoPeregrino_Organizador_Items_fnc_requestDraftTransition
ServoPeregrino_Organizador_Items_fnc_runDelivery0_9Tests,ServoPeregrino_Organizador_Items_fnc_resetRuntimeForTests
ServoPeregrino_Organizador_Items_fnc_runDelivery0_9Tests,ServoPeregrino_Organizador_Items_fnc_resolveCatalogItem
ServoPeregrino_Organizador_Items_fnc_runDelivery0_9Tests,ServoPeregrino_Organizador_Items_fnc_resolvePlayerContainer
ServoPeregrino_Organizador_Items_fnc_runDelivery0_9Tests,ServoPeregrino_Organizador_Items_fnc_resolveUIItemMetadata
ServoPeregrino_Organizador_Items_fnc_runDelivery0_9Tests,ServoPeregrino_Organizador_Items_fnc_saveDraft
ServoPeregrino_Organizador_Items_fnc_runDelivery0_9Tests,ServoPeregrino_Organizador_Items_fnc_saveDraftAsNew
ServoPeregrino_Organizador_Items_fnc_runDelivery0_9Tests,ServoPeregrino_Organizador_Items_fnc_saveKit
ServoPeregrino_Organizador_Items_fnc_runDelivery0_9Tests,ServoPeregrino_Organizador_Items_fnc_saveStorage
ServoPeregrino_Organizador_Items_fnc_runDelivery0_9Tests,ServoPeregrino_Organizador_Items_fnc_setDraftEntryQuantity
ServoPeregrino_Organizador_Items_fnc_runDelivery0_9Tests,ServoPeregrino_Organizador_Items_fnc_setDraftName
ServoPeregrino_Organizador_Items_fnc_runDelivery0_9Tests,ServoPeregrino_Organizador_Items_fnc_setDraftPreferredTarget
ServoPeregrino_Organizador_Items_fnc_runDelivery0_9Tests,ServoPeregrino_Organizador_Items_fnc_validateItemEntryEnvironmental
ServoPeregrino_Organizador_Items_fnc_runDelivery0_9Tests,ServoPeregrino_Organizador_Items_fnc_validateItemEntrySemantic
ServoPeregrino_Organizador_Items_fnc_runDelivery0_9Tests,ServoPeregrino_Organizador_Items_fnc_validateItemKitEnvironmental
ServoPeregrino_Organizador_Items_fnc_runDelivery0_9Tests,ServoPeregrino_Organizador_Items_fnc_validateItemKitSemantic
ServoPeregrino_Organizador_Items_fnc_runDelivery0_9Tests,ServoPeregrino_Organizador_Items_fnc_validateItemKitStructural
ServoPeregrino_Organizador_Items_fnc_runDelivery0_9Tests,ServoPeregrino_Organizador_Items_fnc_validateNexus
ServoPeregrino_Organizador_Items_fnc_runDelivery0_9Tests,ServoPeregrino_Organizador_Items_fnc_validateStorageSemantic
ServoPeregrino_Organizador_Items_fnc_runDelivery0_9Tests,ServoPeregrino_Organizador_Nexus_fnc_getCapability
ServoPeregrino_Organizador_Items_fnc_runDelivery0_9Tests,ServoPeregrino_Organizador_Nexus_fnc_hasCapability
ServoPeregrino_Organizador_Items_fnc_runDelivery0_9Tests,ServoPeregrino_Organizador_Nexus_fnc_initialize
ServoPeregrino_Organizador_Items_fnc_runDelivery0_9_1Tests,ServoPeregrino_Organizador_Items_fnc_addCatalogItemToDraft
ServoPeregrino_Organizador_Items_fnc_runDelivery0_9_1Tests,ServoPeregrino_Organizador_Items_fnc_addEntryToDraft
ServoPeregrino_Organizador_Items_fnc_runDelivery0_9_1Tests,ServoPeregrino_Organizador_Items_fnc_analyzeContainerCargo
ServoPeregrino_Organizador_Items_fnc_runDelivery0_9_1Tests,ServoPeregrino_Organizador_Items_fnc_buildCatalog
ServoPeregrino_Organizador_Items_fnc_runDelivery0_9_1Tests,ServoPeregrino_Organizador_Items_fnc_buildMutableFingerprint
ServoPeregrino_Organizador_Items_fnc_runDelivery0_9_1Tests,ServoPeregrino_Organizador_Items_fnc_buildUIViewModel
ServoPeregrino_Organizador_Items_fnc_runDelivery0_9_1Tests,ServoPeregrino_Organizador_Items_fnc_cancelUIDrag
ServoPeregrino_Organizador_Items_fnc_runDelivery0_9_1Tests,ServoPeregrino_Organizador_Items_fnc_captureContainerContent
ServoPeregrino_Organizador_Items_fnc_runDelivery0_9_1Tests,ServoPeregrino_Organizador_Items_fnc_captureContainerSnapshot
ServoPeregrino_Organizador_Items_fnc_runDelivery0_9_1Tests,ServoPeregrino_Organizador_Items_fnc_capturePlayerContainer
ServoPeregrino_Organizador_Items_fnc_runDelivery0_9_1Tests,ServoPeregrino_Organizador_Items_fnc_capturePlayerContainers
ServoPeregrino_Organizador_Items_fnc_runDelivery0_9_1Tests,ServoPeregrino_Organizador_Items_fnc_classifyCargoClass
ServoPeregrino_Organizador_Items_fnc_runDelivery0_9_1Tests,ServoPeregrino_Organizador_Items_fnc_classifyContentClass
ServoPeregrino_Organizador_Items_fnc_runDelivery0_9_1Tests,ServoPeregrino_Organizador_Items_fnc_cloneItemKit
ServoPeregrino_Organizador_Items_fnc_runDelivery0_9_1Tests,ServoPeregrino_Organizador_Items_fnc_cloneKit
ServoPeregrino_Organizador_Items_fnc_runDelivery0_9_1Tests,ServoPeregrino_Organizador_Items_fnc_commitDraftQuantityFromControl
ServoPeregrino_Organizador_Items_fnc_runDelivery0_9_1Tests,ServoPeregrino_Organizador_Items_fnc_configureRepositoryTestMode
ServoPeregrino_Organizador_Items_fnc_runDelivery0_9_1Tests,ServoPeregrino_Organizador_Items_fnc_createApplicationPlan
ServoPeregrino_Organizador_Items_fnc_runDelivery0_9_1Tests,ServoPeregrino_Organizador_Items_fnc_createCaptureDraft
ServoPeregrino_Organizador_Items_fnc_runDelivery0_9_1Tests,ServoPeregrino_Organizador_Items_fnc_createCatalogItemFromConfig
ServoPeregrino_Organizador_Items_fnc_runDelivery0_9_1Tests,ServoPeregrino_Organizador_Items_fnc_createItemEntry
ServoPeregrino_Organizador_Items_fnc_runDelivery0_9_1Tests,ServoPeregrino_Organizador_Items_fnc_createItemKit
ServoPeregrino_Organizador_Items_fnc_runDelivery0_9_1Tests,ServoPeregrino_Organizador_Items_fnc_createNewDraft
ServoPeregrino_Organizador_Items_fnc_runDelivery0_9_1Tests,ServoPeregrino_Organizador_Items_fnc_createStoragePayload
ServoPeregrino_Organizador_Items_fnc_runDelivery0_9_1Tests,ServoPeregrino_Organizador_Items_fnc_decrementDraftEntry
ServoPeregrino_Organizador_Items_fnc_runDelivery0_9_1Tests,ServoPeregrino_Organizador_Items_fnc_deepCopy
ServoPeregrino_Organizador_Items_fnc_runDelivery0_9_1Tests,ServoPeregrino_Organizador_Items_fnc_deleteKit
ServoPeregrino_Organizador_Items_fnc_runDelivery0_9_1Tests,ServoPeregrino_Organizador_Items_fnc_deleteKitPreservingDraft
ServoPeregrino_Organizador_Items_fnc_runDelivery0_9_1Tests,ServoPeregrino_Organizador_Items_fnc_discardDraft
ServoPeregrino_Organizador_Items_fnc_runDelivery0_9_1Tests,ServoPeregrino_Organizador_Items_fnc_executeApplicationPlan
ServoPeregrino_Organizador_Items_fnc_runDelivery0_9_1Tests,ServoPeregrino_Organizador_Items_fnc_filterCatalog
ServoPeregrino_Organizador_Items_fnc_runDelivery0_9_1Tests,ServoPeregrino_Organizador_Items_fnc_generateItemKitId
ServoPeregrino_Organizador_Items_fnc_runDelivery0_9_1Tests,ServoPeregrino_Organizador_Items_fnc_getApplicationStatus
ServoPeregrino_Organizador_Items_fnc_runDelivery0_9_1Tests,ServoPeregrino_Organizador_Items_fnc_getBuildInfo
ServoPeregrino_Organizador_Items_fnc_runDelivery0_9_1Tests,ServoPeregrino_Organizador_Items_fnc_getCatalog
ServoPeregrino_Organizador_Items_fnc_runDelivery0_9_1Tests,ServoPeregrino_Organizador_Items_fnc_getCatalogCategories
ServoPeregrino_Organizador_Items_fnc_runDelivery0_9_1Tests,ServoPeregrino_Organizador_Items_fnc_getCatalogStatus
ServoPeregrino_Organizador_Items_fnc_runDelivery0_9_1Tests,ServoPeregrino_Organizador_Items_fnc_getDraftState
ServoPeregrino_Organizador_Items_fnc_runDelivery0_9_1Tests,ServoPeregrino_Organizador_Items_fnc_getEntryUnitMass
ServoPeregrino_Organizador_Items_fnc_runDelivery0_9_1Tests,ServoPeregrino_Organizador_Items_fnc_getKit
ServoPeregrino_Organizador_Items_fnc_runDelivery0_9_1Tests,ServoPeregrino_Organizador_Items_fnc_getLoadoutFingerprint
ServoPeregrino_Organizador_Items_fnc_runDelivery0_9_1Tests,ServoPeregrino_Organizador_Items_fnc_getMutableContentFingerprint
ServoPeregrino_Organizador_Items_fnc_runDelivery0_9_1Tests,ServoPeregrino_Organizador_Items_fnc_getRepositoryStatus
ServoPeregrino_Organizador_Items_fnc_runDelivery0_9_1Tests,ServoPeregrino_Organizador_Items_fnc_getResponsiveCatalogLabels
ServoPeregrino_Organizador_Items_fnc_runDelivery0_9_1Tests,ServoPeregrino_Organizador_Items_fnc_getRuntimeStatus
ServoPeregrino_Organizador_Items_fnc_runDelivery0_9_1Tests,ServoPeregrino_Organizador_Items_fnc_getUIState
ServoPeregrino_Organizador_Items_fnc_runDelivery0_9_1Tests,ServoPeregrino_Organizador_Items_fnc_handleDraftQuantityKeyDown
ServoPeregrino_Organizador_Items_fnc_runDelivery0_9_1Tests,ServoPeregrino_Organizador_Items_fnc_handleDraftRowAction
ServoPeregrino_Organizador_Items_fnc_runDelivery0_9_1Tests,ServoPeregrino_Organizador_Items_fnc_handleUIDragEvent
ServoPeregrino_Organizador_Items_fnc_runDelivery0_9_1Tests,ServoPeregrino_Organizador_Items_fnc_handleUIEvent
ServoPeregrino_Organizador_Items_fnc_runDelivery0_9_1Tests,ServoPeregrino_Organizador_Items_fnc_handleUITransferToDraft
ServoPeregrino_Organizador_Items_fnc_runDelivery0_9_1Tests,ServoPeregrino_Organizador_Items_fnc_incrementDraftEntry
ServoPeregrino_Organizador_Items_fnc_runDelivery0_9_1Tests,ServoPeregrino_Organizador_Items_fnc_initialize
ServoPeregrino_Organizador_Items_fnc_runDelivery0_9_1Tests,ServoPeregrino_Organizador_Items_fnc_injectTestStoragePayload
ServoPeregrino_Organizador_Items_fnc_runDelivery0_9_1Tests,ServoPeregrino_Organizador_Items_fnc_invalidateCatalogCache
ServoPeregrino_Organizador_Items_fnc_runDelivery0_9_1Tests,ServoPeregrino_Organizador_Items_fnc_isValidItemKitId
ServoPeregrino_Organizador_Items_fnc_runDelivery0_9_1Tests,ServoPeregrino_Organizador_Items_fnc_listKits
ServoPeregrino_Organizador_Items_fnc_runDelivery0_9_1Tests,ServoPeregrino_Organizador_Items_fnc_loadDraftFromKit
ServoPeregrino_Organizador_Items_fnc_runDelivery0_9_1Tests,ServoPeregrino_Organizador_Items_fnc_loadStorage
ServoPeregrino_Organizador_Items_fnc_runDelivery0_9_1Tests,ServoPeregrino_Organizador_Items_fnc_mergeEntriesIntoDraft
ServoPeregrino_Organizador_Items_fnc_runDelivery0_9_1Tests,ServoPeregrino_Organizador_Items_fnc_mergeKitIntoDraft
ServoPeregrino_Organizador_Items_fnc_runDelivery0_9_1Tests,ServoPeregrino_Organizador_Items_fnc_migrateStorage
ServoPeregrino_Organizador_Items_fnc_runDelivery0_9_1Tests,ServoPeregrino_Organizador_Items_fnc_mutateContainerEntry
ServoPeregrino_Organizador_Items_fnc_runDelivery0_9_1Tests,ServoPeregrino_Organizador_Items_fnc_normalizeItemEntries
ServoPeregrino_Organizador_Items_fnc_runDelivery0_9_1Tests,ServoPeregrino_Organizador_Items_fnc_openCaptureDraft
ServoPeregrino_Organizador_Items_fnc_runDelivery0_9_1Tests,ServoPeregrino_Organizador_Items_fnc_openInterface
ServoPeregrino_Organizador_Items_fnc_runDelivery0_9_1Tests,ServoPeregrino_Organizador_Items_fnc_pushUIFeedback
ServoPeregrino_Organizador_Items_fnc_runDelivery0_9_1Tests,ServoPeregrino_Organizador_Items_fnc_refreshInterface
ServoPeregrino_Organizador_Items_fnc_runDelivery0_9_1Tests,ServoPeregrino_Organizador_Items_fnc_removeDraftEntry
ServoPeregrino_Organizador_Items_fnc_runDelivery0_9_1Tests,ServoPeregrino_Organizador_Items_fnc_renameItemKit
ServoPeregrino_Organizador_Items_fnc_runDelivery0_9_1Tests,ServoPeregrino_Organizador_Items_fnc_requestDraftTransition
ServoPeregrino_Organizador_Items_fnc_runDelivery0_9_1Tests,ServoPeregrino_Organizador_Items_fnc_resetRuntimeForTests
ServoPeregrino_Organizador_Items_fnc_runDelivery0_9_1Tests,ServoPeregrino_Organizador_Items_fnc_resolveCatalogItem
ServoPeregrino_Organizador_Items_fnc_runDelivery0_9_1Tests,ServoPeregrino_Organizador_Items_fnc_resolvePlayerContainer
ServoPeregrino_Organizador_Items_fnc_runDelivery0_9_1Tests,ServoPeregrino_Organizador_Items_fnc_resolveUIItemMetadata
ServoPeregrino_Organizador_Items_fnc_runDelivery0_9_1Tests,ServoPeregrino_Organizador_Items_fnc_rollbackApplication
ServoPeregrino_Organizador_Items_fnc_runDelivery0_9_1Tests,ServoPeregrino_Organizador_Items_fnc_saveDraft
ServoPeregrino_Organizador_Items_fnc_runDelivery0_9_1Tests,ServoPeregrino_Organizador_Items_fnc_saveDraftAsNew
ServoPeregrino_Organizador_Items_fnc_runDelivery0_9_1Tests,ServoPeregrino_Organizador_Items_fnc_saveKit
ServoPeregrino_Organizador_Items_fnc_runDelivery0_9_1Tests,ServoPeregrino_Organizador_Items_fnc_saveStorage
ServoPeregrino_Organizador_Items_fnc_runDelivery0_9_1Tests,ServoPeregrino_Organizador_Items_fnc_setDraftEntryQuantity
ServoPeregrino_Organizador_Items_fnc_runDelivery0_9_1Tests,ServoPeregrino_Organizador_Items_fnc_setDraftName
ServoPeregrino_Organizador_Items_fnc_runDelivery0_9_1Tests,ServoPeregrino_Organizador_Items_fnc_setDraftPreferredTarget
ServoPeregrino_Organizador_Items_fnc_runDelivery0_9_1Tests,ServoPeregrino_Organizador_Items_fnc_validateItemEntryEnvironmental
ServoPeregrino_Organizador_Items_fnc_runDelivery0_9_1Tests,ServoPeregrino_Organizador_Items_fnc_validateItemEntrySemantic
ServoPeregrino_Organizador_Items_fnc_runDelivery0_9_1Tests,ServoPeregrino_Organizador_Items_fnc_validateItemKitEnvironmental
ServoPeregrino_Organizador_Items_fnc_runDelivery0_9_1Tests,ServoPeregrino_Organizador_Items_fnc_validateItemKitSemantic
ServoPeregrino_Organizador_Items_fnc_runDelivery0_9_1Tests,ServoPeregrino_Organizador_Items_fnc_validateItemKitStructural
ServoPeregrino_Organizador_Items_fnc_runDelivery0_9_1Tests,ServoPeregrino_Organizador_Items_fnc_validateNexus
ServoPeregrino_Organizador_Items_fnc_runDelivery0_9_1Tests,ServoPeregrino_Organizador_Items_fnc_validateStorageSemantic
ServoPeregrino_Organizador_Items_fnc_runDelivery0_9_1Tests,ServoPeregrino_Organizador_Nexus_fnc_getCapability
ServoPeregrino_Organizador_Items_fnc_runDelivery0_9_1Tests,ServoPeregrino_Organizador_Nexus_fnc_hasCapability
ServoPeregrino_Organizador_Items_fnc_runDelivery0_9_1Tests,ServoPeregrino_Organizador_Nexus_fnc_initialize
ServoPeregrino_Organizador_Items_fnc_runDelivery0_9_2Tests,ServoPeregrino_Organizador_Items_fnc_addCatalogItemToDraft
ServoPeregrino_Organizador_Items_fnc_runDelivery0_9_2Tests,ServoPeregrino_Organizador_Items_fnc_addEntryToDraft
ServoPeregrino_Organizador_Items_fnc_runDelivery0_9_2Tests,ServoPeregrino_Organizador_Items_fnc_analyzeContainerCargo
ServoPeregrino_Organizador_Items_fnc_runDelivery0_9_2Tests,ServoPeregrino_Organizador_Items_fnc_buildCatalog
ServoPeregrino_Organizador_Items_fnc_runDelivery0_9_2Tests,ServoPeregrino_Organizador_Items_fnc_buildMutableFingerprint
ServoPeregrino_Organizador_Items_fnc_runDelivery0_9_2Tests,ServoPeregrino_Organizador_Items_fnc_buildUIViewModel
ServoPeregrino_Organizador_Items_fnc_runDelivery0_9_2Tests,ServoPeregrino_Organizador_Items_fnc_cancelUIDrag
ServoPeregrino_Organizador_Items_fnc_runDelivery0_9_2Tests,ServoPeregrino_Organizador_Items_fnc_captureContainerContent
ServoPeregrino_Organizador_Items_fnc_runDelivery0_9_2Tests,ServoPeregrino_Organizador_Items_fnc_captureContainerSnapshot
ServoPeregrino_Organizador_Items_fnc_runDelivery0_9_2Tests,ServoPeregrino_Organizador_Items_fnc_capturePlayerContainer
ServoPeregrino_Organizador_Items_fnc_runDelivery0_9_2Tests,ServoPeregrino_Organizador_Items_fnc_capturePlayerContainers
ServoPeregrino_Organizador_Items_fnc_runDelivery0_9_2Tests,ServoPeregrino_Organizador_Items_fnc_classifyCargoClass
ServoPeregrino_Organizador_Items_fnc_runDelivery0_9_2Tests,ServoPeregrino_Organizador_Items_fnc_classifyContentClass
ServoPeregrino_Organizador_Items_fnc_runDelivery0_9_2Tests,ServoPeregrino_Organizador_Items_fnc_cloneItemKit
ServoPeregrino_Organizador_Items_fnc_runDelivery0_9_2Tests,ServoPeregrino_Organizador_Items_fnc_cloneKit
ServoPeregrino_Organizador_Items_fnc_runDelivery0_9_2Tests,ServoPeregrino_Organizador_Items_fnc_commitDraftQuantityFromControl
ServoPeregrino_Organizador_Items_fnc_runDelivery0_9_2Tests,ServoPeregrino_Organizador_Items_fnc_compareLoadoutFingerprints
ServoPeregrino_Organizador_Items_fnc_runDelivery0_9_2Tests,ServoPeregrino_Organizador_Items_fnc_configureRepositoryTestMode
ServoPeregrino_Organizador_Items_fnc_runDelivery0_9_2Tests,ServoPeregrino_Organizador_Items_fnc_createApplicationPlan
ServoPeregrino_Organizador_Items_fnc_runDelivery0_9_2Tests,ServoPeregrino_Organizador_Items_fnc_createCaptureDraft
ServoPeregrino_Organizador_Items_fnc_runDelivery0_9_2Tests,ServoPeregrino_Organizador_Items_fnc_createCatalogItemFromConfig
ServoPeregrino_Organizador_Items_fnc_runDelivery0_9_2Tests,ServoPeregrino_Organizador_Items_fnc_createItemEntry
ServoPeregrino_Organizador_Items_fnc_runDelivery0_9_2Tests,ServoPeregrino_Organizador_Items_fnc_createItemKit
ServoPeregrino_Organizador_Items_fnc_runDelivery0_9_2Tests,ServoPeregrino_Organizador_Items_fnc_createNewDraft
ServoPeregrino_Organizador_Items_fnc_runDelivery0_9_2Tests,ServoPeregrino_Organizador_Items_fnc_createStoragePayload
ServoPeregrino_Organizador_Items_fnc_runDelivery0_9_2Tests,ServoPeregrino_Organizador_Items_fnc_decrementDraftEntry
ServoPeregrino_Organizador_Items_fnc_runDelivery0_9_2Tests,ServoPeregrino_Organizador_Items_fnc_deepCopy
ServoPeregrino_Organizador_Items_fnc_runDelivery0_9_2Tests,ServoPeregrino_Organizador_Items_fnc_deleteKit
ServoPeregrino_Organizador_Items_fnc_runDelivery0_9_2Tests,ServoPeregrino_Organizador_Items_fnc_deleteKitPreservingDraft
ServoPeregrino_Organizador_Items_fnc_runDelivery0_9_2Tests,ServoPeregrino_Organizador_Items_fnc_discardDraft
ServoPeregrino_Organizador_Items_fnc_runDelivery0_9_2Tests,ServoPeregrino_Organizador_Items_fnc_executeApplicationPlan
ServoPeregrino_Organizador_Items_fnc_runDelivery0_9_2Tests,ServoPeregrino_Organizador_Items_fnc_filterCatalog
ServoPeregrino_Organizador_Items_fnc_runDelivery0_9_2Tests,ServoPeregrino_Organizador_Items_fnc_generateItemKitId
ServoPeregrino_Organizador_Items_fnc_runDelivery0_9_2Tests,ServoPeregrino_Organizador_Items_fnc_getApplicationStatus
ServoPeregrino_Organizador_Items_fnc_runDelivery0_9_2Tests,ServoPeregrino_Organizador_Items_fnc_getBuildInfo
ServoPeregrino_Organizador_Items_fnc_runDelivery0_9_2Tests,ServoPeregrino_Organizador_Items_fnc_getCatalog
ServoPeregrino_Organizador_Items_fnc_runDelivery0_9_2Tests,ServoPeregrino_Organizador_Items_fnc_getCatalogCategories
ServoPeregrino_Organizador_Items_fnc_runDelivery0_9_2Tests,ServoPeregrino_Organizador_Items_fnc_getCatalogStatus
ServoPeregrino_Organizador_Items_fnc_runDelivery0_9_2Tests,ServoPeregrino_Organizador_Items_fnc_getDraftState
ServoPeregrino_Organizador_Items_fnc_runDelivery0_9_2Tests,ServoPeregrino_Organizador_Items_fnc_getEntryUnitMass
ServoPeregrino_Organizador_Items_fnc_runDelivery0_9_2Tests,ServoPeregrino_Organizador_Items_fnc_getKit
ServoPeregrino_Organizador_Items_fnc_runDelivery0_9_2Tests,ServoPeregrino_Organizador_Items_fnc_getLoadoutFingerprint
ServoPeregrino_Organizador_Items_fnc_runDelivery0_9_2Tests,ServoPeregrino_Organizador_Items_fnc_getMutableContentFingerprint
ServoPeregrino_Organizador_Items_fnc_runDelivery0_9_2Tests,ServoPeregrino_Organizador_Items_fnc_getRepositoryStatus
ServoPeregrino_Organizador_Items_fnc_runDelivery0_9_2Tests,ServoPeregrino_Organizador_Items_fnc_getResponsiveCatalogLabels
ServoPeregrino_Organizador_Items_fnc_runDelivery0_9_2Tests,ServoPeregrino_Organizador_Items_fnc_getRuntimeStatus
ServoPeregrino_Organizador_Items_fnc_runDelivery0_9_2Tests,ServoPeregrino_Organizador_Items_fnc_getUIState
ServoPeregrino_Organizador_Items_fnc_runDelivery0_9_2Tests,ServoPeregrino_Organizador_Items_fnc_handleDraftQuantityKeyDown
ServoPeregrino_Organizador_Items_fnc_runDelivery0_9_2Tests,ServoPeregrino_Organizador_Items_fnc_handleDraftRowAction
ServoPeregrino_Organizador_Items_fnc_runDelivery0_9_2Tests,ServoPeregrino_Organizador_Items_fnc_handleUIDragEvent
ServoPeregrino_Organizador_Items_fnc_runDelivery0_9_2Tests,ServoPeregrino_Organizador_Items_fnc_handleUIEvent
ServoPeregrino_Organizador_Items_fnc_runDelivery0_9_2Tests,ServoPeregrino_Organizador_Items_fnc_handleUITransferToDraft
ServoPeregrino_Organizador_Items_fnc_runDelivery0_9_2Tests,ServoPeregrino_Organizador_Items_fnc_incrementDraftEntry
ServoPeregrino_Organizador_Items_fnc_runDelivery0_9_2Tests,ServoPeregrino_Organizador_Items_fnc_initialize
ServoPeregrino_Organizador_Items_fnc_runDelivery0_9_2Tests,ServoPeregrino_Organizador_Items_fnc_injectTestStoragePayload
ServoPeregrino_Organizador_Items_fnc_runDelivery0_9_2Tests,ServoPeregrino_Organizador_Items_fnc_invalidateCatalogCache
ServoPeregrino_Organizador_Items_fnc_runDelivery0_9_2Tests,ServoPeregrino_Organizador_Items_fnc_isValidItemKitId
ServoPeregrino_Organizador_Items_fnc_runDelivery0_9_2Tests,ServoPeregrino_Organizador_Items_fnc_listKits
ServoPeregrino_Organizador_Items_fnc_runDelivery0_9_2Tests,ServoPeregrino_Organizador_Items_fnc_loadDraftFromKit
ServoPeregrino_Organizador_Items_fnc_runDelivery0_9_2Tests,ServoPeregrino_Organizador_Items_fnc_loadStorage
ServoPeregrino_Organizador_Items_fnc_runDelivery0_9_2Tests,ServoPeregrino_Organizador_Items_fnc_mergeEntriesIntoDraft
ServoPeregrino_Organizador_Items_fnc_runDelivery0_9_2Tests,ServoPeregrino_Organizador_Items_fnc_mergeKitIntoDraft
ServoPeregrino_Organizador_Items_fnc_runDelivery0_9_2Tests,ServoPeregrino_Organizador_Items_fnc_migrateStorage
ServoPeregrino_Organizador_Items_fnc_runDelivery0_9_2Tests,ServoPeregrino_Organizador_Items_fnc_mutateContainerEntry
ServoPeregrino_Organizador_Items_fnc_runDelivery0_9_2Tests,ServoPeregrino_Organizador_Items_fnc_normalizeItemEntries
ServoPeregrino_Organizador_Items_fnc_runDelivery0_9_2Tests,ServoPeregrino_Organizador_Items_fnc_openCaptureDraft
ServoPeregrino_Organizador_Items_fnc_runDelivery0_9_2Tests,ServoPeregrino_Organizador_Items_fnc_openInterface
ServoPeregrino_Organizador_Items_fnc_runDelivery0_9_2Tests,ServoPeregrino_Organizador_Items_fnc_pushUIFeedback
ServoPeregrino_Organizador_Items_fnc_runDelivery0_9_2Tests,ServoPeregrino_Organizador_Items_fnc_refreshInterface
ServoPeregrino_Organizador_Items_fnc_runDelivery0_9_2Tests,ServoPeregrino_Organizador_Items_fnc_removeDraftEntry
ServoPeregrino_Organizador_Items_fnc_runDelivery0_9_2Tests,ServoPeregrino_Organizador_Items_fnc_renameItemKit
ServoPeregrino_Organizador_Items_fnc_runDelivery0_9_2Tests,ServoPeregrino_Organizador_Items_fnc_requestDraftTransition
ServoPeregrino_Organizador_Items_fnc_runDelivery0_9_2Tests,ServoPeregrino_Organizador_Items_fnc_resetRuntimeForTests
ServoPeregrino_Organizador_Items_fnc_runDelivery0_9_2Tests,ServoPeregrino_Organizador_Items_fnc_resolveCatalogItem
ServoPeregrino_Organizador_Items_fnc_runDelivery0_9_2Tests,ServoPeregrino_Organizador_Items_fnc_resolvePlayerContainer
ServoPeregrino_Organizador_Items_fnc_runDelivery0_9_2Tests,ServoPeregrino_Organizador_Items_fnc_resolveUIItemMetadata
ServoPeregrino_Organizador_Items_fnc_runDelivery0_9_2Tests,ServoPeregrino_Organizador_Items_fnc_rollbackApplication
ServoPeregrino_Organizador_Items_fnc_runDelivery0_9_2Tests,ServoPeregrino_Organizador_Items_fnc_saveDraft
ServoPeregrino_Organizador_Items_fnc_runDelivery0_9_2Tests,ServoPeregrino_Organizador_Items_fnc_saveDraftAsNew
ServoPeregrino_Organizador_Items_fnc_runDelivery0_9_2Tests,ServoPeregrino_Organizador_Items_fnc_saveKit
ServoPeregrino_Organizador_Items_fnc_runDelivery0_9_2Tests,ServoPeregrino_Organizador_Items_fnc_saveStorage
ServoPeregrino_Organizador_Items_fnc_runDelivery0_9_2Tests,ServoPeregrino_Organizador_Items_fnc_setDraftEntryQuantity
ServoPeregrino_Organizador_Items_fnc_runDelivery0_9_2Tests,ServoPeregrino_Organizador_Items_fnc_setDraftName
ServoPeregrino_Organizador_Items_fnc_runDelivery0_9_2Tests,ServoPeregrino_Organizador_Items_fnc_setDraftPreferredTarget
ServoPeregrino_Organizador_Items_fnc_runDelivery0_9_2Tests,ServoPeregrino_Organizador_Items_fnc_validateItemEntryEnvironmental
ServoPeregrino_Organizador_Items_fnc_runDelivery0_9_2Tests,ServoPeregrino_Organizador_Items_fnc_validateItemEntrySemantic
ServoPeregrino_Organizador_Items_fnc_runDelivery0_9_2Tests,ServoPeregrino_Organizador_Items_fnc_validateItemKitEnvironmental
ServoPeregrino_Organizador_Items_fnc_runDelivery0_9_2Tests,ServoPeregrino_Organizador_Items_fnc_validateItemKitSemantic
ServoPeregrino_Organizador_Items_fnc_runDelivery0_9_2Tests,ServoPeregrino_Organizador_Items_fnc_validateItemKitStructural
ServoPeregrino_Organizador_Items_fnc_runDelivery0_9_2Tests,ServoPeregrino_Organizador_Items_fnc_validateNexus
ServoPeregrino_Organizador_Items_fnc_runDelivery0_9_2Tests,ServoPeregrino_Organizador_Items_fnc_validateStorageSemantic
ServoPeregrino_Organizador_Items_fnc_runDelivery0_9_2Tests,ServoPeregrino_Organizador_Nexus_fnc_getCapability
ServoPeregrino_Organizador_Items_fnc_runDelivery0_9_2Tests,ServoPeregrino_Organizador_Nexus_fnc_hasCapability
ServoPeregrino_Organizador_Items_fnc_runDelivery0_9_2Tests,ServoPeregrino_Organizador_Nexus_fnc_initialize
ServoPeregrino_Organizador_Items_fnc_runDelivery0_9_3Tests,ServoPeregrino_Organizador_Items_fnc_addCatalogItemToDraft
ServoPeregrino_Organizador_Items_fnc_runDelivery0_9_3Tests,ServoPeregrino_Organizador_Items_fnc_addEntryToDraft
ServoPeregrino_Organizador_Items_fnc_runDelivery0_9_3Tests,ServoPeregrino_Organizador_Items_fnc_analyzeContainerCargo
ServoPeregrino_Organizador_Items_fnc_runDelivery0_9_3Tests,ServoPeregrino_Organizador_Items_fnc_buildCatalog
ServoPeregrino_Organizador_Items_fnc_runDelivery0_9_3Tests,ServoPeregrino_Organizador_Items_fnc_buildMutableFingerprint
ServoPeregrino_Organizador_Items_fnc_runDelivery0_9_3Tests,ServoPeregrino_Organizador_Items_fnc_buildUIViewModel
ServoPeregrino_Organizador_Items_fnc_runDelivery0_9_3Tests,ServoPeregrino_Organizador_Items_fnc_cancelUIDrag
ServoPeregrino_Organizador_Items_fnc_runDelivery0_9_3Tests,ServoPeregrino_Organizador_Items_fnc_captureContainerContent
ServoPeregrino_Organizador_Items_fnc_runDelivery0_9_3Tests,ServoPeregrino_Organizador_Items_fnc_captureContainerSnapshot
ServoPeregrino_Organizador_Items_fnc_runDelivery0_9_3Tests,ServoPeregrino_Organizador_Items_fnc_capturePlayerContainer
ServoPeregrino_Organizador_Items_fnc_runDelivery0_9_3Tests,ServoPeregrino_Organizador_Items_fnc_capturePlayerContainers
ServoPeregrino_Organizador_Items_fnc_runDelivery0_9_3Tests,ServoPeregrino_Organizador_Items_fnc_classifyCargoClass
ServoPeregrino_Organizador_Items_fnc_runDelivery0_9_3Tests,ServoPeregrino_Organizador_Items_fnc_classifyContentClass
ServoPeregrino_Organizador_Items_fnc_runDelivery0_9_3Tests,ServoPeregrino_Organizador_Items_fnc_cloneItemKit
ServoPeregrino_Organizador_Items_fnc_runDelivery0_9_3Tests,ServoPeregrino_Organizador_Items_fnc_cloneKit
ServoPeregrino_Organizador_Items_fnc_runDelivery0_9_3Tests,ServoPeregrino_Organizador_Items_fnc_commitDraftQuantityFromControl
ServoPeregrino_Organizador_Items_fnc_runDelivery0_9_3Tests,ServoPeregrino_Organizador_Items_fnc_compareLoadoutFingerprints
ServoPeregrino_Organizador_Items_fnc_runDelivery0_9_3Tests,ServoPeregrino_Organizador_Items_fnc_configureRepositoryTestMode
ServoPeregrino_Organizador_Items_fnc_runDelivery0_9_3Tests,ServoPeregrino_Organizador_Items_fnc_createApplicationPlan
ServoPeregrino_Organizador_Items_fnc_runDelivery0_9_3Tests,ServoPeregrino_Organizador_Items_fnc_createCaptureDraft
ServoPeregrino_Organizador_Items_fnc_runDelivery0_9_3Tests,ServoPeregrino_Organizador_Items_fnc_createCatalogItemFromConfig
ServoPeregrino_Organizador_Items_fnc_runDelivery0_9_3Tests,ServoPeregrino_Organizador_Items_fnc_createItemEntry
ServoPeregrino_Organizador_Items_fnc_runDelivery0_9_3Tests,ServoPeregrino_Organizador_Items_fnc_createItemKit
ServoPeregrino_Organizador_Items_fnc_runDelivery0_9_3Tests,ServoPeregrino_Organizador_Items_fnc_createNewDraft
ServoPeregrino_Organizador_Items_fnc_runDelivery0_9_3Tests,ServoPeregrino_Organizador_Items_fnc_createStoragePayload
ServoPeregrino_Organizador_Items_fnc_runDelivery0_9_3Tests,ServoPeregrino_Organizador_Items_fnc_decrementDraftEntry
ServoPeregrino_Organizador_Items_fnc_runDelivery0_9_3Tests,ServoPeregrino_Organizador_Items_fnc_deepCopy
ServoPeregrino_Organizador_Items_fnc_runDelivery0_9_3Tests,ServoPeregrino_Organizador_Items_fnc_deleteKit
ServoPeregrino_Organizador_Items_fnc_runDelivery0_9_3Tests,ServoPeregrino_Organizador_Items_fnc_deleteKitPreservingDraft
ServoPeregrino_Organizador_Items_fnc_runDelivery0_9_3Tests,ServoPeregrino_Organizador_Items_fnc_discardDraft
ServoPeregrino_Organizador_Items_fnc_runDelivery0_9_3Tests,ServoPeregrino_Organizador_Items_fnc_escapeStructuredText
ServoPeregrino_Organizador_Items_fnc_runDelivery0_9_3Tests,ServoPeregrino_Organizador_Items_fnc_executeApplicationPlan
ServoPeregrino_Organizador_Items_fnc_runDelivery0_9_3Tests,ServoPeregrino_Organizador_Items_fnc_executeContentOperation
ServoPeregrino_Organizador_Items_fnc_runDelivery0_9_3Tests,ServoPeregrino_Organizador_Items_fnc_filterCatalog
ServoPeregrino_Organizador_Items_fnc_runDelivery0_9_3Tests,ServoPeregrino_Organizador_Items_fnc_generateItemKitId
ServoPeregrino_Organizador_Items_fnc_runDelivery0_9_3Tests,ServoPeregrino_Organizador_Items_fnc_getApplicationStatus
ServoPeregrino_Organizador_Items_fnc_runDelivery0_9_3Tests,ServoPeregrino_Organizador_Items_fnc_getBuildInfo
ServoPeregrino_Organizador_Items_fnc_runDelivery0_9_3Tests,ServoPeregrino_Organizador_Items_fnc_getCatalog
ServoPeregrino_Organizador_Items_fnc_runDelivery0_9_3Tests,ServoPeregrino_Organizador_Items_fnc_getCatalogCategories
ServoPeregrino_Organizador_Items_fnc_runDelivery0_9_3Tests,ServoPeregrino_Organizador_Items_fnc_getCatalogStatus
ServoPeregrino_Organizador_Items_fnc_runDelivery0_9_3Tests,ServoPeregrino_Organizador_Items_fnc_getDraftState
ServoPeregrino_Organizador_Items_fnc_runDelivery0_9_3Tests,ServoPeregrino_Organizador_Items_fnc_getEntryUnitMass
ServoPeregrino_Organizador_Items_fnc_runDelivery0_9_3Tests,ServoPeregrino_Organizador_Items_fnc_getKit
ServoPeregrino_Organizador_Items_fnc_runDelivery0_9_3Tests,ServoPeregrino_Organizador_Items_fnc_getLoadoutFingerprint
ServoPeregrino_Organizador_Items_fnc_runDelivery0_9_3Tests,ServoPeregrino_Organizador_Items_fnc_getMutableContentFingerprint
ServoPeregrino_Organizador_Items_fnc_runDelivery0_9_3Tests,ServoPeregrino_Organizador_Items_fnc_getRepositoryStatus
ServoPeregrino_Organizador_Items_fnc_runDelivery0_9_3Tests,ServoPeregrino_Organizador_Items_fnc_getResponsiveCatalogLabels
ServoPeregrino_Organizador_Items_fnc_runDelivery0_9_3Tests,ServoPeregrino_Organizador_Items_fnc_getRuntimeStatus
ServoPeregrino_Organizador_Items_fnc_runDelivery0_9_3Tests,ServoPeregrino_Organizador_Items_fnc_getUIState
ServoPeregrino_Organizador_Items_fnc_runDelivery0_9_3Tests,ServoPeregrino_Organizador_Items_fnc_handleDraftQuantityKeyDown
ServoPeregrino_Organizador_Items_fnc_runDelivery0_9_3Tests,ServoPeregrino_Organizador_Items_fnc_handleDraftRowAction
ServoPeregrino_Organizador_Items_fnc_runDelivery0_9_3Tests,ServoPeregrino_Organizador_Items_fnc_handleUIDragEvent
ServoPeregrino_Organizador_Items_fnc_runDelivery0_9_3Tests,ServoPeregrino_Organizador_Items_fnc_handleUIEvent
ServoPeregrino_Organizador_Items_fnc_runDelivery0_9_3Tests,ServoPeregrino_Organizador_Items_fnc_handleUITransferToDraft
ServoPeregrino_Organizador_Items_fnc_runDelivery0_9_3Tests,ServoPeregrino_Organizador_Items_fnc_incrementDraftEntry
ServoPeregrino_Organizador_Items_fnc_runDelivery0_9_3Tests,ServoPeregrino_Organizador_Items_fnc_initialize
ServoPeregrino_Organizador_Items_fnc_runDelivery0_9_3Tests,ServoPeregrino_Organizador_Items_fnc_injectTestStoragePayload
ServoPeregrino_Organizador_Items_fnc_runDelivery0_9_3Tests,ServoPeregrino_Organizador_Items_fnc_invalidateCatalogCache
ServoPeregrino_Organizador_Items_fnc_runDelivery0_9_3Tests,ServoPeregrino_Organizador_Items_fnc_isValidItemKitId
ServoPeregrino_Organizador_Items_fnc_runDelivery0_9_3Tests,ServoPeregrino_Organizador_Items_fnc_listKits
ServoPeregrino_Organizador_Items_fnc_runDelivery0_9_3Tests,ServoPeregrino_Organizador_Items_fnc_loadDraftFromKit
ServoPeregrino_Organizador_Items_fnc_runDelivery0_9_3Tests,ServoPeregrino_Organizador_Items_fnc_loadStorage
ServoPeregrino_Organizador_Items_fnc_runDelivery0_9_3Tests,ServoPeregrino_Organizador_Items_fnc_mergeEntriesIntoDraft
ServoPeregrino_Organizador_Items_fnc_runDelivery0_9_3Tests,ServoPeregrino_Organizador_Items_fnc_mergeKitIntoDraft
ServoPeregrino_Organizador_Items_fnc_runDelivery0_9_3Tests,ServoPeregrino_Organizador_Items_fnc_migrateStorage
ServoPeregrino_Organizador_Items_fnc_runDelivery0_9_3Tests,ServoPeregrino_Organizador_Items_fnc_mutateContainerEntry
ServoPeregrino_Organizador_Items_fnc_runDelivery0_9_3Tests,ServoPeregrino_Organizador_Items_fnc_normalizeItemEntries
ServoPeregrino_Organizador_Items_fnc_runDelivery0_9_3Tests,ServoPeregrino_Organizador_Items_fnc_openCaptureDraft
ServoPeregrino_Organizador_Items_fnc_runDelivery0_9_3Tests,ServoPeregrino_Organizador_Items_fnc_openInterface
ServoPeregrino_Organizador_Items_fnc_runDelivery0_9_3Tests,ServoPeregrino_Organizador_Items_fnc_pushUIFeedback
ServoPeregrino_Organizador_Items_fnc_runDelivery0_9_3Tests,ServoPeregrino_Organizador_Items_fnc_refreshInterface
ServoPeregrino_Organizador_Items_fnc_runDelivery0_9_3Tests,ServoPeregrino_Organizador_Items_fnc_removeDraftEntry
ServoPeregrino_Organizador_Items_fnc_runDelivery0_9_3Tests,ServoPeregrino_Organizador_Items_fnc_renameItemKit
ServoPeregrino_Organizador_Items_fnc_runDelivery0_9_3Tests,ServoPeregrino_Organizador_Items_fnc_requestDraftTransition
ServoPeregrino_Organizador_Items_fnc_runDelivery0_9_3Tests,ServoPeregrino_Organizador_Items_fnc_resetRuntimeForTests
ServoPeregrino_Organizador_Items_fnc_runDelivery0_9_3Tests,ServoPeregrino_Organizador_Items_fnc_resolveCatalogItem
ServoPeregrino_Organizador_Items_fnc_runDelivery0_9_3Tests,ServoPeregrino_Organizador_Items_fnc_resolvePlayerContainer
ServoPeregrino_Organizador_Items_fnc_runDelivery0_9_3Tests,ServoPeregrino_Organizador_Items_fnc_resolveUIItemMetadata
ServoPeregrino_Organizador_Items_fnc_runDelivery0_9_3Tests,ServoPeregrino_Organizador_Items_fnc_rollbackApplication
ServoPeregrino_Organizador_Items_fnc_runDelivery0_9_3Tests,ServoPeregrino_Organizador_Items_fnc_saveDraft
ServoPeregrino_Organizador_Items_fnc_runDelivery0_9_3Tests,ServoPeregrino_Organizador_Items_fnc_saveDraftAsNew
ServoPeregrino_Organizador_Items_fnc_runDelivery0_9_3Tests,ServoPeregrino_Organizador_Items_fnc_saveKit
ServoPeregrino_Organizador_Items_fnc_runDelivery0_9_3Tests,ServoPeregrino_Organizador_Items_fnc_saveStorage
ServoPeregrino_Organizador_Items_fnc_runDelivery0_9_3Tests,ServoPeregrino_Organizador_Items_fnc_setDraftEntryQuantity
ServoPeregrino_Organizador_Items_fnc_runDelivery0_9_3Tests,ServoPeregrino_Organizador_Items_fnc_setDraftName
ServoPeregrino_Organizador_Items_fnc_runDelivery0_9_3Tests,ServoPeregrino_Organizador_Items_fnc_setDraftPreferredTarget
ServoPeregrino_Organizador_Items_fnc_runDelivery0_9_3Tests,ServoPeregrino_Organizador_Items_fnc_validateItemEntryEnvironmental
ServoPeregrino_Organizador_Items_fnc_runDelivery0_9_3Tests,ServoPeregrino_Organizador_Items_fnc_validateItemEntrySemantic
ServoPeregrino_Organizador_Items_fnc_runDelivery0_9_3Tests,ServoPeregrino_Organizador_Items_fnc_validateItemKitEnvironmental
ServoPeregrino_Organizador_Items_fnc_runDelivery0_9_3Tests,ServoPeregrino_Organizador_Items_fnc_validateItemKitSemantic
ServoPeregrino_Organizador_Items_fnc_runDelivery0_9_3Tests,ServoPeregrino_Organizador_Items_fnc_validateItemKitStructural
ServoPeregrino_Organizador_Items_fnc_runDelivery0_9_3Tests,ServoPeregrino_Organizador_Items_fnc_validateNexus
ServoPeregrino_Organizador_Items_fnc_runDelivery0_9_3Tests,ServoPeregrino_Organizador_Items_fnc_validateStorageSemantic
ServoPeregrino_Organizador_Items_fnc_runDelivery0_9_3Tests,ServoPeregrino_Organizador_Nexus_fnc_getCapability
ServoPeregrino_Organizador_Items_fnc_runDelivery0_9_3Tests,ServoPeregrino_Organizador_Nexus_fnc_hasCapability
ServoPeregrino_Organizador_Items_fnc_runDelivery0_9_3Tests,ServoPeregrino_Organizador_Nexus_fnc_initialize
ServoPeregrino_Organizador_Items_fnc_saveDraft,ServoPeregrino_Organizador_Items_fnc_createItemKit
ServoPeregrino_Organizador_Items_fnc_saveDraft,ServoPeregrino_Organizador_Items_fnc_deepCopy
ServoPeregrino_Organizador_Items_fnc_saveDraft,ServoPeregrino_Organizador_Items_fnc_getKit
ServoPeregrino_Organizador_Items_fnc_saveDraft,ServoPeregrino_Organizador_Items_fnc_normalizeItemEntries
ServoPeregrino_Organizador_Items_fnc_saveDraft,ServoPeregrino_Organizador_Items_fnc_saveKit
ServoPeregrino_Organizador_Items_fnc_saveDraft,ServoPeregrino_Organizador_Nexus_fnc_createResult
ServoPeregrino_Organizador_Items_fnc_saveDraftAsNew,ServoPeregrino_Organizador_Items_fnc_createItemKit
ServoPeregrino_Organizador_Items_fnc_saveDraftAsNew,ServoPeregrino_Organizador_Items_fnc_deepCopy
ServoPeregrino_Organizador_Items_fnc_saveDraftAsNew,ServoPeregrino_Organizador_Items_fnc_saveKit
ServoPeregrino_Organizador_Items_fnc_saveDraftAsNew,ServoPeregrino_Organizador_Nexus_fnc_createResult
ServoPeregrino_Organizador_Items_fnc_saveKit,ServoPeregrino_Organizador_Items_fnc_deepCopy
ServoPeregrino_Organizador_Items_fnc_saveKit,ServoPeregrino_Organizador_Items_fnc_loadStorage
ServoPeregrino_Organizador_Items_fnc_saveKit,ServoPeregrino_Organizador_Items_fnc_saveStorage
ServoPeregrino_Organizador_Items_fnc_saveKit,ServoPeregrino_Organizador_Items_fnc_validateItemKitSemantic
ServoPeregrino_Organizador_Items_fnc_saveKit,ServoPeregrino_Organizador_Nexus_fnc_createResult
ServoPeregrino_Organizador_Items_fnc_savePublicKitToPrivate,ServoPeregrino_Organizador_Items_fnc_cloneItemKit
ServoPeregrino_Organizador_Items_fnc_savePublicKitToPrivate,ServoPeregrino_Organizador_Items_fnc_getPublicKit
ServoPeregrino_Organizador_Items_fnc_savePublicKitToPrivate,ServoPeregrino_Organizador_Items_fnc_saveKit
ServoPeregrino_Organizador_Items_fnc_savePublicKitToPrivate,ServoPeregrino_Organizador_Items_fnc_validateItemKitSemantic
ServoPeregrino_Organizador_Items_fnc_savePublicKitToPrivate,ServoPeregrino_Organizador_Nexus_fnc_createResult
ServoPeregrino_Organizador_Items_fnc_saveStorage,ServoPeregrino_Organizador_Items_fnc_buildRepositoryState
ServoPeregrino_Organizador_Items_fnc_saveStorage,ServoPeregrino_Organizador_Items_fnc_createStoragePayload
ServoPeregrino_Organizador_Items_fnc_saveStorage,ServoPeregrino_Organizador_Items_fnc_deepCopy
ServoPeregrino_Organizador_Items_fnc_saveStorage,ServoPeregrino_Organizador_Items_fnc_getRepositoryKeys
ServoPeregrino_Organizador_Items_fnc_saveStorage,ServoPeregrino_Organizador_Items_fnc_migrateStorage
ServoPeregrino_Organizador_Items_fnc_saveStorage,ServoPeregrino_Organizador_Items_fnc_validateStorageSemantic
ServoPeregrino_Organizador_Items_fnc_saveStorage,ServoPeregrino_Organizador_Nexus_fnc_createResult
ServoPeregrino_Organizador_Items_fnc_scanVanillaInventorySounds,ServoPeregrino_Organizador_Nexus_fnc_createResult
ServoPeregrino_Organizador_Items_fnc_serverHandlePublicLibraryRequest,ServoPeregrino_Organizador_Items_fnc_clientReceivePublicLibraryResult
ServoPeregrino_Organizador_Items_fnc_serverHandlePublicLibraryRequest,ServoPeregrino_Organizador_Items_fnc_commitPublicKitSnapshotServer
ServoPeregrino_Organizador_Items_fnc_serverHandlePublicLibraryRequest,ServoPeregrino_Organizador_Nexus_fnc_createResult
ServoPeregrino_Organizador_Items_fnc_setDraftEntryQuantity,ServoPeregrino_Organizador_Items_fnc_deepCopy
ServoPeregrino_Organizador_Items_fnc_setDraftEntryQuantity,ServoPeregrino_Organizador_Items_fnc_removeDraftEntry
ServoPeregrino_Organizador_Items_fnc_setDraftEntryQuantity,ServoPeregrino_Organizador_Items_fnc_validateItemEntrySemantic
ServoPeregrino_Organizador_Items_fnc_setDraftEntryQuantity,ServoPeregrino_Organizador_Nexus_fnc_createResult
ServoPeregrino_Organizador_Items_fnc_setDraftName,ServoPeregrino_Organizador_Items_fnc_deepCopy
ServoPeregrino_Organizador_Items_fnc_setDraftName,ServoPeregrino_Organizador_Nexus_fnc_createResult
ServoPeregrino_Organizador_Items_fnc_setDraftPreferredTarget,ServoPeregrino_Organizador_Items_fnc_deepCopy
ServoPeregrino_Organizador_Items_fnc_setDraftPreferredTarget,ServoPeregrino_Organizador_Nexus_fnc_createResult
ServoPeregrino_Organizador_Items_fnc_simulateApplicationEntries,ServoPeregrino_Organizador_Items_fnc_deepCopy
ServoPeregrino_Organizador_Items_fnc_simulateApplicationEntries,ServoPeregrino_Organizador_Items_fnc_normalizeItemEntries
ServoPeregrino_Organizador_Items_fnc_simulateApplicationEntries,ServoPeregrino_Organizador_Nexus_fnc_createResult
ServoPeregrino_Organizador_Items_fnc_updateUIDragVisualProxy,ServoPeregrino_Organizador_Items_fnc_escapeStructuredText
ServoPeregrino_Organizador_Items_fnc_updateUIItemTooltip,ServoPeregrino_Organizador_Items_fnc_escapeStructuredText
ServoPeregrino_Organizador_Items_fnc_updateUIItemTooltip,ServoPeregrino_Organizador_Items_fnc_resolveUIPointerSource
ServoPeregrino_Organizador_Items_fnc_updateUIItemTooltip,ServoPeregrino_Organizador_Items_fnc_updateUIItemTooltip
ServoPeregrino_Organizador_Items_fnc_validateApplicationPlan,ServoPeregrino_Organizador_Nexus_fnc_createResult
ServoPeregrino_Organizador_Items_fnc_validateItemEntryEnvironmental,ServoPeregrino_Organizador_Items_fnc_validateItemEntrySemantic
ServoPeregrino_Organizador_Items_fnc_validateItemEntryEnvironmental,ServoPeregrino_Organizador_Nexus_fnc_createResult
ServoPeregrino_Organizador_Items_fnc_validateItemEntrySemantic,ServoPeregrino_Organizador_Items_fnc_validateItemEntryStructural
ServoPeregrino_Organizador_Items_fnc_validateItemEntrySemantic,ServoPeregrino_Organizador_Nexus_fnc_createResult
ServoPeregrino_Organizador_Items_fnc_validateItemEntryStructural,ServoPeregrino_Organizador_Nexus_fnc_createResult
ServoPeregrino_Organizador_Items_fnc_validateItemKitEnvironmental,ServoPeregrino_Organizador_Items_fnc_validateItemEntryEnvironmental
ServoPeregrino_Organizador_Items_fnc_validateItemKitEnvironmental,ServoPeregrino_Organizador_Items_fnc_validateItemKitSemantic
ServoPeregrino_Organizador_Items_fnc_validateItemKitEnvironmental,ServoPeregrino_Organizador_Nexus_fnc_createResult
ServoPeregrino_Organizador_Items_fnc_validateItemKitSemantic,ServoPeregrino_Organizador_Items_fnc_isValidItemKitId
ServoPeregrino_Organizador_Items_fnc_validateItemKitSemantic,ServoPeregrino_Organizador_Items_fnc_normalizeItemEntries
ServoPeregrino_Organizador_Items_fnc_validateItemKitSemantic,ServoPeregrino_Organizador_Items_fnc_validateItemEntrySemantic
ServoPeregrino_Organizador_Items_fnc_validateItemKitSemantic,ServoPeregrino_Organizador_Items_fnc_validateItemKitStructural
ServoPeregrino_Organizador_Items_fnc_validateItemKitSemantic,ServoPeregrino_Organizador_Nexus_fnc_createResult
ServoPeregrino_Organizador_Items_fnc_validateItemKitStructural,ServoPeregrino_Organizador_Items_fnc_validateItemEntryStructural
ServoPeregrino_Organizador_Items_fnc_validateItemKitStructural,ServoPeregrino_Organizador_Nexus_fnc_createResult
ServoPeregrino_Organizador_Items_fnc_validateNexus,ServoPeregrino_Organizador_Nexus_fnc_createResult
ServoPeregrino_Organizador_Items_fnc_validateNexus,ServoPeregrino_Organizador_Nexus_fnc_getCapability
ServoPeregrino_Organizador_Items_fnc_validateNexus,ServoPeregrino_Organizador_Nexus_fnc_hasCapability
ServoPeregrino_Organizador_Items_fnc_validateNexus,ServoPeregrino_Organizador_Nexus_fnc_initialize
ServoPeregrino_Organizador_Items_fnc_validateNexus,ServoPeregrino_Organizador_Nexus_fnc_log
ServoPeregrino_Organizador_Items_fnc_validateNexus,ServoPeregrino_Organizador_Nexus_fnc_publishEvent
ServoPeregrino_Organizador_Items_fnc_validateNexus,ServoPeregrino_Organizador_Nexus_fnc_registerCapability
ServoPeregrino_Organizador_Items_fnc_validateNexus,ServoPeregrino_Organizador_Nexus_fnc_unregisterCapability
ServoPeregrino_Organizador_Items_fnc_validateStorageSemantic,ServoPeregrino_Organizador_Items_fnc_validateItemKitSemantic
ServoPeregrino_Organizador_Items_fnc_validateStorageSemantic,ServoPeregrino_Organizador_Items_fnc_validateStorageStructural
ServoPeregrino_Organizador_Items_fnc_validateStorageSemantic,ServoPeregrino_Organizador_Nexus_fnc_createResult
ServoPeregrino_Organizador_Items_fnc_validateStorageStructural,ServoPeregrino_Organizador_Items_fnc_validateItemKitStructural
ServoPeregrino_Organizador_Items_fnc_validateStorageStructural,ServoPeregrino_Organizador_Nexus_fnc_createResult
ServoPeregrino_Organizador_Nexus_fnc_getCapability,ServoPeregrino_Organizador_Nexus_fnc_createResult
ServoPeregrino_Organizador_Nexus_fnc_initialize,ServoPeregrino_Organizador_Nexus_fnc_createResult
ServoPeregrino_Organizador_Nexus_fnc_initialize,ServoPeregrino_Organizador_Nexus_fnc_getBuildInfo
ServoPeregrino_Organizador_Nexus_fnc_initialize,ServoPeregrino_Organizador_Nexus_fnc_log
ServoPeregrino_Organizador_Nexus_fnc_initialize,ServoPeregrino_Organizador_Nexus_fnc_registerCapability
ServoPeregrino_Organizador_Nexus_fnc_initialize,ServoPeregrino_Organizador_Nexus_fnc_registerContractDefinition
ServoPeregrino_Organizador_Nexus_fnc_installTestActions,ServoPeregrino_Organizador_Nexus_fnc_getBuildInfo
ServoPeregrino_Organizador_Nexus_fnc_installTestActions,ServoPeregrino_Organizador_Nexus_fnc_runDelivery1_1Tests
ServoPeregrino_Organizador_Nexus_fnc_listCapabilities,ServoPeregrino_Organizador_Nexus_fnc_createResult
ServoPeregrino_Organizador_Nexus_fnc_publishEvent,ServoPeregrino_Organizador_Nexus_fnc_createDiagnostic
ServoPeregrino_Organizador_Nexus_fnc_publishEvent,ServoPeregrino_Organizador_Nexus_fnc_createResult
ServoPeregrino_Organizador_Nexus_fnc_registerCapability,ServoPeregrino_Organizador_Nexus_fnc_createResult
ServoPeregrino_Organizador_Nexus_fnc_registerContractDefinition,ServoPeregrino_Organizador_Nexus_fnc_createResult
ServoPeregrino_Organizador_Nexus_fnc_resetRuntimeForTests,ServoPeregrino_Organizador_Nexus_fnc_initialize
ServoPeregrino_Organizador_Nexus_fnc_runDelivery1_1Tests,ServoPeregrino_Organizador_Nexus_fnc_createContract
ServoPeregrino_Organizador_Nexus_fnc_runDelivery1_1Tests,ServoPeregrino_Organizador_Nexus_fnc_createDiagnostic
ServoPeregrino_Organizador_Nexus_fnc_runDelivery1_1Tests,ServoPeregrino_Organizador_Nexus_fnc_createResult
ServoPeregrino_Organizador_Nexus_fnc_runDelivery1_1Tests,ServoPeregrino_Organizador_Nexus_fnc_getBuildInfo
ServoPeregrino_Organizador_Nexus_fnc_runDelivery1_1Tests,ServoPeregrino_Organizador_Nexus_fnc_getCapability
ServoPeregrino_Organizador_Nexus_fnc_runDelivery1_1Tests,ServoPeregrino_Organizador_Nexus_fnc_hasCapability
ServoPeregrino_Organizador_Nexus_fnc_runDelivery1_1Tests,ServoPeregrino_Organizador_Nexus_fnc_isResult
ServoPeregrino_Organizador_Nexus_fnc_runDelivery1_1Tests,ServoPeregrino_Organizador_Nexus_fnc_listCapabilities
ServoPeregrino_Organizador_Nexus_fnc_runDelivery1_1Tests,ServoPeregrino_Organizador_Nexus_fnc_publishEvent
ServoPeregrino_Organizador_Nexus_fnc_runDelivery1_1Tests,ServoPeregrino_Organizador_Nexus_fnc_registerCapability
ServoPeregrino_Organizador_Nexus_fnc_runDelivery1_1Tests,ServoPeregrino_Organizador_Nexus_fnc_registerContractDefinition
ServoPeregrino_Organizador_Nexus_fnc_runDelivery1_1Tests,ServoPeregrino_Organizador_Nexus_fnc_resetRuntimeForTests
ServoPeregrino_Organizador_Nexus_fnc_runDelivery1_1Tests,ServoPeregrino_Organizador_Nexus_fnc_setLogLevel
ServoPeregrino_Organizador_Nexus_fnc_runDelivery1_1Tests,ServoPeregrino_Organizador_Nexus_fnc_subscribeEvent
ServoPeregrino_Organizador_Nexus_fnc_runDelivery1_1Tests,ServoPeregrino_Organizador_Nexus_fnc_unregisterCapability
ServoPeregrino_Organizador_Nexus_fnc_runDelivery1_1Tests,ServoPeregrino_Organizador_Nexus_fnc_unsubscribeEvent
ServoPeregrino_Organizador_Nexus_fnc_runDelivery1_1Tests,ServoPeregrino_Organizador_Nexus_fnc_validateContract
ServoPeregrino_Organizador_Nexus_fnc_setLogLevel,ServoPeregrino_Organizador_Nexus_fnc_createResult
ServoPeregrino_Organizador_Nexus_fnc_subscribeEvent,ServoPeregrino_Organizador_Nexus_fnc_createResult
ServoPeregrino_Organizador_Nexus_fnc_unregisterCapability,ServoPeregrino_Organizador_Nexus_fnc_createResult
ServoPeregrino_Organizador_Nexus_fnc_unsubscribeEvent,ServoPeregrino_Organizador_Nexus_fnc_createResult
ServoPeregrino_Organizador_Nexus_fnc_validateContract,ServoPeregrino_Organizador_Nexus_fnc_createResult
ServoPeregrino_Organizador_Weapons_fnc_captureWeaponConfiguration,ServoPeregrino_Organizador_Nexus_fnc_createResult
ServoPeregrino_Organizador_Weapons_fnc_captureWeaponConfiguration,ServoPeregrino_Organizador_Weapons_fnc_configurationFromWeaponArray
ServoPeregrino_Organizador_Weapons_fnc_compareWeaponConfigurations,ServoPeregrino_Organizador_Nexus_fnc_createResult
ServoPeregrino_Organizador_Weapons_fnc_compareWeaponConfigurations,ServoPeregrino_Organizador_Weapons_fnc_getConfigurationFingerprint
ServoPeregrino_Organizador_Weapons_fnc_configurationFromWeaponArray,ServoPeregrino_Organizador_Nexus_fnc_createResult
ServoPeregrino_Organizador_Weapons_fnc_configurationFromWeaponArray,ServoPeregrino_Organizador_Weapons_fnc_normalizeWeaponConfiguration
ServoPeregrino_Organizador_Weapons_fnc_createWeaponConfiguration,ServoPeregrino_Organizador_Weapons_fnc_normalizeWeaponConfiguration
ServoPeregrino_Organizador_Weapons_fnc_createWeaponInstance,ServoPeregrino_Organizador_Nexus_fnc_createResult
ServoPeregrino_Organizador_Weapons_fnc_createWeaponInstance,ServoPeregrino_Organizador_Weapons_fnc_deepCopy
ServoPeregrino_Organizador_Weapons_fnc_createWeaponInstance,ServoPeregrino_Organizador_Weapons_fnc_initializeAuthority
ServoPeregrino_Organizador_Weapons_fnc_createWeaponInstance,ServoPeregrino_Organizador_Weapons_fnc_normalizeWeaponConfiguration
ServoPeregrino_Organizador_Weapons_fnc_createWeaponInstance,ServoPeregrino_Organizador_Weapons_fnc_validateWeaponConfigurationSemantic
ServoPeregrino_Organizador_Weapons_fnc_deepCopy,ServoPeregrino_Organizador_Weapons_fnc_deepCopy
ServoPeregrino_Organizador_Weapons_fnc_getConfigurationFingerprint,ServoPeregrino_Organizador_Nexus_fnc_createResult
ServoPeregrino_Organizador_Weapons_fnc_getConfigurationFingerprint,ServoPeregrino_Organizador_Weapons_fnc_normalizeWeaponConfiguration
ServoPeregrino_Organizador_Weapons_fnc_getIdentityDiagnostics,ServoPeregrino_Organizador_Nexus_fnc_createResult
ServoPeregrino_Organizador_Weapons_fnc_getIdentityDiagnostics,ServoPeregrino_Organizador_Weapons_fnc_deepCopy
ServoPeregrino_Organizador_Weapons_fnc_getIdentityDiagnostics,ServoPeregrino_Organizador_Weapons_fnc_initializeAuthority
ServoPeregrino_Organizador_Weapons_fnc_getRuntimeStatus,ServoPeregrino_Organizador_Nexus_fnc_createResult
ServoPeregrino_Organizador_Weapons_fnc_getRuntimeStatus,ServoPeregrino_Organizador_Weapons_fnc_deepCopy
ServoPeregrino_Organizador_Weapons_fnc_getWeaponInstance,ServoPeregrino_Organizador_Nexus_fnc_createResult
ServoPeregrino_Organizador_Weapons_fnc_getWeaponInstance,ServoPeregrino_Organizador_Weapons_fnc_deepCopy
ServoPeregrino_Organizador_Weapons_fnc_getWeaponInstance,ServoPeregrino_Organizador_Weapons_fnc_initializeAuthority
ServoPeregrino_Organizador_Weapons_fnc_initialize,ServoPeregrino_Organizador_Nexus_fnc_createResult
ServoPeregrino_Organizador_Weapons_fnc_initialize,ServoPeregrino_Organizador_Nexus_fnc_log
ServoPeregrino_Organizador_Weapons_fnc_initialize,ServoPeregrino_Organizador_Nexus_fnc_registerCapability
ServoPeregrino_Organizador_Weapons_fnc_initialize,ServoPeregrino_Organizador_Weapons_fnc_getBuildInfo
ServoPeregrino_Organizador_Weapons_fnc_initialize,ServoPeregrino_Organizador_Weapons_fnc_getRuntimeStatus
ServoPeregrino_Organizador_Weapons_fnc_initialize,ServoPeregrino_Organizador_Weapons_fnc_validateNexus
ServoPeregrino_Organizador_Weapons_fnc_initializeAuthority,ServoPeregrino_Organizador_Nexus_fnc_createResult
ServoPeregrino_Organizador_Weapons_fnc_inspectWeaponCarrier,ServoPeregrino_Organizador_Nexus_fnc_createDiagnostic
ServoPeregrino_Organizador_Weapons_fnc_inspectWeaponCarrier,ServoPeregrino_Organizador_Nexus_fnc_createResult
ServoPeregrino_Organizador_Weapons_fnc_inspectWeaponCarrier,ServoPeregrino_Organizador_Weapons_fnc_configurationFromWeaponArray
ServoPeregrino_Organizador_Weapons_fnc_inspectWeaponCarrier,ServoPeregrino_Organizador_Weapons_fnc_getConfigurationFingerprint
ServoPeregrino_Organizador_Weapons_fnc_installLabActions,ServoPeregrino_Organizador_Weapons_fnc_installLabActions
ServoPeregrino_Organizador_Weapons_fnc_installLabActions,ServoPeregrino_Organizador_Weapons_fnc_runDelivery0_1ATests
ServoPeregrino_Organizador_Weapons_fnc_installLabActions,ServoPeregrino_Organizador_Weapons_fnc_serverHandleLabRequest
ServoPeregrino_Organizador_Weapons_fnc_normalizeWeaponConfiguration,ServoPeregrino_Organizador_Nexus_fnc_createResult
ServoPeregrino_Organizador_Weapons_fnc_normalizeWeaponConfiguration,ServoPeregrino_Organizador_Weapons_fnc_deepCopy
ServoPeregrino_Organizador_Weapons_fnc_normalizeWeaponConfiguration,ServoPeregrino_Organizador_Weapons_fnc_validateWeaponConfigurationStructural
ServoPeregrino_Organizador_Weapons_fnc_runDelivery0_1ATests,ServoPeregrino_Organizador_Nexus_fnc_createResult
ServoPeregrino_Organizador_Weapons_fnc_runDelivery0_1ATests,ServoPeregrino_Organizador_Nexus_fnc_getCapability
ServoPeregrino_Organizador_Weapons_fnc_runDelivery0_1ATests,ServoPeregrino_Organizador_Nexus_fnc_hasCapability
ServoPeregrino_Organizador_Weapons_fnc_runDelivery0_1ATests,ServoPeregrino_Organizador_Weapons_fnc_captureWeaponConfiguration
ServoPeregrino_Organizador_Weapons_fnc_runDelivery0_1ATests,ServoPeregrino_Organizador_Weapons_fnc_compareWeaponConfigurations
ServoPeregrino_Organizador_Weapons_fnc_runDelivery0_1ATests,ServoPeregrino_Organizador_Weapons_fnc_configurationFromWeaponArray
ServoPeregrino_Organizador_Weapons_fnc_runDelivery0_1ATests,ServoPeregrino_Organizador_Weapons_fnc_createWeaponConfiguration
ServoPeregrino_Organizador_Weapons_fnc_runDelivery0_1ATests,ServoPeregrino_Organizador_Weapons_fnc_createWeaponInstance
ServoPeregrino_Organizador_Weapons_fnc_runDelivery0_1ATests,ServoPeregrino_Organizador_Weapons_fnc_deepCopy
ServoPeregrino_Organizador_Weapons_fnc_runDelivery0_1ATests,ServoPeregrino_Organizador_Weapons_fnc_getConfigurationFingerprint
ServoPeregrino_Organizador_Weapons_fnc_runDelivery0_1ATests,ServoPeregrino_Organizador_Weapons_fnc_getRuntimeStatus
ServoPeregrino_Organizador_Weapons_fnc_runDelivery0_1ATests,ServoPeregrino_Organizador_Weapons_fnc_getWeaponInstance
ServoPeregrino_Organizador_Weapons_fnc_runDelivery0_1ATests,ServoPeregrino_Organizador_Weapons_fnc_initialize
ServoPeregrino_Organizador_Weapons_fnc_runDelivery0_1ATests,ServoPeregrino_Organizador_Weapons_fnc_isValidIdentityToken
ServoPeregrino_Organizador_Weapons_fnc_runDelivery0_1ATests,ServoPeregrino_Organizador_Weapons_fnc_updateWeaponInstanceConfiguration
ServoPeregrino_Organizador_Weapons_fnc_runDelivery0_1ATests,ServoPeregrino_Organizador_Weapons_fnc_validateNexus
ServoPeregrino_Organizador_Weapons_fnc_runDelivery0_1ATests,ServoPeregrino_Organizador_Weapons_fnc_validateWeaponConfigurationSemantic
ServoPeregrino_Organizador_Weapons_fnc_runDelivery0_1ATests,ServoPeregrino_Organizador_Weapons_fnc_validateWeaponConfigurationStructural
ServoPeregrino_Organizador_Weapons_fnc_runDelivery0_1ATests,ServoPeregrino_Organizador_Weapons_fnc_validateWeaponInstance
ServoPeregrino_Organizador_Weapons_fnc_serverHandleLabRequest,ServoPeregrino_Organizador_Nexus_fnc_createResult
ServoPeregrino_Organizador_Weapons_fnc_serverHandleLabRequest,ServoPeregrino_Organizador_Weapons_fnc_captureWeaponConfiguration
ServoPeregrino_Organizador_Weapons_fnc_serverHandleLabRequest,ServoPeregrino_Organizador_Weapons_fnc_clientReceiveLabResult
ServoPeregrino_Organizador_Weapons_fnc_serverHandleLabRequest,ServoPeregrino_Organizador_Weapons_fnc_createWeaponInstance
ServoPeregrino_Organizador_Weapons_fnc_serverHandleLabRequest,ServoPeregrino_Organizador_Weapons_fnc_deepCopy
ServoPeregrino_Organizador_Weapons_fnc_serverHandleLabRequest,ServoPeregrino_Organizador_Weapons_fnc_getIdentityDiagnostics
ServoPeregrino_Organizador_Weapons_fnc_serverHandleLabRequest,ServoPeregrino_Organizador_Weapons_fnc_getWeaponInstance
ServoPeregrino_Organizador_Weapons_fnc_serverHandleLabRequest,ServoPeregrino_Organizador_Weapons_fnc_initializeAuthority
ServoPeregrino_Organizador_Weapons_fnc_serverHandleLabRequest,ServoPeregrino_Organizador_Weapons_fnc_inspectWeaponCarrier
ServoPeregrino_Organizador_Weapons_fnc_serverHandleLabRequest,ServoPeregrino_Organizador_Weapons_fnc_updateWeaponInstanceConfiguration
ServoPeregrino_Organizador_Weapons_fnc_updateWeaponInstanceConfiguration,ServoPeregrino_Organizador_Nexus_fnc_createResult
ServoPeregrino_Organizador_Weapons_fnc_updateWeaponInstanceConfiguration,ServoPeregrino_Organizador_Weapons_fnc_deepCopy
ServoPeregrino_Organizador_Weapons_fnc_updateWeaponInstanceConfiguration,ServoPeregrino_Organizador_Weapons_fnc_getWeaponInstance
ServoPeregrino_Organizador_Weapons_fnc_updateWeaponInstanceConfiguration,ServoPeregrino_Organizador_Weapons_fnc_normalizeWeaponConfiguration
ServoPeregrino_Organizador_Weapons_fnc_updateWeaponInstanceConfiguration,ServoPeregrino_Organizador_Weapons_fnc_validateWeaponConfigurationSemantic
ServoPeregrino_Organizador_Weapons_fnc_validateNexus,ServoPeregrino_Organizador_Nexus_fnc_createResult
ServoPeregrino_Organizador_Weapons_fnc_validateNexus,ServoPeregrino_Organizador_Nexus_fnc_getCapability
ServoPeregrino_Organizador_Weapons_fnc_validateNexus,ServoPeregrino_Organizador_Nexus_fnc_hasCapability
ServoPeregrino_Organizador_Weapons_fnc_validateNexus,ServoPeregrino_Organizador_Nexus_fnc_initialize
ServoPeregrino_Organizador_Weapons_fnc_validateWeaponConfigurationSemantic,ServoPeregrino_Organizador_Nexus_fnc_createResult
ServoPeregrino_Organizador_Weapons_fnc_validateWeaponConfigurationSemantic,ServoPeregrino_Organizador_Weapons_fnc_validateWeaponConfigurationStructural
ServoPeregrino_Organizador_Weapons_fnc_validateWeaponConfigurationStructural,ServoPeregrino_Organizador_Nexus_fnc_createResult
ServoPeregrino_Organizador_Weapons_fnc_validateWeaponInstance,ServoPeregrino_Organizador_Nexus_fnc_createResult
ServoPeregrino_Organizador_Weapons_fnc_validateWeaponInstance,ServoPeregrino_Organizador_Weapons_fnc_isValidIdentityToken
ServoPeregrino_Organizador_Weapons_fnc_validateWeaponInstance,ServoPeregrino_Organizador_Weapons_fnc_validateWeaponConfigurationSemantic
