addon,category,function,symbol,path,params_detected,bytes,references
Nexus,capabilities,getCapability,ServoPeregrino_Organizador_Nexus_fnc_getCapability,functions/capabilities/fn_getCapability.sqf,"[""_capabilityId"", """", [""""]]",679,ServoPeregrino_Organizador_Nexus_fnc_createResult
Nexus,capabilities,hasCapability,ServoPeregrino_Organizador_Nexus_fnc_hasCapability,functions/capabilities/fn_hasCapability.sqf,"[""_capabilityId"", """", [""""]], [""_minimumVersion"", 1, [0]]",405,
Nexus,capabilities,listCapabilities,ServoPeregrino_Organizador_Nexus_fnc_listCapabilities,functions/capabilities/fn_listCapabilities.sqf,,492,ServoPeregrino_Organizador_Nexus_fnc_createResult
Nexus,capabilities,registerCapability,ServoPeregrino_Organizador_Nexus_fnc_registerCapability,functions/capabilities/fn_registerCapability.sqf,"[""_capabilityId"", """", [""""]], [""_version"", 1, [0]], [""_provider"", """", [""""]], [""_metadata"", createHashMap, [createHashMap]]",2223,ServoPeregrino_Organizador_Nexus_fnc_createResult
Nexus,capabilities,unregisterCapability,ServoPeregrino_Organizador_Nexus_fnc_unregisterCapability,functions/capabilities/fn_unregisterCapability.sqf,"[""_capabilityId"", """", [""""]], [""_provider"", """", [""""]]",1074,ServoPeregrino_Organizador_Nexus_fnc_createResult
Nexus,contracts,createContract,ServoPeregrino_Organizador_Nexus_fnc_createContract,functions/contracts/fn_createContract.sqf,"[""_contractId"", """", [""""]], [""_version"", 1, [0]], [""_source"", """", [""""]], [""_payload"", createHashMap, [createHashMap]], [""_correlationId"", """", [""""]]",656,
Nexus,contracts,registerContractDefinition,ServoPeregrino_Organizador_Nexus_fnc_registerContractDefinition,functions/contracts/fn_registerContractDefinition.sqf,"[""_contractId"", """", [""""]], [""_version"", 1, [0]], [""_provider"", """", [""""]], [""_requiredPayloadKeys"", [], [[]]], [""_metadata"", createHashMap, [createHashMap]]",2758,ServoPeregrino_Organizador_Nexus_fnc_createResult
Nexus,contracts,validateContract,ServoPeregrino_Organizador_Nexus_fnc_validateContract,functions/contracts/fn_validateContract.sqf,"[""_contract"", createHashMap]",2252,ServoPeregrino_Organizador_Nexus_fnc_createResult
Nexus,diagnostics,createDiagnostic,ServoPeregrino_Organizador_Nexus_fnc_createDiagnostic,functions/diagnostics/fn_createDiagnostic.sqf,"[""_severity"", ""INFO"", [""""]], [""_code"", ""UNSPECIFIED"", [""""]], [""_message"", """", [""""]], [""_context"", createHashMap, [createHashMap]]",519,
Nexus,diagnostics,log,ServoPeregrino_Organizador_Nexus_fnc_log,functions/diagnostics/fn_log.sqf,"[""_component"", ""NEXUS"", [""""]], [""_level"", ""INFO"", [""""]], [""_message"", """", [""""]], [""_context"", createHashMap, [createHashMap]]",839,
Nexus,diagnostics,setLogLevel,ServoPeregrino_Organizador_Nexus_fnc_setLogLevel,functions/diagnostics/fn_setLogLevel.sqf,"[""_level"", ""INFO"", [""""]]",747,ServoPeregrino_Organizador_Nexus_fnc_createResult
Nexus,events,publishEvent,ServoPeregrino_Organizador_Nexus_fnc_publishEvent,functions/events/fn_publishEvent.sqf,"[""_eventName"", """", [""""]], [""_payload"", createHashMap, [createHashMap]], [""_source"", """", [""""]], [""_version"", 1, [0]]",2228,ServoPeregrino_Organizador_Nexus_fnc_createDiagnostic;ServoPeregrino_Organizador_Nexus_fnc_createResult
Nexus,events,subscribeEvent,ServoPeregrino_Organizador_Nexus_fnc_subscribeEvent,functions/events/fn_subscribeEvent.sqf,"[""_eventName"", """", [""""]], [""_handler"", {}, [{}]], [""_owner"", """", [""""]]",1438,ServoPeregrino_Organizador_Nexus_fnc_createResult
Nexus,events,unsubscribeEvent,ServoPeregrino_Organizador_Nexus_fnc_unsubscribeEvent,functions/events/fn_unsubscribeEvent.sqf,"[""_token"", """", [""""]]",962,ServoPeregrino_Organizador_Nexus_fnc_createResult
Nexus,lifecycle,getBuildInfo,ServoPeregrino_Organizador_Nexus_fnc_getBuildInfo,functions/lifecycle/fn_getBuildInfo.sqf,,376,
Nexus,lifecycle,initialize,ServoPeregrino_Organizador_Nexus_fnc_initialize,functions/lifecycle/fn_initialize.sqf,,1743,ServoPeregrino_Organizador_Nexus_fnc_createResult;ServoPeregrino_Organizador_Nexus_fnc_getBuildInfo;ServoPeregrino_Organizador_Nexus_fnc_log;ServoPeregrino_Organizador_Nexus_fnc_registerCapability;ServoPeregrino_Organizador_Nexus_fnc_registerContractDefinition
Nexus,results,createResult,ServoPeregrino_Organizador_Nexus_fnc_createResult,functions/results/fn_createResult.sqf,"[""_success"", false, [false]], [""_code"", """", [""""]], [""_message"", """", [""""]], [""_data"", createHashMap, [createHashMap]], [""_diagnostics"", [], [[]]]",493,
Nexus,results,isResult,ServoPeregrino_Organizador_Nexus_fnc_isResult,functions/results/fn_isResult.sqf,"[""_value"", createHashMap]",399,
Nexus,tests,installTestActions,ServoPeregrino_Organizador_Nexus_fnc_installTestActions,functions/tests/fn_installTestActions.sqf,"[""_unit"", player, [objNull]]",1099,ServoPeregrino_Organizador_Nexus_fnc_getBuildInfo;ServoPeregrino_Organizador_Nexus_fnc_runDelivery1_1Tests
Nexus,tests,resetRuntimeForTests,ServoPeregrino_Organizador_Nexus_fnc_resetRuntimeForTests,functions/tests/fn_resetRuntimeForTests.sqf,,573,ServoPeregrino_Organizador_Nexus_fnc_initialize
Nexus,tests,runDelivery1_1Tests,ServoPeregrino_Organizador_Nexus_fnc_runDelivery1_1Tests,functions/tests/fn_runDelivery1_1Tests.sqf,"[""_silent"", false, [false]]",10023,ServoPeregrino_Organizador_Nexus_fnc_createContract;ServoPeregrino_Organizador_Nexus_fnc_createDiagnostic;ServoPeregrino_Organizador_Nexus_fnc_createResult;ServoPeregrino_Organizador_Nexus_fnc_getBuildInfo;ServoPeregrino_Organizador_Nexus_fnc_getCapability;ServoPeregrino_Organizador_Nexus_fnc_hasCapability;ServoPeregrino_Organizador_Nexus_fnc_isResult;ServoPeregrino_Organizador_Nexus_fnc_listCapabilities;ServoPeregrino_Organizador_Nexus_fnc_publishEvent;ServoPeregrino_Organizador_Nexus_fnc_registerCapability;ServoPeregrino_Organizador_Nexus_fnc_registerContractDefinition;ServoPeregrino_Organizador_Nexus_fnc_resetRuntimeForTests;ServoPeregrino_Organizador_Nexus_fnc_setLogLevel;ServoPeregrino_Organizador_Nexus_fnc_subscribeEvent;ServoPeregrino_Organizador_Nexus_fnc_unregisterCapability;ServoPeregrino_Organizador_Nexus_fnc_unsubscribeEvent;ServoPeregrino_Organizador_Nexus_fnc_validateContract
Items,application,acquireApplicationLock,ServoPeregrino_Organizador_Items_fnc_acquireApplicationLock,functions/application/fn_acquireApplicationLock.sqf,"[""_planId"", """", [""""]], [""_owner"", ""LOCAL"", [""""]], [""_timeoutSeconds"", SERVO_PEREGRINO_ORGANIZADOR_ITEMS_APPLICATION_LOCK_TIMEOUT, [0]]",2289,ServoPeregrino_Organizador_Nexus_fnc_createResult
Items,application,captureContainerSnapshot,ServoPeregrino_Organizador_Items_fnc_captureContainerSnapshot,functions/application/fn_captureContainerSnapshot.sqf,"[""_container"", objNull, [objNull]], [""_target"", """", [""""]], [""_containerClass"", """", [""""]]",1368,ServoPeregrino_Organizador_Items_fnc_buildMutableFingerprint;ServoPeregrino_Organizador_Items_fnc_captureContainerContent;ServoPeregrino_Organizador_Items_fnc_deepCopy;ServoPeregrino_Organizador_Nexus_fnc_createResult
Items,application,chooseApplicationTarget,ServoPeregrino_Organizador_Items_fnc_chooseApplicationTarget,functions/application/fn_chooseApplicationTarget.sqf,"[""_requestedTarget"", ""ANY"", [""""]], [""_preferredTarget"", ""ANY"", [""""]], [""_availableTargets"", [], [[]]]",2311,ServoPeregrino_Organizador_Nexus_fnc_createResult
Items,application,createApplicationPlan,ServoPeregrino_Organizador_Items_fnc_createApplicationPlan,functions/application/fn_createApplicationPlan.sqf,"[""_container"", objNull, [objNull]], [""_target"", """", [""""]], [""_operation"", ""ADD"", [""""]], [""_requestedEntries"", [], [[]]], [""_policy"", ""BEST_EFFORT"", [""""]], [""_context"", createHashMap, [createHashMap]]",10210,ServoPeregrino_Organizador_Items_fnc_buildMutableFingerprint;ServoPeregrino_Organizador_Items_fnc_captureContainerContent;ServoPeregrino_Organizador_Items_fnc_deepCopy;ServoPeregrino_Organizador_Items_fnc_getContainerCapacityMetrics;ServoPeregrino_Organizador_Items_fnc_getEntryUnitMass;ServoPeregrino_Organizador_Items_fnc_normalizeItemEntries;ServoPeregrino_Organizador_Items_fnc_simulateApplicationEntries;ServoPeregrino_Organizador_Items_fnc_validateItemEntryEnvironmental;ServoPeregrino_Organizador_Nexus_fnc_createResult
Items,application,createClearApplicationPlan,ServoPeregrino_Organizador_Items_fnc_createClearApplicationPlan,functions/application/fn_createClearApplicationPlan.sqf,"[""_container"", objNull, [objNull]], [""_target"", """", [""""]], [""_context"", createHashMap, [createHashMap]]",2857,ServoPeregrino_Organizador_Items_fnc_buildMutableFingerprint;ServoPeregrino_Organizador_Items_fnc_captureContainerContent;ServoPeregrino_Organizador_Items_fnc_deepCopy;ServoPeregrino_Organizador_Nexus_fnc_createResult
Items,application,createReplaceApplicationPlan,ServoPeregrino_Organizador_Items_fnc_createReplaceApplicationPlan,functions/application/fn_createReplaceApplicationPlan.sqf,"[""_container"", objNull, [objNull]], [""_target"", """", [""""]], [""_desiredEntries"", [], [[]]], [""_context"", createHashMap, [createHashMap]]",6530,ServoPeregrino_Organizador_Items_fnc_buildMutableFingerprint;ServoPeregrino_Organizador_Items_fnc_captureContainerContent;ServoPeregrino_Organizador_Items_fnc_deepCopy;ServoPeregrino_Organizador_Items_fnc_getContainerCapacityMetrics;ServoPeregrino_Organizador_Items_fnc_getEntryUnitMass;ServoPeregrino_Organizador_Items_fnc_normalizeItemEntries;ServoPeregrino_Organizador_Items_fnc_validateItemEntryEnvironmental;ServoPeregrino_Organizador_Nexus_fnc_createResult
Items,application,createWholeKitApplicationPlan,ServoPeregrino_Organizador_Items_fnc_createWholeKitApplicationPlan,functions/application/fn_createWholeKitApplicationPlan.sqf,"[""_container"", objNull, [objNull]], [""_target"", """", [""""]], [""_operation"", ""ADD"", [""""]], [""_entries"", [], [[]]], [""_policy"", ""BEST_EFFORT"", [""""]], [""_context"", createHashMap, [createHashMap]]",1116,ServoPeregrino_Organizador_Items_fnc_createApplicationPlan;ServoPeregrino_Organizador_Nexus_fnc_createResult
Items,application,executeApplicationPlan,ServoPeregrino_Organizador_Items_fnc_executeApplicationPlan,functions/application/fn_executeApplicationPlan.sqf,"[""_plan"", createHashMap, [createHashMap]], [""_options"", createHashMap, [createHashMap]]",8752,ServoPeregrino_Organizador_Items_fnc_acquireApplicationLock;ServoPeregrino_Organizador_Items_fnc_captureContainerSnapshot;ServoPeregrino_Organizador_Items_fnc_deepCopy;ServoPeregrino_Organizador_Items_fnc_getMutableContentFingerprint;ServoPeregrino_Organizador_Items_fnc_mutateContainerEntry;ServoPeregrino_Organizador_Items_fnc_releaseApplicationLock;ServoPeregrino_Organizador_Items_fnc_rollbackApplication;ServoPeregrino_Organizador_Items_fnc_validateApplicationPlan;ServoPeregrino_Organizador_Nexus_fnc_createResult
Items,application,executeContentOperation,ServoPeregrino_Organizador_Items_fnc_executeContentOperation,functions/application/fn_executeContentOperation.sqf,"[""_container"", objNull, [objNull]], [""_target"", """", [""""]], [""_operation"", ""ADD"", [""""]], [""_entries"", [], [[]]], [""_policy"", ""BEST_EFFORT"", [""""]], [""_context"", createHashMap, [createHashMap]], [""_options"", createHashMap, [createHashMap]]",1362,ServoPeregrino_Organizador_Items_fnc_createClearApplicationPlan;ServoPeregrino_Organizador_Items_fnc_createReplaceApplicationPlan;ServoPeregrino_Organizador_Items_fnc_createWholeKitApplicationPlan;ServoPeregrino_Organizador_Items_fnc_executeApplicationPlan;ServoPeregrino_Organizador_Nexus_fnc_createResult
Items,application,executeDraftApplication,ServoPeregrino_Organizador_Items_fnc_executeDraftApplication,functions/application/fn_executeDraftApplication.sqf,"[""_container"", objNull, [objNull]], [""_target"", """", [""""]], [""_operation"", ""ADD"", [""""]], [""_policy"", ""BEST_EFFORT"", [""""]], [""_context"", createHashMap, [createHashMap]], [""_options"", createHashMap, [createHashMap]]",875,ServoPeregrino_Organizador_Items_fnc_executeContentOperation;ServoPeregrino_Organizador_Items_fnc_getDraftApplicationSource
Items,application,executeSavedKitApplication,ServoPeregrino_Organizador_Items_fnc_executeSavedKitApplication,functions/application/fn_executeSavedKitApplication.sqf,"[""_container"", objNull, [objNull]], [""_target"", """", [""""]], [""_kitId"", """", [""""]], [""_operation"", ""ADD"", [""""]], [""_policy"", ""BEST_EFFORT"", [""""]], [""_context"", createHashMap, [createHashMap]], [""_options"", createHashMap, [createHashMap]]",906,ServoPeregrino_Organizador_Items_fnc_executeContentOperation;ServoPeregrino_Organizador_Items_fnc_getSavedKitApplicationSource
Items,application,executeSingleOperation,ServoPeregrino_Organizador_Items_fnc_executeSingleOperation,functions/application/fn_executeSingleOperation.sqf,"[""_unit"", objNull, [objNull]], [""_target"", """", [""""]], [""_operation"", ""ADD"", [""""]], [""_entry"", [], [[]]], [""_policy"", ""BEST_EFFORT"", [""""]], [""_options"", createHashMap, [createHashMap]]",1118,ServoPeregrino_Organizador_Items_fnc_createApplicationPlan;ServoPeregrino_Organizador_Items_fnc_executeApplicationPlan;ServoPeregrino_Organizador_Items_fnc_resolvePlayerContainer
Items,application,getApplicationStatus,ServoPeregrino_Organizador_Items_fnc_getApplicationStatus,functions/application/fn_getApplicationStatus.sqf,,1010,ServoPeregrino_Organizador_Nexus_fnc_createResult
Items,application,getDraftApplicationSource,ServoPeregrino_Organizador_Items_fnc_getDraftApplicationSource,functions/application/fn_getDraftApplicationSource.sqf,,1154,ServoPeregrino_Organizador_Items_fnc_deepCopy;ServoPeregrino_Organizador_Items_fnc_getDraftState;ServoPeregrino_Organizador_Nexus_fnc_createResult
Items,application,getEntryUnitMass,ServoPeregrino_Organizador_Items_fnc_getEntryUnitMass,functions/application/fn_getEntryUnitMass.sqf,"[""_entry"", [], [[]]]",730,
Items,application,getSavedKitApplicationSource,ServoPeregrino_Organizador_Items_fnc_getSavedKitApplicationSource,functions/application/fn_getSavedKitApplicationSource.sqf,"[""_kitId"", """", [""""]]",749,ServoPeregrino_Organizador_Items_fnc_deepCopy;ServoPeregrino_Organizador_Items_fnc_getKit;ServoPeregrino_Organizador_Nexus_fnc_createResult
Items,application,mutateContainerEntry,ServoPeregrino_Organizador_Items_fnc_mutateContainerEntry,functions/application/fn_mutateContainerEntry.sqf,"[""_container"", objNull, [objNull]], [""_operation"", """", [""""]], [""_entry"", [], [[]]]",3459,ServoPeregrino_Organizador_Items_fnc_deepCopy;ServoPeregrino_Organizador_Nexus_fnc_createResult
Items,application,releaseApplicationLock,ServoPeregrino_Organizador_Items_fnc_releaseApplicationLock,functions/application/fn_releaseApplicationLock.sqf,"[""_token"", """", [""""]], [""_lastResult"", createHashMap, [createHashMap]]",1169,ServoPeregrino_Organizador_Nexus_fnc_createResult
Items,application,resolveApplicationTarget,ServoPeregrino_Organizador_Items_fnc_resolveApplicationTarget,functions/application/fn_resolveApplicationTarget.sqf,"[""_unit"", objNull, [objNull]], [""_requestedTarget"", ""ANY"", [""""]], [""_preferredTarget"", ""ANY"", [""""]]",1591,ServoPeregrino_Organizador_Items_fnc_chooseApplicationTarget;ServoPeregrino_Organizador_Items_fnc_resolvePlayerContainer;ServoPeregrino_Organizador_Nexus_fnc_createResult
Items,application,restoreContainerSnapshot,ServoPeregrino_Organizador_Items_fnc_restoreContainerSnapshot,functions/application/fn_restoreContainerSnapshot.sqf,"[""_snapshot"", createHashMap, [createHashMap]]",2496,ServoPeregrino_Organizador_Items_fnc_captureContainerContent;ServoPeregrino_Organizador_Items_fnc_getMutableContentFingerprint;ServoPeregrino_Organizador_Nexus_fnc_createResult
Items,application,rollbackApplication,ServoPeregrino_Organizador_Items_fnc_rollbackApplication,functions/application/fn_rollbackApplication.sqf,"[""_snapshot"", createHashMap, [createHashMap]], [""_reason"", ""ITEMS_RUNTIME_DIVERGENCE"", [""""]]",1033,ServoPeregrino_Organizador_Items_fnc_restoreContainerSnapshot;ServoPeregrino_Organizador_Nexus_fnc_createResult
Items,application,simulateApplicationEntries,ServoPeregrino_Organizador_Items_fnc_simulateApplicationEntries,functions/application/fn_simulateApplicationEntries.sqf,"[""_currentEntries"", [], [[]]], [""_actions"", [], [[]]]",3078,ServoPeregrino_Organizador_Items_fnc_deepCopy;ServoPeregrino_Organizador_Items_fnc_normalizeItemEntries;ServoPeregrino_Organizador_Nexus_fnc_createResult
Items,application,validateApplicationPlan,ServoPeregrino_Organizador_Items_fnc_validateApplicationPlan,functions/application/fn_validateApplicationPlan.sqf,"[""_plan"", createHashMap, [createHashMap]]",2110,ServoPeregrino_Organizador_Nexus_fnc_createResult
Items,catalog,buildCatalog,ServoPeregrino_Organizador_Items_fnc_buildCatalog,functions/catalog/fn_buildCatalog.sqf,"[""_force"", false, [false]]",11255,ServoPeregrino_Organizador_Items_fnc_createCatalogItemFromConfig;ServoPeregrino_Organizador_Nexus_fnc_createResult;ServoPeregrino_Organizador_Nexus_fnc_log
Items,catalog,classifyContentClass,ServoPeregrino_Organizador_Items_fnc_classifyContentClass,functions/catalog/fn_classifyContentClass.sqf,"[""_className"", """", [""""]], [""_sourceConfig"", """", [""""]]",4166,ServoPeregrino_Organizador_Items_fnc_deriveCatalogCategory;ServoPeregrino_Organizador_Nexus_fnc_createResult
Items,catalog,copyCatalogItem,ServoPeregrino_Organizador_Items_fnc_copyCatalogItem,functions/catalog/fn_copyCatalogItem.sqf,"[""_item"", createHashMap, [createHashMap]]",303,
Items,catalog,createCatalogItemFromConfig,ServoPeregrino_Organizador_Items_fnc_createCatalogItemFromConfig,functions/catalog/fn_createCatalogItemFromConfig.sqf,"[""_className"", """", [""""]], [""_sourceConfig"", """", [""""]]",2922,ServoPeregrino_Organizador_Items_fnc_classifyContentClass;ServoPeregrino_Organizador_Nexus_fnc_createResult
Items,catalog,deriveCatalogCategory,ServoPeregrino_Organizador_Items_fnc_deriveCatalogCategory,functions/catalog/fn_deriveCatalogCategory.sqf,"[""_className"", """", [""""]], [""_sourceConfig"", """", [""""]], [""_itemType"", [""Unknown"", ""Unknown""], [[]]], [""_cfg"", configNull]",1708,
Items,catalog,filterCatalog,ServoPeregrino_Organizador_Items_fnc_filterCatalog,functions/catalog/fn_filterCatalog.sqf,"[""_query"", """", [""""]], [""_categoryId"", ""ALL"", [""""]]",1829,ServoPeregrino_Organizador_Items_fnc_getCatalog;ServoPeregrino_Organizador_Items_fnc_getCatalogCategories;ServoPeregrino_Organizador_Nexus_fnc_createResult
Items,catalog,getCatalog,ServoPeregrino_Organizador_Items_fnc_getCatalog,functions/catalog/fn_getCatalog.sqf,,933,ServoPeregrino_Organizador_Items_fnc_buildCatalog;ServoPeregrino_Organizador_Items_fnc_copyCatalogItem;ServoPeregrino_Organizador_Items_fnc_getCatalogStatus;ServoPeregrino_Organizador_Nexus_fnc_createResult
Items,catalog,getCatalogCategories,ServoPeregrino_Organizador_Items_fnc_getCatalogCategories,functions/catalog/fn_getCatalogCategories.sqf,,118,
Items,catalog,getCatalogStatus,ServoPeregrino_Organizador_Items_fnc_getCatalogStatus,functions/catalog/fn_getCatalogStatus.sqf,,2574,ServoPeregrino_Organizador_Items_fnc_getCatalogCategories;ServoPeregrino_Organizador_Nexus_fnc_createResult
Items,catalog,invalidateCatalogCache,ServoPeregrino_Organizador_Items_fnc_invalidateCatalogCache,functions/catalog/fn_invalidateCatalogCache.sqf,"[""_reason"", ""EXPLICIT"", [""""]]",2178,ServoPeregrino_Organizador_Nexus_fnc_createResult
Items,catalog,resolveCatalogItem,ServoPeregrino_Organizador_Items_fnc_resolveCatalogItem,functions/catalog/fn_resolveCatalogItem.sqf,"[""_className"", """", [""""]]",2606,ServoPeregrino_Organizador_Items_fnc_copyCatalogItem;ServoPeregrino_Organizador_Items_fnc_createCatalogItemFromConfig;ServoPeregrino_Organizador_Nexus_fnc_createResult
Items,domain,cloneItemKit,ServoPeregrino_Organizador_Items_fnc_cloneItemKit,functions/domain/fn_cloneItemKit.sqf,"[""_kit"", [], [[]]], [""_newName"", """", [""""]]",984,ServoPeregrino_Organizador_Items_fnc_deepCopy;ServoPeregrino_Organizador_Items_fnc_generateItemKitId;ServoPeregrino_Organizador_Items_fnc_validateItemKitSemantic;ServoPeregrino_Organizador_Nexus_fnc_createResult
Items,domain,createItemEntry,ServoPeregrino_Organizador_Items_fnc_createItemEntry,functions/domain/fn_createItemEntry.sqf,"[""_entryType"", ""ITEM"", [""""]], [""_className"", """", [""""]], [""_quantity"", 1, [0]], [""_stateMode"", ""NONE"", [""""]], [""_stateData"", [], [[]]]",782,ServoPeregrino_Organizador_Items_fnc_deepCopy;ServoPeregrino_Organizador_Items_fnc_validateItemEntrySemantic;ServoPeregrino_Organizador_Nexus_fnc_createResult
Items,domain,createItemKit,ServoPeregrino_Organizador_Items_fnc_createItemKit,functions/domain/fn_createItemKit.sqf,"[""_name"", """", [""""]], [""_entries"", [], [[]]], [""_preferredTarget"", ""ANY"", [""""]], [""_origin"", [""MANUAL"", ""LOCAL""], [[]]], [""_kitId"", """", [""""]]",1643,ServoPeregrino_Organizador_Items_fnc_deepCopy;ServoPeregrino_Organizador_Items_fnc_generateItemKitId;ServoPeregrino_Organizador_Items_fnc_normalizeItemEntries;ServoPeregrino_Organizador_Items_fnc_validateItemKitSemantic;ServoPeregrino_Organizador_Nexus_fnc_createResult
Items,domain,createStoragePayload,ServoPeregrino_Organizador_Items_fnc_createStoragePayload,functions/domain/fn_createStoragePayload.sqf,"[""_kits"", [], [[]]], [""_metadata"", [], [[]]]",1000,ServoPeregrino_Organizador_Items_fnc_deepCopy;ServoPeregrino_Organizador_Items_fnc_validateStorageSemantic;ServoPeregrino_Organizador_Nexus_fnc_createResult
Items,domain,deepCopy,ServoPeregrino_Organizador_Items_fnc_deepCopy,functions/domain/fn_deepCopy.sqf,"""_value""",627,ServoPeregrino_Organizador_Items_fnc_deepCopy
Items,domain,generateItemKitId,ServoPeregrino_Organizador_Items_fnc_generateItemKitId,functions/domain/fn_generateItemKitId.sqf,"[""_value"", 0, [0]], [""_minWidth"", 1, [0]]",1665,
Items,domain,isValidItemKitId,ServoPeregrino_Organizador_Items_fnc_isValidItemKitId,functions/domain/fn_isValidItemKitId.sqf,"[""_kitId"", """", [""""]]",1087,
Items,domain,normalizeItemEntries,ServoPeregrino_Organizador_Items_fnc_normalizeItemEntries,functions/domain/fn_normalizeItemEntries.sqf,"[""_entries"", [], [[]]]",1872,ServoPeregrino_Organizador_Items_fnc_deepCopy;ServoPeregrino_Organizador_Items_fnc_validateItemEntrySemantic;ServoPeregrino_Organizador_Nexus_fnc_createResult
Items,domain,renameItemKit,ServoPeregrino_Organizador_Items_fnc_renameItemKit,functions/domain/fn_renameItemKit.sqf,"[""_kit"", [], [[]]], [""_newName"", """", [""""]]",803,ServoPeregrino_Organizador_Items_fnc_deepCopy;ServoPeregrino_Organizador_Items_fnc_validateItemKitSemantic;ServoPeregrino_Organizador_Nexus_fnc_createResult
Items,domain,validateItemEntryEnvironmental,ServoPeregrino_Organizador_Items_fnc_validateItemEntryEnvironmental,functions/domain/fn_validateItemEntryEnvironmental.sqf,"[""_entry"", [], [[]]]",1249,ServoPeregrino_Organizador_Items_fnc_validateItemEntrySemantic;ServoPeregrino_Organizador_Nexus_fnc_createResult
Items,domain,validateItemEntrySemantic,ServoPeregrino_Organizador_Items_fnc_validateItemEntrySemantic,functions/domain/fn_validateItemEntrySemantic.sqf,"[""_entry"", [], [[]]]",2916,ServoPeregrino_Organizador_Items_fnc_validateItemEntryStructural;ServoPeregrino_Organizador_Nexus_fnc_createResult
Items,domain,validateItemEntryStructural,ServoPeregrino_Organizador_Items_fnc_validateItemEntryStructural,functions/domain/fn_validateItemEntryStructural.sqf,"[""_entry"", [], [[]]]",1283,ServoPeregrino_Organizador_Nexus_fnc_createResult
Items,domain,validateItemKitEnvironmental,ServoPeregrino_Organizador_Items_fnc_validateItemKitEnvironmental,functions/domain/fn_validateItemKitEnvironmental.sqf,"[""_kit"", [], [[]]]",1362,ServoPeregrino_Organizador_Items_fnc_validateItemEntryEnvironmental;ServoPeregrino_Organizador_Items_fnc_validateItemKitSemantic;ServoPeregrino_Organizador_Nexus_fnc_createResult
Items,domain,validateItemKitSemantic,ServoPeregrino_Organizador_Items_fnc_validateItemKitSemantic,functions/domain/fn_validateItemKitSemantic.sqf,"[""_kit"", [], [[]]]",3023,ServoPeregrino_Organizador_Items_fnc_isValidItemKitId;ServoPeregrino_Organizador_Items_fnc_normalizeItemEntries;ServoPeregrino_Organizador_Items_fnc_validateItemEntrySemantic;ServoPeregrino_Organizador_Items_fnc_validateItemKitStructural;ServoPeregrino_Organizador_Nexus_fnc_createResult
Items,domain,validateItemKitStructural,ServoPeregrino_Organizador_Items_fnc_validateItemKitStructural,functions/domain/fn_validateItemKitStructural.sqf,"[""_kit"", [], [[]]]",2262,ServoPeregrino_Organizador_Items_fnc_validateItemEntryStructural;ServoPeregrino_Organizador_Nexus_fnc_createResult
Items,domain,validateStorageSemantic,ServoPeregrino_Organizador_Items_fnc_validateStorageSemantic,functions/domain/fn_validateStorageSemantic.sqf,"[""_storage"", [], [[]]]",2148,ServoPeregrino_Organizador_Items_fnc_validateItemKitSemantic;ServoPeregrino_Organizador_Items_fnc_validateStorageStructural;ServoPeregrino_Organizador_Nexus_fnc_createResult
Items,domain,validateStorageStructural,ServoPeregrino_Organizador_Items_fnc_validateStorageStructural,functions/domain/fn_validateStorageStructural.sqf,"[""_storage"", [], [[]]]",1544,ServoPeregrino_Organizador_Items_fnc_validateItemKitStructural;ServoPeregrino_Organizador_Nexus_fnc_createResult
Items,draft,addCatalogItemToDraft,ServoPeregrino_Organizador_Items_fnc_addCatalogItemToDraft,functions/draft/fn_addCatalogItemToDraft.sqf,"[""_className"", """", [""""]], [""_quantity"", 1, [0]]",2278,ServoPeregrino_Organizador_Items_fnc_addEntryToDraft;ServoPeregrino_Organizador_Items_fnc_createItemEntry;ServoPeregrino_Organizador_Items_fnc_resolveCatalogItem;ServoPeregrino_Organizador_Nexus_fnc_createResult
Items,draft,addEntryToDraft,ServoPeregrino_Organizador_Items_fnc_addEntryToDraft,functions/draft/fn_addEntryToDraft.sqf,"[""_entry"", [], [[]]]",1724,ServoPeregrino_Organizador_Items_fnc_deepCopy;ServoPeregrino_Organizador_Items_fnc_normalizeItemEntries;ServoPeregrino_Organizador_Items_fnc_validateItemEntrySemantic;ServoPeregrino_Organizador_Nexus_fnc_createResult
Items,draft,clearDraftEntries,ServoPeregrino_Organizador_Items_fnc_clearDraftEntries,functions/draft/fn_clearDraftEntries.sqf,,1747,ServoPeregrino_Organizador_Items_fnc_deepCopy;ServoPeregrino_Organizador_Nexus_fnc_createResult
Items,draft,createCaptureDraft,ServoPeregrino_Organizador_Items_fnc_createCaptureDraft,functions/draft/fn_createCaptureDraft.sqf,"[""_entries"", [], [[]]], [""_target"", ""ANY"", [""""]], [""_name"", ""Captura de equipamento"", [""""]]",1437,ServoPeregrino_Organizador_Items_fnc_deepCopy;ServoPeregrino_Organizador_Items_fnc_normalizeItemEntries;ServoPeregrino_Organizador_Nexus_fnc_createResult
Items,draft,createNewDraft,ServoPeregrino_Organizador_Items_fnc_createNewDraft,functions/draft/fn_createNewDraft.sqf,"[""_name"", ""Novo Kit"", [""""]], [""_preferredTarget"", ""ANY"", [""""]], [""_origin"", [""MANUAL"", ""LOCAL""], [[]]], [""_entries"", [], [[]]]",2844,ServoPeregrino_Organizador_Items_fnc_deepCopy;ServoPeregrino_Organizador_Items_fnc_normalizeItemEntries;ServoPeregrino_Organizador_Nexus_fnc_createResult
Items,draft,decrementDraftEntry,ServoPeregrino_Organizador_Items_fnc_decrementDraftEntry,functions/draft/fn_decrementDraftEntry.sqf,"[""_entryType"", ""ITEM"", [""""]], [""_className"", """", [""""]], [""_stateMode"", ""NONE"", [""""]]",1075,ServoPeregrino_Organizador_Items_fnc_setDraftEntryQuantity;ServoPeregrino_Organizador_Nexus_fnc_createResult
Items,draft,deleteKitPreservingDraft,ServoPeregrino_Organizador_Items_fnc_deleteKitPreservingDraft,functions/draft/fn_deleteKitPreservingDraft.sqf,"[""_kitId"", """", [""""]]",2168,ServoPeregrino_Organizador_Items_fnc_deleteKit;ServoPeregrino_Organizador_Items_fnc_detachDraftFromPersistedKit;ServoPeregrino_Organizador_Items_fnc_getDraftState;ServoPeregrino_Organizador_Items_fnc_isValidItemKitId;ServoPeregrino_Organizador_Nexus_fnc_createResult
Items,draft,detachDraftFromPersistedKit,ServoPeregrino_Organizador_Items_fnc_detachDraftFromPersistedKit,functions/draft/fn_detachDraftFromPersistedKit.sqf,"[""_kitId"", """", [""""]]",1854,ServoPeregrino_Organizador_Items_fnc_deepCopy;ServoPeregrino_Organizador_Nexus_fnc_createResult
Items,draft,discardDraft,ServoPeregrino_Organizador_Items_fnc_discardDraft,functions/draft/fn_discardDraft.sqf,,2845,ServoPeregrino_Organizador_Items_fnc_deepCopy;ServoPeregrino_Organizador_Items_fnc_getKit;ServoPeregrino_Organizador_Nexus_fnc_createResult
Items,draft,getDraftState,ServoPeregrino_Organizador_Items_fnc_getDraftState,functions/draft/fn_getDraftState.sqf,,1286,ServoPeregrino_Organizador_Items_fnc_deepCopy;ServoPeregrino_Organizador_Nexus_fnc_createResult
Items,draft,incrementDraftEntry,ServoPeregrino_Organizador_Items_fnc_incrementDraftEntry,functions/draft/fn_incrementDraftEntry.sqf,"[""_entryType"", ""ITEM"", [""""]], [""_className"", """", [""""]], [""_stateMode"", ""NONE"", [""""]]",1915,ServoPeregrino_Organizador_Items_fnc_addEntryToDraft;ServoPeregrino_Organizador_Items_fnc_createItemEntry;ServoPeregrino_Organizador_Items_fnc_deepCopy;ServoPeregrino_Organizador_Items_fnc_setDraftEntryQuantity;ServoPeregrino_Organizador_Nexus_fnc_createResult
Items,draft,loadDraftFromKit,ServoPeregrino_Organizador_Items_fnc_loadDraftFromKit,functions/draft/fn_loadDraftFromKit.sqf,"[""_kitId"", """", [""""]]",1988,ServoPeregrino_Organizador_Items_fnc_deepCopy;ServoPeregrino_Organizador_Items_fnc_getKit;ServoPeregrino_Organizador_Nexus_fnc_createResult
Items,draft,mergeEntriesIntoDraft,ServoPeregrino_Organizador_Items_fnc_mergeEntriesIntoDraft,functions/draft/fn_mergeEntriesIntoDraft.sqf,"[""_entriesToMerge"", [], [[]]]",1595,ServoPeregrino_Organizador_Items_fnc_deepCopy;ServoPeregrino_Organizador_Items_fnc_normalizeItemEntries;ServoPeregrino_Organizador_Nexus_fnc_createResult
Items,draft,mergeKitIntoDraft,ServoPeregrino_Organizador_Items_fnc_mergeKitIntoDraft,functions/draft/fn_mergeKitIntoDraft.sqf,"[""_kitId"", """", [""""]]",759,ServoPeregrino_Organizador_Items_fnc_getKit;ServoPeregrino_Organizador_Items_fnc_mergeEntriesIntoDraft;ServoPeregrino_Organizador_Nexus_fnc_createResult
Items,draft,openCaptureDraft,ServoPeregrino_Organizador_Items_fnc_openCaptureDraft,functions/draft/fn_openCaptureDraft.sqf,"""_captureDraft""",2612,ServoPeregrino_Organizador_Items_fnc_deepCopy;ServoPeregrino_Organizador_Items_fnc_normalizeItemEntries;ServoPeregrino_Organizador_Nexus_fnc_createResult
Items,draft,removeDraftEntry,ServoPeregrino_Organizador_Items_fnc_removeDraftEntry,functions/draft/fn_removeDraftEntry.sqf,"[""_entryType"", ""ITEM"", [""""]], [""_className"", """", [""""]], [""_stateMode"", ""NONE"", [""""]]",1758,ServoPeregrino_Organizador_Items_fnc_deepCopy;ServoPeregrino_Organizador_Nexus_fnc_createResult
Items,draft,saveDraft,ServoPeregrino_Organizador_Items_fnc_saveDraft,functions/draft/fn_saveDraft.sqf,,4748,ServoPeregrino_Organizador_Items_fnc_createItemKit;ServoPeregrino_Organizador_Items_fnc_deepCopy;ServoPeregrino_Organizador_Items_fnc_getKit;ServoPeregrino_Organizador_Items_fnc_normalizeItemEntries;ServoPeregrino_Organizador_Items_fnc_saveKit;ServoPeregrino_Organizador_Nexus_fnc_createResult
Items,draft,saveDraftAsNew,ServoPeregrino_Organizador_Items_fnc_saveDraftAsNew,functions/draft/fn_saveDraftAsNew.sqf,"[""_newName"", """", [""""]]",2349,ServoPeregrino_Organizador_Items_fnc_createItemKit;ServoPeregrino_Organizador_Items_fnc_deepCopy;ServoPeregrino_Organizador_Items_fnc_saveKit;ServoPeregrino_Organizador_Nexus_fnc_createResult
Items,draft,setDraftEntryQuantity,ServoPeregrino_Organizador_Items_fnc_setDraftEntryQuantity,functions/draft/fn_setDraftEntryQuantity.sqf,"[""_entryType"", ""ITEM"", [""""]], [""_className"", """", [""""]], [""_stateMode"", ""NONE"", [""""]], [""_quantity"", 1, [0]]",3102,ServoPeregrino_Organizador_Items_fnc_deepCopy;ServoPeregrino_Organizador_Items_fnc_removeDraftEntry;ServoPeregrino_Organizador_Items_fnc_validateItemEntrySemantic;ServoPeregrino_Organizador_Nexus_fnc_createResult
Items,draft,setDraftName,ServoPeregrino_Organizador_Items_fnc_setDraftName,functions/draft/fn_setDraftName.sqf,"[""_name"", """", [""""]]",1322,ServoPeregrino_Organizador_Items_fnc_deepCopy;ServoPeregrino_Organizador_Nexus_fnc_createResult
Items,draft,setDraftPreferredTarget,ServoPeregrino_Organizador_Items_fnc_setDraftPreferredTarget,functions/draft/fn_setDraftPreferredTarget.sqf,"[""_target"", ""ANY"", [""""]]",1713,ServoPeregrino_Organizador_Items_fnc_deepCopy;ServoPeregrino_Organizador_Nexus_fnc_createResult
Items,integration,validateNexus,ServoPeregrino_Organizador_Items_fnc_validateNexus,functions/integration/fn_validateNexus.sqf,"[""_minimumCapabilityVersion"", SERVO_PEREGRINO_ORGANIZADOR_ITEMS_REQUIRED_NEXUS_VERSION, [0]]",3812,ServoPeregrino_Organizador_Nexus_fnc_createResult;ServoPeregrino_Organizador_Nexus_fnc_getCapability;ServoPeregrino_Organizador_Nexus_fnc_hasCapability;ServoPeregrino_Organizador_Nexus_fnc_initialize;ServoPeregrino_Organizador_Nexus_fnc_log;ServoPeregrino_Organizador_Nexus_fnc_publishEvent;ServoPeregrino_Organizador_Nexus_fnc_registerCapability;ServoPeregrino_Organizador_Nexus_fnc_unregisterCapability
Items,inventory,analyzeContainerCargo,ServoPeregrino_Organizador_Items_fnc_analyzeContainerCargo,functions/inventory/fn_analyzeContainerCargo.sqf,"[""_itemCargo"", [[], []], [[]]], [""_magazinesAmmoCargo"", [], [[]]], [""_weaponCargo"", [[], []], [[]]], [""_backpackCargo"", [[], []], [[]]]",4762,ServoPeregrino_Organizador_Items_fnc_classifyCargoClass;ServoPeregrino_Organizador_Items_fnc_createItemEntry;ServoPeregrino_Organizador_Items_fnc_normalizeItemEntries;ServoPeregrino_Organizador_Nexus_fnc_createResult
Items,inventory,buildMutableFingerprint,ServoPeregrino_Organizador_Items_fnc_buildMutableFingerprint,functions/inventory/fn_buildMutableFingerprint.sqf,"[""_entries"", [], [[]]], [""_reservedCargo"", [], [[]]], [""_containerClass"", """", [""""]], [""_target"", """", [""""]]",1280,
Items,inventory,captureContainerContent,ServoPeregrino_Organizador_Items_fnc_captureContainerContent,functions/inventory/fn_captureContainerContent.sqf,"[""_container"", objNull, [objNull]], [""_target"", """", [""""]], [""_containerClass"", """", [""""]]",1425,ServoPeregrino_Organizador_Items_fnc_analyzeContainerCargo;ServoPeregrino_Organizador_Items_fnc_deepCopy;ServoPeregrino_Organizador_Nexus_fnc_createResult
Items,inventory,capturePlayerContainer,ServoPeregrino_Organizador_Items_fnc_capturePlayerContainer,functions/inventory/fn_capturePlayerContainer.sqf,"[""_unit"", objNull, [objNull]], [""_target"", """", [""""]]",3144,ServoPeregrino_Organizador_Items_fnc_analyzeContainerCargo;ServoPeregrino_Organizador_Items_fnc_getContainerCapacityMetrics;ServoPeregrino_Organizador_Items_fnc_getLoadoutFingerprint;ServoPeregrino_Organizador_Items_fnc_resolvePlayerContainer;ServoPeregrino_Organizador_Nexus_fnc_createResult
Items,inventory,capturePlayerContainers,ServoPeregrino_Organizador_Items_fnc_capturePlayerContainers,functions/inventory/fn_capturePlayerContainers.sqf,"[""_unit"", objNull, [objNull]], [""_target"", ""ANY"", [""""]]",4285,ServoPeregrino_Organizador_Items_fnc_capturePlayerContainer;ServoPeregrino_Organizador_Items_fnc_createCaptureDraft;ServoPeregrino_Organizador_Items_fnc_getLoadoutFingerprint;ServoPeregrino_Organizador_Items_fnc_normalizeItemEntries;ServoPeregrino_Organizador_Nexus_fnc_createResult
Items,inventory,classifyCargoClass,ServoPeregrino_Organizador_Items_fnc_classifyCargoClass,functions/inventory/fn_classifyCargoClass.sqf,"[""_className"", """", [""""]]",637,ServoPeregrino_Organizador_Items_fnc_classifyContentClass
Items,inventory,compareLoadoutFingerprints,ServoPeregrino_Organizador_Items_fnc_compareLoadoutFingerprints,functions/inventory/fn_compareLoadoutFingerprints.sqf,"[""_before"", createHashMap, [createHashMap]], [""_after"", createHashMap, [createHashMap]], [""_label"", """", [""""]]",1855,ServoPeregrino_Organizador_Items_fnc_deepCopy;ServoPeregrino_Organizador_Nexus_fnc_createResult
Items,inventory,getContainerCapacityMetrics,ServoPeregrino_Organizador_Items_fnc_getContainerCapacityMetrics,functions/inventory/fn_getContainerCapacityMetrics.sqf,"[""_container"", objNull, [objNull]], [""_target"", """", [""""]], [""_context"", createHashMap, [createHashMap]]",2236,ServoPeregrino_Organizador_Nexus_fnc_createResult
Items,inventory,getLoadoutFingerprint,ServoPeregrino_Organizador_Items_fnc_getLoadoutFingerprint,functions/inventory/fn_getLoadoutFingerprint.sqf,"[""_unit"", objNull, [objNull]]",639,ServoPeregrino_Organizador_Items_fnc_deepCopy;ServoPeregrino_Organizador_Nexus_fnc_createResult
Items,inventory,getMutableContentFingerprint,ServoPeregrino_Organizador_Items_fnc_getMutableContentFingerprint,functions/inventory/fn_getMutableContentFingerprint.sqf,"[""_container"", objNull, [objNull]], [""_target"", """", [""""]], [""_containerClass"", """", [""""]]",876,ServoPeregrino_Organizador_Items_fnc_buildMutableFingerprint;ServoPeregrino_Organizador_Items_fnc_captureContainerContent;ServoPeregrino_Organizador_Nexus_fnc_createResult
Items,inventory,resolvePlayerContainer,ServoPeregrino_Organizador_Items_fnc_resolvePlayerContainer,functions/inventory/fn_resolvePlayerContainer.sqf,"[""_unit"", objNull, [objNull]], [""_target"", """", [""""]]",2122,ServoPeregrino_Organizador_Nexus_fnc_createResult
Items,library,clientReceivePublicLibraryResult,ServoPeregrino_Organizador_Items_fnc_clientReceivePublicLibraryResult,functions/library/fn_clientReceivePublicLibraryResult.sqf,"[""_requestId"","""",[""""]],[""_success"",false,[true]],[""_code"",""UNKNOWN"",[""""]],[""_message"","""",[""""]],[""_publicId"","""",[""""]],[""_revision"",-1,[0]],[""_created"",false,[true]]",1957,ServoPeregrino_Organizador_Items_fnc_createUIState;ServoPeregrino_Organizador_Items_fnc_presentUIResult;ServoPeregrino_Organizador_Items_fnc_refreshInterface;ServoPeregrino_Organizador_Nexus_fnc_createResult
Items,library,commitPublicKitSnapshotServer,ServoPeregrino_Organizador_Items_fnc_commitPublicKitSnapshotServer,functions/library/fn_commitPublicKitSnapshotServer.sqf,"[""_kit"",[],[[]]], [""_sourceKitId"","""",[""""]], [""_authorName"","""",[""""]], [""_authorKey"","""",[""""]], [""_sourceKind"",""PLAYER"",[""""]]",3512,ServoPeregrino_Organizador_Items_fnc_deepCopy;ServoPeregrino_Organizador_Items_fnc_initializePublicLibraryAuthority;ServoPeregrino_Organizador_Items_fnc_validateItemKitSemantic;ServoPeregrino_Organizador_Nexus_fnc_createResult
Items,library,getPublicKit,ServoPeregrino_Organizador_Items_fnc_getPublicKit,functions/library/fn_getPublicKit.sqf,"[""_publicId"","""",[""""]]",1649,ServoPeregrino_Organizador_Items_fnc_deepCopy;ServoPeregrino_Organizador_Items_fnc_getPublicLibrary;ServoPeregrino_Organizador_Items_fnc_validateItemKitSemantic;ServoPeregrino_Organizador_Nexus_fnc_createResult
Items,library,getPublicLibrary,ServoPeregrino_Organizador_Items_fnc_getPublicLibrary,functions/library/fn_getPublicLibrary.sqf,,1962,ServoPeregrino_Organizador_Items_fnc_deepCopy;ServoPeregrino_Organizador_Items_fnc_initializePublicLibraryAuthority;ServoPeregrino_Organizador_Nexus_fnc_createResult
Items,library,initializePublicLibraryAuthority,ServoPeregrino_Organizador_Items_fnc_initializePublicLibraryAuthority,functions/library/fn_initializePublicLibraryAuthority.sqf,,2353,ServoPeregrino_Organizador_Nexus_fnc_createResult
Items,library,listPublicKits,ServoPeregrino_Organizador_Items_fnc_listPublicKits,functions/library/fn_listPublicKits.sqf,,1643,ServoPeregrino_Organizador_Items_fnc_getPublicLibrary;ServoPeregrino_Organizador_Items_fnc_validateItemKitSemantic;ServoPeregrino_Organizador_Nexus_fnc_createResult
Items,library,publishKitToPublic,ServoPeregrino_Organizador_Items_fnc_publishKitToPublic,functions/library/fn_publishKitToPublic.sqf,"[""_kitId"","""",[""""]],[""_unit"",objNull,[objNull]],[""_sourceKind"",""PLAYER"",[""""]],[""_authorNameOverride"","""",[""""]],[""_authorKeyOverride"","""",[""""]]",1564,ServoPeregrino_Organizador_Items_fnc_commitPublicKitSnapshotServer;ServoPeregrino_Organizador_Items_fnc_getKit;ServoPeregrino_Organizador_Items_fnc_requestPublicKitPublish
Items,library,requestPublicKitPublish,ServoPeregrino_Organizador_Items_fnc_requestPublicKitPublish,functions/library/fn_requestPublicKitPublish.sqf,"[""_kit"",[],[[]]],[""_sourceKitId"","""",[""""]]",2155,ServoPeregrino_Organizador_Items_fnc_deepCopy;ServoPeregrino_Organizador_Items_fnc_serverHandlePublicLibraryRequest;ServoPeregrino_Organizador_Items_fnc_validateItemKitSemantic;ServoPeregrino_Organizador_Nexus_fnc_createResult
Items,library,savePublicKitToPrivate,ServoPeregrino_Organizador_Items_fnc_savePublicKitToPrivate,functions/library/fn_savePublicKitToPrivate.sqf,"[""_publicId"","""",[""""]]",1685,ServoPeregrino_Organizador_Items_fnc_cloneItemKit;ServoPeregrino_Organizador_Items_fnc_getPublicKit;ServoPeregrino_Organizador_Items_fnc_saveKit;ServoPeregrino_Organizador_Items_fnc_validateItemKitSemantic;ServoPeregrino_Organizador_Nexus_fnc_createResult
Items,library,serverHandlePublicLibraryRequest,ServoPeregrino_Organizador_Items_fnc_serverHandlePublicLibraryRequest,functions/library/fn_serverHandlePublicLibraryRequest.sqf,"[""_operation"","""",[""""]],[""_requestId"","""",[""""]],[""_kit"",[],[[]]],[""_sourceKitId"","""",[""""]]",2162,ServoPeregrino_Organizador_Items_fnc_clientReceivePublicLibraryResult;ServoPeregrino_Organizador_Items_fnc_commitPublicKitSnapshotServer;ServoPeregrino_Organizador_Nexus_fnc_createResult
Items,lifecycle,getBuildInfo,ServoPeregrino_Organizador_Items_fnc_getBuildInfo,functions/lifecycle/fn_getBuildInfo.sqf,,2109,
Items,lifecycle,initialize,ServoPeregrino_Organizador_Items_fnc_initialize,functions/lifecycle/fn_initialize.sqf,,13419,ServoPeregrino_Organizador_Items_fnc_createUIState;ServoPeregrino_Organizador_Items_fnc_getBuildInfo;ServoPeregrino_Organizador_Items_fnc_getRuntimeStatus;ServoPeregrino_Organizador_Items_fnc_getUIPhysicalReadiness;ServoPeregrino_Organizador_Items_fnc_initializePublicLibraryAuthority;ServoPeregrino_Organizador_Items_fnc_loadStorage;ServoPeregrino_Organizador_Items_fnc_openInterface;ServoPeregrino_Organizador_Items_fnc_validateNexus;ServoPeregrino_Organizador_Nexus_fnc_createResult;ServoPeregrino_Organizador_Nexus_fnc_log;ServoPeregrino_Organizador_Nexus_fnc_publishEvent;ServoPeregrino_Organizador_Nexus_fnc_registerCapability;ServoPeregrino_Organizador_Nexus_fnc_unregisterCapability
Items,runtime,getRuntimeStatus,ServoPeregrino_Organizador_Items_fnc_getRuntimeStatus,functions/runtime/fn_getRuntimeStatus.sqf,,5080,ServoPeregrino_Organizador_Items_fnc_getApplicationStatus;ServoPeregrino_Organizador_Items_fnc_getBuildInfo;ServoPeregrino_Organizador_Items_fnc_getCatalogStatus;ServoPeregrino_Organizador_Items_fnc_getDraftState;ServoPeregrino_Organizador_Items_fnc_getUIState;ServoPeregrino_Organizador_Nexus_fnc_createResult
Items,storage,buildRepositoryState,ServoPeregrino_Organizador_Items_fnc_buildRepositoryState,functions/storage/fn_buildRepositoryState.sqf,"[""_storage"", [], [[]]], [""_source"", ""MEMORY"", [""""]], [""_recovered"", false, [false]]",1286,ServoPeregrino_Organizador_Items_fnc_deepCopy;ServoPeregrino_Organizador_Items_fnc_validateStorageSemantic;ServoPeregrino_Organizador_Nexus_fnc_createResult
Items,storage,cloneKit,ServoPeregrino_Organizador_Items_fnc_cloneKit,functions/storage/fn_cloneKit.sqf,"[""_sourceKitId"", """", [""""]], [""_newName"", """", [""""]]",1558,ServoPeregrino_Organizador_Items_fnc_cloneItemKit;ServoPeregrino_Organizador_Items_fnc_deepCopy;ServoPeregrino_Organizador_Items_fnc_getKit;ServoPeregrino_Organizador_Items_fnc_saveKit;ServoPeregrino_Organizador_Nexus_fnc_createResult
Items,storage,configureRepositoryTestMode,ServoPeregrino_Organizador_Items_fnc_configureRepositoryTestMode,functions/storage/fn_configureRepositoryTestMode.sqf,"[""_suffix"", """", [""""]], [""_clear"", false, [false]]",2330,ServoPeregrino_Organizador_Items_fnc_getRepositoryKeys;ServoPeregrino_Organizador_Nexus_fnc_createResult
Items,storage,deleteKit,ServoPeregrino_Organizador_Items_fnc_deleteKit,functions/storage/fn_deleteKit.sqf,"[""_kitId"", """", [""""]]",1918,ServoPeregrino_Organizador_Items_fnc_deepCopy;ServoPeregrino_Organizador_Items_fnc_isValidItemKitId;ServoPeregrino_Organizador_Items_fnc_loadStorage;ServoPeregrino_Organizador_Items_fnc_saveStorage;ServoPeregrino_Organizador_Nexus_fnc_createResult
Items,storage,getKit,ServoPeregrino_Organizador_Items_fnc_getKit,functions/storage/fn_getKit.sqf,"[""_kitId"", """", [""""]]",1471,ServoPeregrino_Organizador_Items_fnc_deepCopy;ServoPeregrino_Organizador_Items_fnc_isValidItemKitId;ServoPeregrino_Organizador_Items_fnc_loadStorage;ServoPeregrino_Organizador_Nexus_fnc_createResult
Items,storage,getRepositoryKeys,ServoPeregrino_Organizador_Items_fnc_getRepositoryKeys,functions/storage/fn_getRepositoryKeys.sqf,,1154,
Items,storage,getRepositoryStatus,ServoPeregrino_Organizador_Items_fnc_getRepositoryStatus,functions/storage/fn_getRepositoryStatus.sqf,,1140,ServoPeregrino_Organizador_Items_fnc_deepCopy;ServoPeregrino_Organizador_Nexus_fnc_createResult
Items,storage,injectTestStoragePayload,ServoPeregrino_Organizador_Items_fnc_injectTestStoragePayload,functions/storage/fn_injectTestStoragePayload.sqf,"[""_target"", ""PRIMARY"", [""""]], [""_payload"", [], [[]]]",1429,ServoPeregrino_Organizador_Items_fnc_deepCopy;ServoPeregrino_Organizador_Items_fnc_getRepositoryKeys;ServoPeregrino_Organizador_Nexus_fnc_createResult
Items,storage,listKits,ServoPeregrino_Organizador_Items_fnc_listKits,functions/storage/fn_listKits.sqf,,1376,ServoPeregrino_Organizador_Items_fnc_loadStorage;ServoPeregrino_Organizador_Nexus_fnc_createResult
Items,storage,loadStorage,ServoPeregrino_Organizador_Items_fnc_loadStorage,functions/storage/fn_loadStorage.sqf,"""_payload"", ""_source"", ""_recovered""",5082,ServoPeregrino_Organizador_Items_fnc_buildRepositoryState;ServoPeregrino_Organizador_Items_fnc_createStoragePayload;ServoPeregrino_Organizador_Items_fnc_getRepositoryKeys;ServoPeregrino_Organizador_Items_fnc_migrateStorage;ServoPeregrino_Organizador_Nexus_fnc_createResult
Items,storage,migrateStorage,ServoPeregrino_Organizador_Items_fnc_migrateStorage,functions/storage/fn_migrateStorage.sqf,"[""_storage"", [], [[]]]",2466,ServoPeregrino_Organizador_Items_fnc_deepCopy;ServoPeregrino_Organizador_Items_fnc_validateStorageSemantic;ServoPeregrino_Organizador_Nexus_fnc_createResult
Items,storage,saveKit,ServoPeregrino_Organizador_Items_fnc_saveKit,functions/storage/fn_saveKit.sqf,"[""_kit"", [], [[]]]",2420,ServoPeregrino_Organizador_Items_fnc_deepCopy;ServoPeregrino_Organizador_Items_fnc_loadStorage;ServoPeregrino_Organizador_Items_fnc_saveStorage;ServoPeregrino_Organizador_Items_fnc_validateItemKitSemantic;ServoPeregrino_Organizador_Nexus_fnc_createResult
Items,storage,saveStorage,ServoPeregrino_Organizador_Items_fnc_saveStorage,functions/storage/fn_saveStorage.sqf,"[""_storage"", [], [[]]]",3494,ServoPeregrino_Organizador_Items_fnc_buildRepositoryState;ServoPeregrino_Organizador_Items_fnc_createStoragePayload;ServoPeregrino_Organizador_Items_fnc_deepCopy;ServoPeregrino_Organizador_Items_fnc_getRepositoryKeys;ServoPeregrino_Organizador_Items_fnc_migrateStorage;ServoPeregrino_Organizador_Items_fnc_validateStorageSemantic;ServoPeregrino_Organizador_Nexus_fnc_createResult
Items,tests,captureProductionRepositorySnapshot,ServoPeregrino_Organizador_Items_fnc_captureProductionRepositorySnapshot,functions/tests/fn_captureProductionRepositorySnapshot.sqf,,899,ServoPeregrino_Organizador_Items_fnc_deepCopy
Items,tests,classifyLeakedTestKit,ServoPeregrino_Organizador_Items_fnc_classifyLeakedTestKit,functions/tests/fn_classifyLeakedTestKit.sqf,"[""_kit"",[],[[]]]",1602,
Items,tests,cleanupLeakedTestKits,ServoPeregrino_Organizador_Items_fnc_cleanupLeakedTestKits,functions/tests/fn_cleanupLeakedTestKits.sqf,"[""_confirmation"","""",[""""]]",1343,ServoPeregrino_Organizador_Items_fnc_deleteKitPreservingDraft;ServoPeregrino_Organizador_Items_fnc_findLeakedTestKits;ServoPeregrino_Organizador_Nexus_fnc_createResult
Items,tests,findLeakedTestKits,ServoPeregrino_Organizador_Items_fnc_findLeakedTestKits,functions/tests/fn_findLeakedTestKits.sqf,,1808,ServoPeregrino_Organizador_Items_fnc_classifyLeakedTestKit;ServoPeregrino_Organizador_Items_fnc_getKit;ServoPeregrino_Organizador_Items_fnc_listKits;ServoPeregrino_Organizador_Nexus_fnc_createResult
Items,tests,getDelivery0_10TestContract,ServoPeregrino_Organizador_Items_fnc_getDelivery0_10TestContract,functions/tests/fn_getDelivery0_10TestContract.sqf,,6232,
Items,tests,installTestActions,ServoPeregrino_Organizador_Items_fnc_installTestActions,functions/tests/fn_installTestActions.sqf,"[""_unit"",objNull,[objNull]]",8421,ServoPeregrino_Organizador_Items_fnc_addCatalogItemToDraft;ServoPeregrino_Organizador_Items_fnc_addEntryToDraft;ServoPeregrino_Organizador_Items_fnc_cleanupLeakedTestKits;ServoPeregrino_Organizador_Items_fnc_createItemEntry;ServoPeregrino_Organizador_Items_fnc_createNewDraft;ServoPeregrino_Organizador_Items_fnc_discardDraft;ServoPeregrino_Organizador_Items_fnc_findLeakedTestKits;ServoPeregrino_Organizador_Items_fnc_formatUIMass;ServoPeregrino_Organizador_Items_fnc_getApplicationStatus;ServoPeregrino_Organizador_Items_fnc_getDraftState;ServoPeregrino_Organizador_Items_fnc_getUIPhysicalReadiness;ServoPeregrino_Organizador_Items_fnc_getUIState;ServoPeregrino_Organizador_Items_fnc_openInterface;ServoPeregrino_Organizador_Items_fnc_runDelivery0_13CheckpointATests
Items,tests,prepareCumulativeTestRun,ServoPeregrino_Organizador_Items_fnc_prepareCumulativeTestRun,functions/tests/fn_prepareCumulativeTestRun.sqf,,479,
Items,tests,resetRuntimeForTests,ServoPeregrino_Organizador_Items_fnc_resetRuntimeForTests,functions/tests/fn_resetRuntimeForTests.sqf,,1681,ServoPeregrino_Organizador_Nexus_fnc_hasCapability;ServoPeregrino_Organizador_Nexus_fnc_unregisterCapability
Items,tests,restoreProductionRepositorySnapshot,ServoPeregrino_Organizador_Items_fnc_restoreProductionRepositorySnapshot,functions/tests/fn_restoreProductionRepositorySnapshot.sqf,"[""_snapshot"",createHashMap,[createHashMap]]",1191,ServoPeregrino_Organizador_Items_fnc_deepCopy;ServoPeregrino_Organizador_Items_fnc_loadStorage
Items,tests,runDelivery0_10CheckpointATests,ServoPeregrino_Organizador_Items_fnc_runDelivery0_10CheckpointATests,functions/tests/fn_runDelivery0_10CheckpointATests.sqf,"""_id"",""_condition"",""_detail""",7534,ServoPeregrino_Organizador_Items_fnc_getApplicationStatus;ServoPeregrino_Organizador_Items_fnc_getBuildInfo;ServoPeregrino_Organizador_Items_fnc_getDelivery0_10TestContract;ServoPeregrino_Organizador_Items_fnc_getUIState;ServoPeregrino_Organizador_Items_fnc_runDelivery0_9_3Tests
Items,tests,runDelivery0_10CheckpointBTests,ServoPeregrino_Organizador_Items_fnc_runDelivery0_10CheckpointBTests,functions/tests/fn_runDelivery0_10CheckpointBTests.sqf,"""_id"", ""_condition"", ""_detail""",29917,ServoPeregrino_Organizador_Items_fnc_acquireApplicationLock;ServoPeregrino_Organizador_Items_fnc_captureContainerContent;ServoPeregrino_Organizador_Items_fnc_chooseApplicationTarget;ServoPeregrino_Organizador_Items_fnc_configureRepositoryTestMode;ServoPeregrino_Organizador_Items_fnc_createClearApplicationPlan;ServoPeregrino_Organizador_Items_fnc_createItemEntry;ServoPeregrino_Organizador_Items_fnc_createItemKit;ServoPeregrino_Organizador_Items_fnc_createNewDraft;ServoPeregrino_Organizador_Items_fnc_createReplaceApplicationPlan;ServoPeregrino_Organizador_Items_fnc_createWholeKitApplicationPlan;ServoPeregrino_Organizador_Items_fnc_deepCopy;ServoPeregrino_Organizador_Items_fnc_executeApplicationPlan;ServoPeregrino_Organizador_Items_fnc_executeDraftApplication;ServoPeregrino_Organizador_Items_fnc_executeSavedKitApplication;ServoPeregrino_Organizador_Items_fnc_getDraftState;ServoPeregrino_Organizador_Items_fnc_getEntryUnitMass;ServoPeregrino_Organizador_Items_fnc_getKit;ServoPeregrino_Organizador_Items_fnc_getMutableContentFingerprint;ServoPeregrino_Organizador_Items_fnc_incrementDraftEntry;ServoPeregrino_Organizador_Items_fnc_loadDraftFromKit;ServoPeregrino_Organizador_Items_fnc_releaseApplicationLock;ServoPeregrino_Organizador_Items_fnc_runDelivery0_9_3Tests;ServoPeregrino_Organizador_Items_fnc_saveKit;ServoPeregrino_Organizador_Nexus_fnc_createResult
Items,tests,runDelivery0_10CheckpointCTests,ServoPeregrino_Organizador_Items_fnc_runDelivery0_10CheckpointCTests,functions/tests/fn_runDelivery0_10CheckpointCTests.sqf,"""_id"",""_condition"",""_detail""",20836,ServoPeregrino_Organizador_Items_fnc_cancelUIDrag;ServoPeregrino_Organizador_Items_fnc_captureContainerContent;ServoPeregrino_Organizador_Items_fnc_configureRepositoryTestMode;ServoPeregrino_Organizador_Items_fnc_createItemEntry;ServoPeregrino_Organizador_Items_fnc_createItemKit;ServoPeregrino_Organizador_Items_fnc_createNewDraft;ServoPeregrino_Organizador_Items_fnc_createUIDragSnapshot;ServoPeregrino_Organizador_Items_fnc_createUIPhysicalRowCommand;ServoPeregrino_Organizador_Items_fnc_deepCopy;ServoPeregrino_Organizador_Items_fnc_executeUITransferCommand;ServoPeregrino_Organizador_Items_fnc_getDraftState;ServoPeregrino_Organizador_Items_fnc_getKit;ServoPeregrino_Organizador_Items_fnc_getMutableContentFingerprint;ServoPeregrino_Organizador_Items_fnc_getUIPhysicalReadiness;ServoPeregrino_Organizador_Items_fnc_runDelivery0_10CheckpointBTests;ServoPeregrino_Organizador_Items_fnc_saveKit;ServoPeregrino_Organizador_Nexus_fnc_createResult
Items,tests,runDelivery0_10CheckpointDTests,ServoPeregrino_Organizador_Items_fnc_runDelivery0_10CheckpointDTests,functions/tests/fn_runDelivery0_10CheckpointDTests.sqf,"""_id"",""_condition"",""_detail""",26360,ServoPeregrino_Organizador_Items_fnc_captureContainerContent;ServoPeregrino_Organizador_Items_fnc_configureRepositoryTestMode;ServoPeregrino_Organizador_Items_fnc_createItemEntry;ServoPeregrino_Organizador_Items_fnc_createItemKit;ServoPeregrino_Organizador_Items_fnc_createNewDraft;ServoPeregrino_Organizador_Items_fnc_createUIState;ServoPeregrino_Organizador_Items_fnc_deepCopy;ServoPeregrino_Organizador_Items_fnc_executeUITransferCommand;ServoPeregrino_Organizador_Items_fnc_getKit;ServoPeregrino_Organizador_Items_fnc_getMutableContentFingerprint;ServoPeregrino_Organizador_Items_fnc_handleUIEvent;ServoPeregrino_Organizador_Items_fnc_openInterface;ServoPeregrino_Organizador_Items_fnc_prepareCumulativeTestRun;ServoPeregrino_Organizador_Items_fnc_refreshInterface;ServoPeregrino_Organizador_Items_fnc_refreshPhysicalMutationUI;ServoPeregrino_Organizador_Items_fnc_runDelivery0_10CheckpointCTests;ServoPeregrino_Organizador_Items_fnc_saveKit;ServoPeregrino_Organizador_Nexus_fnc_createResult
Items,tests,runDelivery0_10_0_7HotfixTests,ServoPeregrino_Organizador_Items_fnc_runDelivery0_10_0_7HotfixTests,functions/tests/fn_runDelivery0_10_0_7HotfixTests.sqf,"""_id"",""_condition"",""_detail""",28344,ServoPeregrino_Organizador_Items_fnc_captureContainerContent;ServoPeregrino_Organizador_Items_fnc_createItemEntry;ServoPeregrino_Organizador_Items_fnc_createNewDraft;ServoPeregrino_Organizador_Items_fnc_createUIState;ServoPeregrino_Organizador_Items_fnc_deepCopy;ServoPeregrino_Organizador_Items_fnc_executeUITransferCommand;ServoPeregrino_Organizador_Items_fnc_getLoadoutFingerprint;ServoPeregrino_Organizador_Items_fnc_getMutableContentFingerprint;ServoPeregrino_Organizador_Items_fnc_handleUIEvent;ServoPeregrino_Organizador_Items_fnc_mutateContainerEntry;ServoPeregrino_Organizador_Items_fnc_openInterface;ServoPeregrino_Organizador_Items_fnc_prepareCumulativeTestRun;ServoPeregrino_Organizador_Items_fnc_refreshPhysicalTargetUI;ServoPeregrino_Organizador_Items_fnc_runDelivery0_10CheckpointDTests;ServoPeregrino_Organizador_Nexus_fnc_createResult
Items,tests,runDelivery0_11CheckpointATests,ServoPeregrino_Organizador_Items_fnc_runDelivery0_11CheckpointATests,functions/tests/fn_runDelivery0_11CheckpointATests.sqf,"""_id"",""_condition"",""_detail""",21731,ServoPeregrino_Organizador_Items_fnc_captureContainerContent;ServoPeregrino_Organizador_Items_fnc_clearDraftEntries;ServoPeregrino_Organizador_Items_fnc_createItemEntry;ServoPeregrino_Organizador_Items_fnc_createNewDraft;ServoPeregrino_Organizador_Items_fnc_createUIState;ServoPeregrino_Organizador_Items_fnc_deepCopy;ServoPeregrino_Organizador_Items_fnc_executeEquipmentClear;ServoPeregrino_Organizador_Items_fnc_getDraftState;ServoPeregrino_Organizador_Items_fnc_getMutableContentFingerprint;ServoPeregrino_Organizador_Items_fnc_getUIFeedbackPalette;ServoPeregrino_Organizador_Items_fnc_openInterface;ServoPeregrino_Organizador_Items_fnc_prepareCumulativeTestRun;ServoPeregrino_Organizador_Items_fnc_pushUIFeedback;ServoPeregrino_Organizador_Items_fnc_runDelivery0_10_0_7HotfixTests;ServoPeregrino_Organizador_Nexus_fnc_createResult
Items,tests,runDelivery0_11CheckpointB1Tests,ServoPeregrino_Organizador_Items_fnc_runDelivery0_11CheckpointB1Tests,functions/tests/fn_runDelivery0_11CheckpointB1Tests.sqf,"""_id"",""_condition"",""_detail""",12346,ServoPeregrino_Organizador_Items_fnc_addEntryToDraft;ServoPeregrino_Organizador_Items_fnc_createItemEntry;ServoPeregrino_Organizador_Items_fnc_createNewDraft;ServoPeregrino_Organizador_Items_fnc_createUIState;ServoPeregrino_Organizador_Items_fnc_deepCopy;ServoPeregrino_Organizador_Items_fnc_getUIMovementSoundProfile;ServoPeregrino_Organizador_Items_fnc_handleDraftRowAction;ServoPeregrino_Organizador_Items_fnc_handleUIEvent;ServoPeregrino_Organizador_Items_fnc_playUIMovementSound;ServoPeregrino_Organizador_Items_fnc_prepareCumulativeTestRun;ServoPeregrino_Organizador_Items_fnc_presentLogicalMutationResult;ServoPeregrino_Organizador_Items_fnc_presentUIResult;ServoPeregrino_Organizador_Items_fnc_runDelivery0_11CheckpointBTests;ServoPeregrino_Organizador_Items_fnc_scanVanillaInventorySounds;ServoPeregrino_Organizador_Nexus_fnc_createResult
Items,tests,runDelivery0_11CheckpointB2Tests,ServoPeregrino_Organizador_Items_fnc_runDelivery0_11CheckpointB2Tests,functions/tests/fn_runDelivery0_11CheckpointB2Tests.sqf,"""_id"",""_condition"",""_detail""",11817,ServoPeregrino_Organizador_Items_fnc_addEntryToDraft;ServoPeregrino_Organizador_Items_fnc_createItemEntry;ServoPeregrino_Organizador_Items_fnc_createNewDraft;ServoPeregrino_Organizador_Items_fnc_createUIState;ServoPeregrino_Organizador_Items_fnc_deepCopy;ServoPeregrino_Organizador_Items_fnc_getUIMovementSoundProfile;ServoPeregrino_Organizador_Items_fnc_handleDraftRowAction;ServoPeregrino_Organizador_Items_fnc_handleUIEvent;ServoPeregrino_Organizador_Items_fnc_playUIMovementSound;ServoPeregrino_Organizador_Items_fnc_prepareCumulativeTestRun;ServoPeregrino_Organizador_Items_fnc_presentLogicalMutationResult;ServoPeregrino_Organizador_Items_fnc_runDelivery0_11CheckpointBTests;ServoPeregrino_Organizador_Nexus_fnc_createResult
Items,tests,runDelivery0_11CheckpointB3Tests,ServoPeregrino_Organizador_Items_fnc_runDelivery0_11CheckpointB3Tests,functions/tests/fn_runDelivery0_11CheckpointB3Tests.sqf,"""_id"",""_condition"",""_detail""",15365,ServoPeregrino_Organizador_Items_fnc_addEntryToDraft;ServoPeregrino_Organizador_Items_fnc_captureProductionRepositorySnapshot;ServoPeregrino_Organizador_Items_fnc_classifyLeakedTestKit;ServoPeregrino_Organizador_Items_fnc_createItemEntry;ServoPeregrino_Organizador_Items_fnc_createItemKit;ServoPeregrino_Organizador_Items_fnc_createNewDraft;ServoPeregrino_Organizador_Items_fnc_createUIState;ServoPeregrino_Organizador_Items_fnc_deepCopy;ServoPeregrino_Organizador_Items_fnc_findLeakedTestKits;ServoPeregrino_Organizador_Items_fnc_getUIMovementSoundProfile;ServoPeregrino_Organizador_Items_fnc_handleDraftRowAction;ServoPeregrino_Organizador_Items_fnc_handleUIEvent;ServoPeregrino_Organizador_Items_fnc_playUIMovementSound;ServoPeregrino_Organizador_Items_fnc_prepareCumulativeTestRun;ServoPeregrino_Organizador_Items_fnc_presentLogicalMutationResult;ServoPeregrino_Organizador_Items_fnc_restoreProductionRepositorySnapshot;ServoPeregrino_Organizador_Items_fnc_runDelivery0_11CheckpointBTests;ServoPeregrino_Organizador_Nexus_fnc_createResult
Items,tests,runDelivery0_11CheckpointB4Tests,ServoPeregrino_Organizador_Items_fnc_runDelivery0_11CheckpointB4Tests,functions/tests/fn_runDelivery0_11CheckpointB4Tests.sqf,"""_id"",""_condition"",""_detail""",14240,ServoPeregrino_Organizador_Items_fnc_captureProductionRepositorySnapshot;ServoPeregrino_Organizador_Items_fnc_classifyLeakedTestKit;ServoPeregrino_Organizador_Items_fnc_cleanupLeakedTestKits;ServoPeregrino_Organizador_Items_fnc_createItemEntry;ServoPeregrino_Organizador_Items_fnc_createItemKit;ServoPeregrino_Organizador_Items_fnc_createUIState;ServoPeregrino_Organizador_Items_fnc_deepCopy;ServoPeregrino_Organizador_Items_fnc_findLeakedTestKits;ServoPeregrino_Organizador_Items_fnc_playUIFeedbackSound;ServoPeregrino_Organizador_Items_fnc_playUIMovementSound;ServoPeregrino_Organizador_Items_fnc_prepareCumulativeTestRun;ServoPeregrino_Organizador_Items_fnc_restoreProductionRepositorySnapshot;ServoPeregrino_Organizador_Items_fnc_runDelivery0_11CheckpointBTests;ServoPeregrino_Organizador_Nexus_fnc_createResult
Items,tests,runDelivery0_11CheckpointB5Tests,ServoPeregrino_Organizador_Items_fnc_runDelivery0_11CheckpointB5Tests,functions/tests/fn_runDelivery0_11CheckpointB5Tests.sqf,"""_id"",""_condition"",""_detail""",21288,ServoPeregrino_Organizador_Items_fnc_addCatalogItemToDraft;ServoPeregrino_Organizador_Items_fnc_captureProductionRepositorySnapshot;ServoPeregrino_Organizador_Items_fnc_classifyLeakedTestKit;ServoPeregrino_Organizador_Items_fnc_createItemEntry;ServoPeregrino_Organizador_Items_fnc_createItemKit;ServoPeregrino_Organizador_Items_fnc_createNewDraft;ServoPeregrino_Organizador_Items_fnc_createUIState;ServoPeregrino_Organizador_Items_fnc_deepCopy;ServoPeregrino_Organizador_Items_fnc_findLeakedTestKits;ServoPeregrino_Organizador_Items_fnc_getUIMovementSoundProfile;ServoPeregrino_Organizador_Items_fnc_playUIMovementSound;ServoPeregrino_Organizador_Items_fnc_prepareCumulativeTestRun;ServoPeregrino_Organizador_Items_fnc_presentLogicalMutationResult;ServoPeregrino_Organizador_Items_fnc_refreshDraftMutationUI;ServoPeregrino_Organizador_Items_fnc_restoreProductionRepositorySnapshot;ServoPeregrino_Organizador_Items_fnc_runDelivery0_11CheckpointBTests;ServoPeregrino_Organizador_Nexus_fnc_createResult
Items,tests,runDelivery0_11CheckpointB61Tests,ServoPeregrino_Organizador_Items_fnc_runDelivery0_11CheckpointB61Tests,functions/tests/fn_runDelivery0_11CheckpointB61Tests.sqf,"""_id"",""_condition"",""_detail""",17548,ServoPeregrino_Organizador_Items_fnc_captureProductionRepositorySnapshot;ServoPeregrino_Organizador_Items_fnc_createUIState;ServoPeregrino_Organizador_Items_fnc_deepCopy;ServoPeregrino_Organizador_Items_fnc_getCatalog;ServoPeregrino_Organizador_Items_fnc_getCatalogStatus;ServoPeregrino_Organizador_Items_fnc_getUICatalogWindow;ServoPeregrino_Organizador_Items_fnc_handleUIEvent;ServoPeregrino_Organizador_Items_fnc_prepareCumulativeTestRun;ServoPeregrino_Organizador_Items_fnc_refreshCatalogWindowUI;ServoPeregrino_Organizador_Items_fnc_refreshEquipmentViewUI;ServoPeregrino_Organizador_Items_fnc_restoreProductionRepositorySnapshot;ServoPeregrino_Organizador_Items_fnc_runDelivery0_11CheckpointB5Tests;ServoPeregrino_Organizador_Nexus_fnc_createResult
Items,tests,runDelivery0_11CheckpointB6Tests,ServoPeregrino_Organizador_Items_fnc_runDelivery0_11CheckpointB6Tests,functions/tests/fn_runDelivery0_11CheckpointB6Tests.sqf,"""_id"",""_condition"",""_detail""",15136,ServoPeregrino_Organizador_Items_fnc_captureProductionRepositorySnapshot;ServoPeregrino_Organizador_Items_fnc_createUIState;ServoPeregrino_Organizador_Items_fnc_deepCopy;ServoPeregrino_Organizador_Items_fnc_getUICatalogWindow;ServoPeregrino_Organizador_Items_fnc_handleUIEvent;ServoPeregrino_Organizador_Items_fnc_prepareCumulativeTestRun;ServoPeregrino_Organizador_Items_fnc_refreshCatalogWindowUI;ServoPeregrino_Organizador_Items_fnc_refreshEquipmentViewUI;ServoPeregrino_Organizador_Items_fnc_restoreProductionRepositorySnapshot;ServoPeregrino_Organizador_Items_fnc_runDelivery0_11CheckpointB5Tests;ServoPeregrino_Organizador_Nexus_fnc_createResult
Items,tests,runDelivery0_11CheckpointB7Tests,ServoPeregrino_Organizador_Items_fnc_runDelivery0_11CheckpointB7Tests,functions/tests/fn_runDelivery0_11CheckpointB7Tests.sqf,"""_id"",""_condition"",""_detail""",16109,ServoPeregrino_Organizador_Items_fnc_captureProductionRepositorySnapshot;ServoPeregrino_Organizador_Items_fnc_configureRepositoryTestMode;ServoPeregrino_Organizador_Items_fnc_createItemEntry;ServoPeregrino_Organizador_Items_fnc_createItemKit;ServoPeregrino_Organizador_Items_fnc_createUIState;ServoPeregrino_Organizador_Items_fnc_getDraftState;ServoPeregrino_Organizador_Items_fnc_getLoadoutFingerprint;ServoPeregrino_Organizador_Items_fnc_loadDraftFromKit;ServoPeregrino_Organizador_Items_fnc_prepareCumulativeTestRun;ServoPeregrino_Organizador_Items_fnc_requestDraftTransition;ServoPeregrino_Organizador_Items_fnc_restoreProductionRepositorySnapshot;ServoPeregrino_Organizador_Items_fnc_runDelivery0_11CheckpointB61Tests;ServoPeregrino_Organizador_Items_fnc_saveKit;ServoPeregrino_Organizador_Nexus_fnc_createResult
Items,tests,runDelivery0_11CheckpointBTests,ServoPeregrino_Organizador_Items_fnc_runDelivery0_11CheckpointBTests,functions/tests/fn_runDelivery0_11CheckpointBTests.sqf,"""_id"",""_condition"",""_detail""",15178,ServoPeregrino_Organizador_Items_fnc_classifyUIOutcome;ServoPeregrino_Organizador_Items_fnc_createUIState;ServoPeregrino_Organizador_Items_fnc_deepCopy;ServoPeregrino_Organizador_Items_fnc_handleUIEvent;ServoPeregrino_Organizador_Items_fnc_playUIFeedbackSound;ServoPeregrino_Organizador_Items_fnc_prepareCumulativeTestRun;ServoPeregrino_Organizador_Items_fnc_presentUIResult;ServoPeregrino_Organizador_Items_fnc_runDelivery0_11CheckpointATests;ServoPeregrino_Organizador_Nexus_fnc_createResult
Items,tests,runDelivery0_11CheckpointCTests,ServoPeregrino_Organizador_Items_fnc_runDelivery0_11CheckpointCTests,functions/tests/fn_runDelivery0_11CheckpointCTests.sqf,"""_id"",""_condition"",""_detail""",15171,ServoPeregrino_Organizador_Items_fnc_addCatalogItemToDraft;ServoPeregrino_Organizador_Items_fnc_addEntryToDraft;ServoPeregrino_Organizador_Items_fnc_buildUIViewModel;ServoPeregrino_Organizador_Items_fnc_captureProductionRepositorySnapshot;ServoPeregrino_Organizador_Items_fnc_configureRepositoryTestMode;ServoPeregrino_Organizador_Items_fnc_createItemEntry;ServoPeregrino_Organizador_Items_fnc_createNewDraft;ServoPeregrino_Organizador_Items_fnc_createUIState;ServoPeregrino_Organizador_Items_fnc_getCatalogStatus;ServoPeregrino_Organizador_Items_fnc_getContainerCapacityMetrics;ServoPeregrino_Organizador_Items_fnc_getLoadoutFingerprint;ServoPeregrino_Organizador_Items_fnc_getUIEntryAwareness;ServoPeregrino_Organizador_Items_fnc_getUIPhysicalReadiness;ServoPeregrino_Organizador_Items_fnc_prepareCumulativeTestRun;ServoPeregrino_Organizador_Items_fnc_refreshDraftMutationUI;ServoPeregrino_Organizador_Items_fnc_resolveUIItemMetadata;ServoPeregrino_Organizador_Items_fnc_restoreProductionRepositorySnapshot;ServoPeregrino_Organizador_Items_fnc_runDelivery0_11CheckpointB7Tests;ServoPeregrino_Organizador_Nexus_fnc_createResult
Items,tests,runDelivery0_11CheckpointDTests,ServoPeregrino_Organizador_Items_fnc_runDelivery0_11CheckpointDTests,functions/tests/fn_runDelivery0_11CheckpointDTests.sqf,"""_id"",""_condition"",""_detail""",15587,ServoPeregrino_Organizador_Items_fnc_captureProductionRepositorySnapshot;ServoPeregrino_Organizador_Items_fnc_compareLoadoutFingerprints;ServoPeregrino_Organizador_Items_fnc_createItemEntry;ServoPeregrino_Organizador_Items_fnc_createUIPhysicalRowCommand;ServoPeregrino_Organizador_Items_fnc_getLoadoutFingerprint;ServoPeregrino_Organizador_Items_fnc_handleUIEvent;ServoPeregrino_Organizador_Items_fnc_prepareCumulativeTestRun;ServoPeregrino_Organizador_Items_fnc_restoreProductionRepositorySnapshot;ServoPeregrino_Organizador_Items_fnc_runDelivery0_11CheckpointCTests;ServoPeregrino_Organizador_Nexus_fnc_createResult
Items,tests,runDelivery0_12CheckpointATests,ServoPeregrino_Organizador_Items_fnc_runDelivery0_12CheckpointATests,functions/tests/fn_runDelivery0_12CheckpointATests.sqf,"""_id"",""_condition"",""_detail""",11387,ServoPeregrino_Organizador_Items_fnc_captureProductionRepositorySnapshot;ServoPeregrino_Organizador_Items_fnc_createItemEntry;ServoPeregrino_Organizador_Items_fnc_createItemKit;ServoPeregrino_Organizador_Items_fnc_getLoadoutFingerprint;ServoPeregrino_Organizador_Items_fnc_getUIItemKitAwareness;ServoPeregrino_Organizador_Items_fnc_prepareCumulativeTestRun;ServoPeregrino_Organizador_Items_fnc_restoreProductionRepositorySnapshot;ServoPeregrino_Organizador_Items_fnc_runDelivery0_11CheckpointDTests;ServoPeregrino_Organizador_Nexus_fnc_createResult
Items,tests,runDelivery0_12CheckpointBTests,ServoPeregrino_Organizador_Items_fnc_runDelivery0_12CheckpointBTests,functions/tests/fn_runDelivery0_12CheckpointBTests.sqf,"""_id"",""_condition"",""_detail""",9484,ServoPeregrino_Organizador_Items_fnc_captureProductionRepositorySnapshot;ServoPeregrino_Organizador_Items_fnc_getLoadoutFingerprint;ServoPeregrino_Organizador_Items_fnc_handleUIEvent;ServoPeregrino_Organizador_Items_fnc_prepareCumulativeTestRun;ServoPeregrino_Organizador_Items_fnc_restoreProductionRepositorySnapshot;ServoPeregrino_Organizador_Items_fnc_runDelivery0_12CheckpointATests;ServoPeregrino_Organizador_Nexus_fnc_createResult
Items,tests,runDelivery0_12CheckpointC2Tests,ServoPeregrino_Organizador_Items_fnc_runDelivery0_12CheckpointC2Tests,functions/tests/fn_runDelivery0_12CheckpointC2Tests.sqf,"""_id"",""_condition"",""_detail""",9729,ServoPeregrino_Organizador_Items_fnc_captureProductionRepositorySnapshot;ServoPeregrino_Organizador_Items_fnc_getLoadoutFingerprint;ServoPeregrino_Organizador_Items_fnc_handleUIEvent;ServoPeregrino_Organizador_Items_fnc_prepareCumulativeTestRun;ServoPeregrino_Organizador_Items_fnc_refreshCatalogWindowUI;ServoPeregrino_Organizador_Items_fnc_restoreProductionRepositorySnapshot;ServoPeregrino_Organizador_Items_fnc_runDelivery0_12CheckpointCTests;ServoPeregrino_Organizador_Nexus_fnc_createResult
Items,tests,runDelivery0_12CheckpointC3Tests,ServoPeregrino_Organizador_Items_fnc_runDelivery0_12CheckpointC3Tests,functions/tests/fn_runDelivery0_12CheckpointC3Tests.sqf,"""_id"",""_condition"",""_detail""",11167,ServoPeregrino_Organizador_Items_fnc_captureProductionRepositorySnapshot;ServoPeregrino_Organizador_Items_fnc_getLoadoutFingerprint;ServoPeregrino_Organizador_Items_fnc_handleUIEvent;ServoPeregrino_Organizador_Items_fnc_prepareCumulativeTestRun;ServoPeregrino_Organizador_Items_fnc_refreshCatalogWindowUI;ServoPeregrino_Organizador_Items_fnc_restoreProductionRepositorySnapshot;ServoPeregrino_Organizador_Items_fnc_runDelivery0_12CheckpointC2Tests;ServoPeregrino_Organizador_Nexus_fnc_createResult
Items,tests,runDelivery0_12CheckpointC4Tests,ServoPeregrino_Organizador_Items_fnc_runDelivery0_12CheckpointC4Tests,functions/tests/fn_runDelivery0_12CheckpointC4Tests.sqf,"""_id"",""_condition"",""_detail""",10916,ServoPeregrino_Organizador_Items_fnc_captureProductionRepositorySnapshot;ServoPeregrino_Organizador_Items_fnc_getLoadoutFingerprint;ServoPeregrino_Organizador_Items_fnc_handleUIEvent;ServoPeregrino_Organizador_Items_fnc_prepareCumulativeTestRun;ServoPeregrino_Organizador_Items_fnc_refreshCatalogWindowUI;ServoPeregrino_Organizador_Items_fnc_restoreProductionRepositorySnapshot;ServoPeregrino_Organizador_Items_fnc_runDelivery0_12CheckpointC3Tests;ServoPeregrino_Organizador_Nexus_fnc_createResult
Items,tests,runDelivery0_12CheckpointC5Tests,ServoPeregrino_Organizador_Items_fnc_runDelivery0_12CheckpointC5Tests,functions/tests/fn_runDelivery0_12CheckpointC5Tests.sqf,"""_id"",""_condition"",""_detail""",9611,ServoPeregrino_Organizador_Items_fnc_captureProductionRepositorySnapshot;ServoPeregrino_Organizador_Items_fnc_getLoadoutFingerprint;ServoPeregrino_Organizador_Items_fnc_prepareCumulativeTestRun;ServoPeregrino_Organizador_Items_fnc_restoreProductionRepositorySnapshot;ServoPeregrino_Organizador_Items_fnc_runDelivery0_12CheckpointC4Tests;ServoPeregrino_Organizador_Nexus_fnc_createResult
Items,tests,runDelivery0_12CheckpointC6Tests,ServoPeregrino_Organizador_Items_fnc_runDelivery0_12CheckpointC6Tests,functions/tests/fn_runDelivery0_12CheckpointC6Tests.sqf,"""_id"",""_condition"",""_detail""",19226,ServoPeregrino_Organizador_Items_fnc_addCatalogItemToDraft;ServoPeregrino_Organizador_Items_fnc_captureProductionRepositorySnapshot;ServoPeregrino_Organizador_Items_fnc_createNewDraft;ServoPeregrino_Organizador_Items_fnc_createUIDragSnapshot;ServoPeregrino_Organizador_Items_fnc_deepCopy;ServoPeregrino_Organizador_Items_fnc_finalizeUIPointerDrop;ServoPeregrino_Organizador_Items_fnc_getDraftState;ServoPeregrino_Organizador_Items_fnc_getLoadoutFingerprint;ServoPeregrino_Organizador_Items_fnc_prepareCumulativeTestRun;ServoPeregrino_Organizador_Items_fnc_resolveUIPanelDropTarget;ServoPeregrino_Organizador_Items_fnc_resolveUIPointerSource;ServoPeregrino_Organizador_Items_fnc_restoreProductionRepositorySnapshot;ServoPeregrino_Organizador_Items_fnc_runDelivery0_12CheckpointC5Tests;ServoPeregrino_Organizador_Nexus_fnc_createResult
Items,tests,runDelivery0_12CheckpointC7Tests,ServoPeregrino_Organizador_Items_fnc_runDelivery0_12CheckpointC7Tests,functions/tests/fn_runDelivery0_12CheckpointC7Tests.sqf,"""_id"",""_condition"",""_detail""",16399,ServoPeregrino_Organizador_Items_fnc_addCatalogItemToDraft;ServoPeregrino_Organizador_Items_fnc_cancelUIDrag;ServoPeregrino_Organizador_Items_fnc_captureProductionRepositorySnapshot;ServoPeregrino_Organizador_Items_fnc_createNewDraft;ServoPeregrino_Organizador_Items_fnc_deepCopy;ServoPeregrino_Organizador_Items_fnc_getDraftState;ServoPeregrino_Organizador_Items_fnc_getLoadoutFingerprint;ServoPeregrino_Organizador_Items_fnc_prepareCumulativeTestRun;ServoPeregrino_Organizador_Items_fnc_resolveUIPanelDropTarget;ServoPeregrino_Organizador_Items_fnc_resolveUIPointerSource;ServoPeregrino_Organizador_Items_fnc_restoreProductionRepositorySnapshot;ServoPeregrino_Organizador_Items_fnc_runDelivery0_12CheckpointC6Tests;ServoPeregrino_Organizador_Nexus_fnc_createResult
Items,tests,runDelivery0_12CheckpointC81Tests,ServoPeregrino_Organizador_Items_fnc_runDelivery0_12CheckpointC81Tests,functions/tests/fn_runDelivery0_12CheckpointC81Tests.sqf,"""_id"",""_condition"",""_detail""",12665,ServoPeregrino_Organizador_Items_fnc_cancelUIDrag;ServoPeregrino_Organizador_Items_fnc_captureProductionRepositorySnapshot;ServoPeregrino_Organizador_Items_fnc_deepCopy;ServoPeregrino_Organizador_Items_fnc_getLoadoutFingerprint;ServoPeregrino_Organizador_Items_fnc_handleUIDragEvent;ServoPeregrino_Organizador_Items_fnc_prepareCumulativeTestRun;ServoPeregrino_Organizador_Items_fnc_resolveUIPointerSource;ServoPeregrino_Organizador_Items_fnc_restoreProductionRepositorySnapshot;ServoPeregrino_Organizador_Items_fnc_runDelivery0_12CheckpointC8Tests;ServoPeregrino_Organizador_Nexus_fnc_createResult
Items,tests,runDelivery0_12CheckpointC8Tests,ServoPeregrino_Organizador_Items_fnc_runDelivery0_12CheckpointC8Tests,functions/tests/fn_runDelivery0_12CheckpointC8Tests.sqf,"""_id"",""_condition"",""_detail""",13033,ServoPeregrino_Organizador_Items_fnc_cancelUIDrag;ServoPeregrino_Organizador_Items_fnc_captureProductionRepositorySnapshot;ServoPeregrino_Organizador_Items_fnc_createUIDragSnapshot;ServoPeregrino_Organizador_Items_fnc_deepCopy;ServoPeregrino_Organizador_Items_fnc_getLoadoutFingerprint;ServoPeregrino_Organizador_Items_fnc_prepareCumulativeTestRun;ServoPeregrino_Organizador_Items_fnc_resolveUIPointerSource;ServoPeregrino_Organizador_Items_fnc_restoreProductionRepositorySnapshot;ServoPeregrino_Organizador_Items_fnc_runDelivery0_12CheckpointC7Tests;ServoPeregrino_Organizador_Items_fnc_updateUIDragVisualProxy;ServoPeregrino_Organizador_Nexus_fnc_createResult
Items,tests,runDelivery0_12CheckpointCTests,ServoPeregrino_Organizador_Items_fnc_runDelivery0_12CheckpointCTests,functions/tests/fn_runDelivery0_12CheckpointCTests.sqf,"""_id"",""_condition"",""_detail""",11694,ServoPeregrino_Organizador_Items_fnc_captureProductionRepositorySnapshot;ServoPeregrino_Organizador_Items_fnc_getLoadoutFingerprint;ServoPeregrino_Organizador_Items_fnc_handleUIEvent;ServoPeregrino_Organizador_Items_fnc_prepareCumulativeTestRun;ServoPeregrino_Organizador_Items_fnc_refreshCatalogWindowUI;ServoPeregrino_Organizador_Items_fnc_restoreProductionRepositorySnapshot;ServoPeregrino_Organizador_Items_fnc_runDelivery0_12CheckpointBTests;ServoPeregrino_Organizador_Nexus_fnc_createResult
Items,tests,runDelivery0_12CheckpointD1Tests,ServoPeregrino_Organizador_Items_fnc_runDelivery0_12CheckpointD1Tests,functions/tests/fn_runDelivery0_12CheckpointD1Tests.sqf,"""_id"",""_condition"",""_detail""",13816,ServoPeregrino_Organizador_Items_fnc_captureProductionRepositorySnapshot;ServoPeregrino_Organizador_Items_fnc_compareLoadoutFingerprints;ServoPeregrino_Organizador_Items_fnc_deepCopy;ServoPeregrino_Organizador_Items_fnc_getLoadoutFingerprint;ServoPeregrino_Organizador_Items_fnc_getUITargetLabel;ServoPeregrino_Organizador_Items_fnc_prepareCumulativeTestRun;ServoPeregrino_Organizador_Items_fnc_refreshHeaderStatusUI;ServoPeregrino_Organizador_Items_fnc_refreshHeaderUI;ServoPeregrino_Organizador_Items_fnc_restoreProductionRepositorySnapshot;ServoPeregrino_Organizador_Items_fnc_runDelivery0_12CheckpointC81Tests;ServoPeregrino_Organizador_Nexus_fnc_createResult
Items,tests,runDelivery0_12CheckpointD2Tests,ServoPeregrino_Organizador_Items_fnc_runDelivery0_12CheckpointD2Tests,functions/tests/fn_runDelivery0_12CheckpointD2Tests.sqf,"""_id"",""_condition"",""_detail""",14420,ServoPeregrino_Organizador_Items_fnc_buildUIViewModel;ServoPeregrino_Organizador_Items_fnc_captureProductionRepositorySnapshot;ServoPeregrino_Organizador_Items_fnc_classifyUIOutcome;ServoPeregrino_Organizador_Items_fnc_compareLoadoutFingerprints;ServoPeregrino_Organizador_Items_fnc_deepCopy;ServoPeregrino_Organizador_Items_fnc_getLoadoutFingerprint;ServoPeregrino_Organizador_Items_fnc_prepareCumulativeTestRun;ServoPeregrino_Organizador_Items_fnc_refreshHeaderStatusUI;ServoPeregrino_Organizador_Items_fnc_refreshHeaderUI;ServoPeregrino_Organizador_Items_fnc_restoreProductionRepositorySnapshot;ServoPeregrino_Organizador_Items_fnc_runDelivery0_12CheckpointD1Tests;ServoPeregrino_Organizador_Nexus_fnc_createResult
Items,tests,runDelivery0_12CheckpointD3Tests,ServoPeregrino_Organizador_Items_fnc_runDelivery0_12CheckpointD3Tests,functions/tests/fn_runDelivery0_12CheckpointD3Tests.sqf,"""_id"",""_condition"",""_detail""",14317,ServoPeregrino_Organizador_Items_fnc_captureProductionRepositorySnapshot;ServoPeregrino_Organizador_Items_fnc_compareLoadoutFingerprints;ServoPeregrino_Organizador_Items_fnc_deepCopy;ServoPeregrino_Organizador_Items_fnc_getLoadoutFingerprint;ServoPeregrino_Organizador_Items_fnc_prepareCumulativeTestRun;ServoPeregrino_Organizador_Items_fnc_restoreProductionRepositorySnapshot;ServoPeregrino_Organizador_Items_fnc_runDelivery0_12CheckpointD2Tests;ServoPeregrino_Organizador_Items_fnc_runDelivery0_12CheckpointD3Tests;ServoPeregrino_Organizador_Items_fnc_updateUIItemTooltip;ServoPeregrino_Organizador_Nexus_fnc_createResult
Items,tests,runDelivery0_12CheckpointD4Tests,ServoPeregrino_Organizador_Items_fnc_runDelivery0_12CheckpointD4Tests,functions/tests/fn_runDelivery0_12CheckpointD4Tests.sqf,"""_id"",""_condition"",""_detail""",10749,ServoPeregrino_Organizador_Items_fnc_captureProductionRepositorySnapshot;ServoPeregrino_Organizador_Items_fnc_compareLoadoutFingerprints;ServoPeregrino_Organizador_Items_fnc_deepCopy;ServoPeregrino_Organizador_Items_fnc_getLoadoutFingerprint;ServoPeregrino_Organizador_Items_fnc_prepareCumulativeTestRun;ServoPeregrino_Organizador_Items_fnc_restoreProductionRepositorySnapshot;ServoPeregrino_Organizador_Items_fnc_runDelivery0_12CheckpointD3Tests;ServoPeregrino_Organizador_Items_fnc_updateUIItemTooltip;ServoPeregrino_Organizador_Nexus_fnc_createResult
Items,tests,runDelivery0_12CheckpointD5Tests,ServoPeregrino_Organizador_Items_fnc_runDelivery0_12CheckpointD5Tests,functions/tests/fn_runDelivery0_12CheckpointD5Tests.sqf,"""_id"",""_condition"",""_detail""",12217,ServoPeregrino_Organizador_Items_fnc_captureProductionRepositorySnapshot;ServoPeregrino_Organizador_Items_fnc_compareLoadoutFingerprints;ServoPeregrino_Organizador_Items_fnc_deepCopy;ServoPeregrino_Organizador_Items_fnc_getLoadoutFingerprint;ServoPeregrino_Organizador_Items_fnc_prepareCumulativeTestRun;ServoPeregrino_Organizador_Items_fnc_restoreProductionRepositorySnapshot;ServoPeregrino_Organizador_Items_fnc_runDelivery0_12CheckpointD4Tests;ServoPeregrino_Organizador_Items_fnc_updateUIItemTooltip;ServoPeregrino_Organizador_Nexus_fnc_createResult
Items,tests,runDelivery0_12CheckpointD61Tests,ServoPeregrino_Organizador_Items_fnc_runDelivery0_12CheckpointD61Tests,functions/tests/fn_runDelivery0_12CheckpointD61Tests.sqf,"""_id"",""_condition"",""_detail""",10114,ServoPeregrino_Organizador_Items_fnc_captureProductionRepositorySnapshot;ServoPeregrino_Organizador_Items_fnc_compareLoadoutFingerprints;ServoPeregrino_Organizador_Items_fnc_deepCopy;ServoPeregrino_Organizador_Items_fnc_getLoadoutFingerprint;ServoPeregrino_Organizador_Items_fnc_prepareCumulativeTestRun;ServoPeregrino_Organizador_Items_fnc_restoreProductionRepositorySnapshot;ServoPeregrino_Organizador_Items_fnc_runDelivery0_12CheckpointD6Tests;ServoPeregrino_Organizador_Items_fnc_updateUIItemTooltip;ServoPeregrino_Organizador_Nexus_fnc_createResult
Items,tests,runDelivery0_12CheckpointD62Tests,ServoPeregrino_Organizador_Items_fnc_runDelivery0_12CheckpointD62Tests,functions/tests/fn_runDelivery0_12CheckpointD62Tests.sqf,"""_id"",""_condition"",""_detail""",14041,ServoPeregrino_Organizador_Items_fnc_captureProductionRepositorySnapshot;ServoPeregrino_Organizador_Items_fnc_compareLoadoutFingerprints;ServoPeregrino_Organizador_Items_fnc_deepCopy;ServoPeregrino_Organizador_Items_fnc_getLoadoutFingerprint;ServoPeregrino_Organizador_Items_fnc_prepareCumulativeTestRun;ServoPeregrino_Organizador_Items_fnc_refreshHeaderUI;ServoPeregrino_Organizador_Items_fnc_restoreProductionRepositorySnapshot;ServoPeregrino_Organizador_Items_fnc_runDelivery0_12CheckpointD61Tests;ServoPeregrino_Organizador_Items_fnc_updateUIItemTooltip;ServoPeregrino_Organizador_Nexus_fnc_createResult
Items,tests,runDelivery0_12CheckpointD63Tests,ServoPeregrino_Organizador_Items_fnc_runDelivery0_12CheckpointD63Tests,functions/tests/fn_runDelivery0_12CheckpointD63Tests.sqf,"""_id"",""_condition"",""_detail""",15992,ServoPeregrino_Organizador_Items_fnc_captureProductionRepositorySnapshot;ServoPeregrino_Organizador_Items_fnc_compareLoadoutFingerprints;ServoPeregrino_Organizador_Items_fnc_createItemEntry;ServoPeregrino_Organizador_Items_fnc_createItemKit;ServoPeregrino_Organizador_Items_fnc_deepCopy;ServoPeregrino_Organizador_Items_fnc_executeUITransferCommand;ServoPeregrino_Organizador_Items_fnc_getDraftState;ServoPeregrino_Organizador_Items_fnc_getKit;ServoPeregrino_Organizador_Items_fnc_getLoadoutFingerprint;ServoPeregrino_Organizador_Items_fnc_prepareCumulativeTestRun;ServoPeregrino_Organizador_Items_fnc_restoreProductionRepositorySnapshot;ServoPeregrino_Organizador_Items_fnc_runDelivery0_12CheckpointD62Tests;ServoPeregrino_Organizador_Items_fnc_saveKit;ServoPeregrino_Organizador_Items_fnc_updateUIItemTooltip;ServoPeregrino_Organizador_Nexus_fnc_createResult
Items,tests,runDelivery0_12CheckpointD64Tests,ServoPeregrino_Organizador_Items_fnc_runDelivery0_12CheckpointD64Tests,functions/tests/fn_runDelivery0_12CheckpointD64Tests.sqf,"""_id"",""_condition"",""_detail""",12784,ServoPeregrino_Organizador_Items_fnc_captureProductionRepositorySnapshot;ServoPeregrino_Organizador_Items_fnc_compareLoadoutFingerprints;ServoPeregrino_Organizador_Items_fnc_deepCopy;ServoPeregrino_Organizador_Items_fnc_executeUITransferCommand;ServoPeregrino_Organizador_Items_fnc_getDraftState;ServoPeregrino_Organizador_Items_fnc_getLoadoutFingerprint;ServoPeregrino_Organizador_Items_fnc_prepareCumulativeTestRun;ServoPeregrino_Organizador_Items_fnc_restoreProductionRepositorySnapshot;ServoPeregrino_Organizador_Items_fnc_runDelivery0_12CheckpointD63Tests;ServoPeregrino_Organizador_Items_fnc_updateUIItemTooltip;ServoPeregrino_Organizador_Nexus_fnc_createResult
Items,tests,runDelivery0_12CheckpointD6Tests,ServoPeregrino_Organizador_Items_fnc_runDelivery0_12CheckpointD6Tests,functions/tests/fn_runDelivery0_12CheckpointD6Tests.sqf,"""_id"",""_condition"",""_detail""",14792,ServoPeregrino_Organizador_Items_fnc_captureProductionRepositorySnapshot;ServoPeregrino_Organizador_Items_fnc_compareLoadoutFingerprints;ServoPeregrino_Organizador_Items_fnc_deepCopy;ServoPeregrino_Organizador_Items_fnc_formatUIMass;ServoPeregrino_Organizador_Items_fnc_getLoadoutFingerprint;ServoPeregrino_Organizador_Items_fnc_prepareCumulativeTestRun;ServoPeregrino_Organizador_Items_fnc_refreshHeaderUI;ServoPeregrino_Organizador_Items_fnc_restoreProductionRepositorySnapshot;ServoPeregrino_Organizador_Items_fnc_runDelivery0_12CheckpointD5Tests;ServoPeregrino_Organizador_Items_fnc_updateUIItemTooltip;ServoPeregrino_Organizador_Nexus_fnc_createResult
Items,tests,runDelivery0_12CheckpointD70Tests,ServoPeregrino_Organizador_Items_fnc_runDelivery0_12CheckpointD70Tests,functions/tests/fn_runDelivery0_12CheckpointD70Tests.sqf,"""_id"",""_condition"",""_detail""",14893,ServoPeregrino_Organizador_Items_fnc_buildUIViewModel;ServoPeregrino_Organizador_Items_fnc_captureProductionRepositorySnapshot;ServoPeregrino_Organizador_Items_fnc_compareLoadoutFingerprints;ServoPeregrino_Organizador_Items_fnc_createItemEntry;ServoPeregrino_Organizador_Items_fnc_createItemKit;ServoPeregrino_Organizador_Items_fnc_deepCopy;ServoPeregrino_Organizador_Items_fnc_getKit;ServoPeregrino_Organizador_Items_fnc_getLoadoutFingerprint;ServoPeregrino_Organizador_Items_fnc_getPublicKit;ServoPeregrino_Organizador_Items_fnc_listKits;ServoPeregrino_Organizador_Items_fnc_listPublicKits;ServoPeregrino_Organizador_Items_fnc_prepareCumulativeTestRun;ServoPeregrino_Organizador_Items_fnc_publishKitToPublic;ServoPeregrino_Organizador_Items_fnc_restoreProductionRepositorySnapshot;ServoPeregrino_Organizador_Items_fnc_runDelivery0_12CheckpointD64Tests;ServoPeregrino_Organizador_Items_fnc_saveKit;ServoPeregrino_Organizador_Items_fnc_savePublicKitToPrivate;ServoPeregrino_Organizador_Nexus_fnc_createResult
Items,tests,runDelivery0_12CheckpointD71Tests,ServoPeregrino_Organizador_Items_fnc_runDelivery0_12CheckpointD71Tests,functions/tests/fn_runDelivery0_12CheckpointD71Tests.sqf,"""_id"",""_condition"",""_detail""",13096,ServoPeregrino_Organizador_Items_fnc_captureProductionRepositorySnapshot;ServoPeregrino_Organizador_Items_fnc_compareLoadoutFingerprints;ServoPeregrino_Organizador_Items_fnc_createItemEntry;ServoPeregrino_Organizador_Items_fnc_createItemKit;ServoPeregrino_Organizador_Items_fnc_deepCopy;ServoPeregrino_Organizador_Items_fnc_getKit;ServoPeregrino_Organizador_Items_fnc_getLoadoutFingerprint;ServoPeregrino_Organizador_Items_fnc_handleUIEvent;ServoPeregrino_Organizador_Items_fnc_prepareCumulativeTestRun;ServoPeregrino_Organizador_Items_fnc_publishKitToPublic;ServoPeregrino_Organizador_Items_fnc_refreshHeaderUI;ServoPeregrino_Organizador_Items_fnc_restoreProductionRepositorySnapshot;ServoPeregrino_Organizador_Items_fnc_runDelivery0_12CheckpointD70Tests;ServoPeregrino_Organizador_Items_fnc_saveKit;ServoPeregrino_Organizador_Items_fnc_savePublicKitToPrivate;ServoPeregrino_Organizador_Nexus_fnc_createResult
Items,tests,runDelivery0_12CheckpointD72Tests,ServoPeregrino_Organizador_Items_fnc_runDelivery0_12CheckpointD72Tests,functions/tests/fn_runDelivery0_12CheckpointD72Tests.sqf,"""_id"",""_condition"",""_detail""",14800,ServoPeregrino_Organizador_Items_fnc_captureProductionRepositorySnapshot;ServoPeregrino_Organizador_Items_fnc_compareLoadoutFingerprints;ServoPeregrino_Organizador_Items_fnc_createItemEntry;ServoPeregrino_Organizador_Items_fnc_createItemKit;ServoPeregrino_Organizador_Items_fnc_deepCopy;ServoPeregrino_Organizador_Items_fnc_deleteKitPreservingDraft;ServoPeregrino_Organizador_Items_fnc_getLoadoutFingerprint;ServoPeregrino_Organizador_Items_fnc_handleUIEvent;ServoPeregrino_Organizador_Items_fnc_loadDraftFromKit;ServoPeregrino_Organizador_Items_fnc_prepareCumulativeTestRun;ServoPeregrino_Organizador_Items_fnc_publishKitToPublic;ServoPeregrino_Organizador_Items_fnc_reconcilePrivateKitSelectionAfterDelete;ServoPeregrino_Organizador_Items_fnc_refreshInterface;ServoPeregrino_Organizador_Items_fnc_refreshKitSwitchUI;ServoPeregrino_Organizador_Items_fnc_restoreProductionRepositorySnapshot;ServoPeregrino_Organizador_Items_fnc_runDelivery0_12CheckpointD71Tests;ServoPeregrino_Organizador_Items_fnc_saveKit;ServoPeregrino_Organizador_Nexus_fnc_createResult
Items,tests,runDelivery0_12CheckpointD73Tests,ServoPeregrino_Organizador_Items_fnc_runDelivery0_12CheckpointD73Tests,functions/tests/fn_runDelivery0_12CheckpointD73Tests.sqf,"""_id"",""_condition"",""_detail""",16345,ServoPeregrino_Organizador_Items_fnc_captureProductionRepositorySnapshot;ServoPeregrino_Organizador_Items_fnc_compareLoadoutFingerprints;ServoPeregrino_Organizador_Items_fnc_createItemEntry;ServoPeregrino_Organizador_Items_fnc_createItemKit;ServoPeregrino_Organizador_Items_fnc_createUIState;ServoPeregrino_Organizador_Items_fnc_deepCopy;ServoPeregrino_Organizador_Items_fnc_getLoadoutFingerprint;ServoPeregrino_Organizador_Items_fnc_handleUIEvent;ServoPeregrino_Organizador_Items_fnc_prepareCumulativeTestRun;ServoPeregrino_Organizador_Items_fnc_restoreProductionRepositorySnapshot;ServoPeregrino_Organizador_Items_fnc_runDelivery0_12CheckpointD72Tests;ServoPeregrino_Organizador_Items_fnc_saveKit;ServoPeregrino_Organizador_Nexus_fnc_createResult
Items,tests,runDelivery0_12CheckpointD74Tests,ServoPeregrino_Organizador_Items_fnc_runDelivery0_12CheckpointD74Tests,functions/tests/fn_runDelivery0_12CheckpointD74Tests.sqf,"""_id"",""_condition"",""_detail""",15065,ServoPeregrino_Organizador_Items_fnc_captureProductionRepositorySnapshot;ServoPeregrino_Organizador_Items_fnc_compareLoadoutFingerprints;ServoPeregrino_Organizador_Items_fnc_deepCopy;ServoPeregrino_Organizador_Items_fnc_getLoadoutFingerprint;ServoPeregrino_Organizador_Items_fnc_prepareCumulativeTestRun;ServoPeregrino_Organizador_Items_fnc_refreshHeaderUI;ServoPeregrino_Organizador_Items_fnc_restoreProductionRepositorySnapshot;ServoPeregrino_Organizador_Items_fnc_runDelivery0_12CheckpointD73Tests;ServoPeregrino_Organizador_Nexus_fnc_createResult
Items,tests,runDelivery0_13CheckpointATests,ServoPeregrino_Organizador_Items_fnc_runDelivery0_13CheckpointATests,functions/tests/fn_runDelivery0_13CheckpointATests.sqf,"""_id"",""_condition"",""_detail""",13376,ServoPeregrino_Organizador_Items_fnc_commitPublicKitSnapshotServer;ServoPeregrino_Organizador_Items_fnc_compareLoadoutFingerprints;ServoPeregrino_Organizador_Items_fnc_createItemEntry;ServoPeregrino_Organizador_Items_fnc_createItemKit;ServoPeregrino_Organizador_Items_fnc_deepCopy;ServoPeregrino_Organizador_Items_fnc_getLoadoutFingerprint;ServoPeregrino_Organizador_Items_fnc_getPublicKit;ServoPeregrino_Organizador_Items_fnc_getPublicLibrary;ServoPeregrino_Organizador_Items_fnc_initializePublicLibraryAuthority;ServoPeregrino_Organizador_Items_fnc_listPublicKits;ServoPeregrino_Organizador_Nexus_fnc_createResult
Items,tests,runDelivery0_1Tests,ServoPeregrino_Organizador_Items_fnc_runDelivery0_1Tests,functions/tests/fn_runDelivery0_1Tests.sqf,"[""_id"", """", [""""]], [""_condition"", false, [false]], [""_detail"", """", [""""]]",6342,ServoPeregrino_Organizador_Items_fnc_getBuildInfo;ServoPeregrino_Organizador_Items_fnc_getRuntimeStatus;ServoPeregrino_Organizador_Items_fnc_initialize;ServoPeregrino_Organizador_Items_fnc_openInterface;ServoPeregrino_Organizador_Items_fnc_resetRuntimeForTests;ServoPeregrino_Organizador_Items_fnc_validateNexus;ServoPeregrino_Organizador_Nexus_fnc_getCapability;ServoPeregrino_Organizador_Nexus_fnc_hasCapability;ServoPeregrino_Organizador_Nexus_fnc_initialize
Items,tests,runDelivery0_2Tests,ServoPeregrino_Organizador_Items_fnc_runDelivery0_2Tests,functions/tests/fn_runDelivery0_2Tests.sqf,"[""_id"", """", [""""]], [""_condition"", false, [false]], [""_detail"", """", [""""]]",23253,ServoPeregrino_Organizador_Items_fnc_cloneItemKit;ServoPeregrino_Organizador_Items_fnc_createItemEntry;ServoPeregrino_Organizador_Items_fnc_createItemKit;ServoPeregrino_Organizador_Items_fnc_createStoragePayload;ServoPeregrino_Organizador_Items_fnc_deepCopy;ServoPeregrino_Organizador_Items_fnc_generateItemKitId;ServoPeregrino_Organizador_Items_fnc_getBuildInfo;ServoPeregrino_Organizador_Items_fnc_getRuntimeStatus;ServoPeregrino_Organizador_Items_fnc_initialize;ServoPeregrino_Organizador_Items_fnc_isValidItemKitId;ServoPeregrino_Organizador_Items_fnc_normalizeItemEntries;ServoPeregrino_Organizador_Items_fnc_openInterface;ServoPeregrino_Organizador_Items_fnc_renameItemKit;ServoPeregrino_Organizador_Items_fnc_resetRuntimeForTests;ServoPeregrino_Organizador_Items_fnc_validateItemEntryEnvironmental;ServoPeregrino_Organizador_Items_fnc_validateItemEntrySemantic;ServoPeregrino_Organizador_Items_fnc_validateItemKitEnvironmental;ServoPeregrino_Organizador_Items_fnc_validateItemKitSemantic;ServoPeregrino_Organizador_Items_fnc_validateItemKitStructural;ServoPeregrino_Organizador_Items_fnc_validateNexus;ServoPeregrino_Organizador_Items_fnc_validateStorageSemantic;ServoPeregrino_Organizador_Nexus_fnc_getCapability;ServoPeregrino_Organizador_Nexus_fnc_hasCapability;ServoPeregrino_Organizador_Nexus_fnc_initialize
Items,tests,runDelivery0_3Tests,ServoPeregrino_Organizador_Items_fnc_runDelivery0_3Tests,functions/tests/fn_runDelivery0_3Tests.sqf,"[""_id"", """", [""""]], [""_condition"", false, [false]], [""_detail"", """", [""""]]",40547,ServoPeregrino_Organizador_Items_fnc_cloneItemKit;ServoPeregrino_Organizador_Items_fnc_cloneKit;ServoPeregrino_Organizador_Items_fnc_configureRepositoryTestMode;ServoPeregrino_Organizador_Items_fnc_createItemEntry;ServoPeregrino_Organizador_Items_fnc_createItemKit;ServoPeregrino_Organizador_Items_fnc_createStoragePayload;ServoPeregrino_Organizador_Items_fnc_deepCopy;ServoPeregrino_Organizador_Items_fnc_deleteKit;ServoPeregrino_Organizador_Items_fnc_generateItemKitId;ServoPeregrino_Organizador_Items_fnc_getBuildInfo;ServoPeregrino_Organizador_Items_fnc_getKit;ServoPeregrino_Organizador_Items_fnc_getRepositoryStatus;ServoPeregrino_Organizador_Items_fnc_getRuntimeStatus;ServoPeregrino_Organizador_Items_fnc_initialize;ServoPeregrino_Organizador_Items_fnc_injectTestStoragePayload;ServoPeregrino_Organizador_Items_fnc_isValidItemKitId;ServoPeregrino_Organizador_Items_fnc_listKits;ServoPeregrino_Organizador_Items_fnc_loadStorage;ServoPeregrino_Organizador_Items_fnc_migrateStorage;ServoPeregrino_Organizador_Items_fnc_normalizeItemEntries;ServoPeregrino_Organizador_Items_fnc_openInterface;ServoPeregrino_Organizador_Items_fnc_renameItemKit;ServoPeregrino_Organizador_Items_fnc_resetRuntimeForTests;ServoPeregrino_Organizador_Items_fnc_saveKit;ServoPeregrino_Organizador_Items_fnc_saveStorage;ServoPeregrino_Organizador_Items_fnc_validateItemEntryEnvironmental;ServoPeregrino_Organizador_Items_fnc_validateItemEntrySemantic;ServoPeregrino_Organizador_Items_fnc_validateItemKitEnvironmental;ServoPeregrino_Organizador_Items_fnc_validateItemKitSemantic;ServoPeregrino_Organizador_Items_fnc_validateItemKitStructural;ServoPeregrino_Organizador_Items_fnc_validateNexus;ServoPeregrino_Organizador_Items_fnc_validateStorageSemantic;ServoPeregrino_Organizador_Nexus_fnc_getCapability;ServoPeregrino_Organizador_Nexus_fnc_hasCapability;ServoPeregrino_Organizador_Nexus_fnc_initialize
Items,tests,runDelivery0_4Tests,ServoPeregrino_Organizador_Items_fnc_runDelivery0_4Tests,functions/tests/fn_runDelivery0_4Tests.sqf,"[""_id"", """", [""""]], [""_condition"", false, [false]], [""_detail"", """", [""""]]",53469,ServoPeregrino_Organizador_Items_fnc_analyzeContainerCargo;ServoPeregrino_Organizador_Items_fnc_capturePlayerContainer;ServoPeregrino_Organizador_Items_fnc_capturePlayerContainers;ServoPeregrino_Organizador_Items_fnc_classifyCargoClass;ServoPeregrino_Organizador_Items_fnc_cloneItemKit;ServoPeregrino_Organizador_Items_fnc_cloneKit;ServoPeregrino_Organizador_Items_fnc_configureRepositoryTestMode;ServoPeregrino_Organizador_Items_fnc_createCaptureDraft;ServoPeregrino_Organizador_Items_fnc_createItemEntry;ServoPeregrino_Organizador_Items_fnc_createItemKit;ServoPeregrino_Organizador_Items_fnc_createStoragePayload;ServoPeregrino_Organizador_Items_fnc_deepCopy;ServoPeregrino_Organizador_Items_fnc_deleteKit;ServoPeregrino_Organizador_Items_fnc_generateItemKitId;ServoPeregrino_Organizador_Items_fnc_getBuildInfo;ServoPeregrino_Organizador_Items_fnc_getKit;ServoPeregrino_Organizador_Items_fnc_getLoadoutFingerprint;ServoPeregrino_Organizador_Items_fnc_getRepositoryStatus;ServoPeregrino_Organizador_Items_fnc_getRuntimeStatus;ServoPeregrino_Organizador_Items_fnc_initialize;ServoPeregrino_Organizador_Items_fnc_injectTestStoragePayload;ServoPeregrino_Organizador_Items_fnc_isValidItemKitId;ServoPeregrino_Organizador_Items_fnc_listKits;ServoPeregrino_Organizador_Items_fnc_loadStorage;ServoPeregrino_Organizador_Items_fnc_migrateStorage;ServoPeregrino_Organizador_Items_fnc_normalizeItemEntries;ServoPeregrino_Organizador_Items_fnc_openInterface;ServoPeregrino_Organizador_Items_fnc_renameItemKit;ServoPeregrino_Organizador_Items_fnc_resetRuntimeForTests;ServoPeregrino_Organizador_Items_fnc_resolvePlayerContainer;ServoPeregrino_Organizador_Items_fnc_saveKit;ServoPeregrino_Organizador_Items_fnc_saveStorage;ServoPeregrino_Organizador_Items_fnc_validateItemEntryEnvironmental;ServoPeregrino_Organizador_Items_fnc_validateItemEntrySemantic;ServoPeregrino_Organizador_Items_fnc_validateItemKitEnvironmental;ServoPeregrino_Organizador_Items_fnc_validateItemKitSemantic;ServoPeregrino_Organizador_Items_fnc_validateItemKitStructural;ServoPeregrino_Organizador_Items_fnc_validateNexus;ServoPeregrino_Organizador_Items_fnc_validateStorageSemantic;ServoPeregrino_Organizador_Nexus_fnc_getCapability;ServoPeregrino_Organizador_Nexus_fnc_hasCapability;ServoPeregrino_Organizador_Nexus_fnc_initialize
Items,tests,runDelivery0_4_1Tests,ServoPeregrino_Organizador_Items_fnc_runDelivery0_4_1Tests,functions/tests/fn_runDelivery0_4_1Tests.sqf,"[""_id"", """", [""""]], [""_condition"", false, [false]], [""_detail"", """", [""""]]",53728,ServoPeregrino_Organizador_Items_fnc_analyzeContainerCargo;ServoPeregrino_Organizador_Items_fnc_capturePlayerContainer;ServoPeregrino_Organizador_Items_fnc_capturePlayerContainers;ServoPeregrino_Organizador_Items_fnc_classifyCargoClass;ServoPeregrino_Organizador_Items_fnc_cloneItemKit;ServoPeregrino_Organizador_Items_fnc_cloneKit;ServoPeregrino_Organizador_Items_fnc_configureRepositoryTestMode;ServoPeregrino_Organizador_Items_fnc_createCaptureDraft;ServoPeregrino_Organizador_Items_fnc_createItemEntry;ServoPeregrino_Organizador_Items_fnc_createItemKit;ServoPeregrino_Organizador_Items_fnc_createStoragePayload;ServoPeregrino_Organizador_Items_fnc_deepCopy;ServoPeregrino_Organizador_Items_fnc_deleteKit;ServoPeregrino_Organizador_Items_fnc_generateItemKitId;ServoPeregrino_Organizador_Items_fnc_getBuildInfo;ServoPeregrino_Organizador_Items_fnc_getKit;ServoPeregrino_Organizador_Items_fnc_getLoadoutFingerprint;ServoPeregrino_Organizador_Items_fnc_getRepositoryStatus;ServoPeregrino_Organizador_Items_fnc_getRuntimeStatus;ServoPeregrino_Organizador_Items_fnc_initialize;ServoPeregrino_Organizador_Items_fnc_injectTestStoragePayload;ServoPeregrino_Organizador_Items_fnc_isValidItemKitId;ServoPeregrino_Organizador_Items_fnc_listKits;ServoPeregrino_Organizador_Items_fnc_loadStorage;ServoPeregrino_Organizador_Items_fnc_migrateStorage;ServoPeregrino_Organizador_Items_fnc_normalizeItemEntries;ServoPeregrino_Organizador_Items_fnc_openInterface;ServoPeregrino_Organizador_Items_fnc_renameItemKit;ServoPeregrino_Organizador_Items_fnc_resetRuntimeForTests;ServoPeregrino_Organizador_Items_fnc_resolvePlayerContainer;ServoPeregrino_Organizador_Items_fnc_saveKit;ServoPeregrino_Organizador_Items_fnc_saveStorage;ServoPeregrino_Organizador_Items_fnc_validateItemEntryEnvironmental;ServoPeregrino_Organizador_Items_fnc_validateItemEntrySemantic;ServoPeregrino_Organizador_Items_fnc_validateItemKitEnvironmental;ServoPeregrino_Organizador_Items_fnc_validateItemKitSemantic;ServoPeregrino_Organizador_Items_fnc_validateItemKitStructural;ServoPeregrino_Organizador_Items_fnc_validateNexus;ServoPeregrino_Organizador_Items_fnc_validateStorageSemantic;ServoPeregrino_Organizador_Nexus_fnc_getCapability;ServoPeregrino_Organizador_Nexus_fnc_hasCapability;ServoPeregrino_Organizador_Nexus_fnc_initialize
Items,tests,runDelivery0_4_2Tests,ServoPeregrino_Organizador_Items_fnc_runDelivery0_4_2Tests,functions/tests/fn_runDelivery0_4_2Tests.sqf,"[""_id"", """", [""""]], [""_condition"", false, [false]], [""_detail"", """", [""""]]",54464,ServoPeregrino_Organizador_Items_fnc_analyzeContainerCargo;ServoPeregrino_Organizador_Items_fnc_capturePlayerContainer;ServoPeregrino_Organizador_Items_fnc_capturePlayerContainers;ServoPeregrino_Organizador_Items_fnc_classifyCargoClass;ServoPeregrino_Organizador_Items_fnc_cloneItemKit;ServoPeregrino_Organizador_Items_fnc_cloneKit;ServoPeregrino_Organizador_Items_fnc_configureRepositoryTestMode;ServoPeregrino_Organizador_Items_fnc_createCaptureDraft;ServoPeregrino_Organizador_Items_fnc_createItemEntry;ServoPeregrino_Organizador_Items_fnc_createItemKit;ServoPeregrino_Organizador_Items_fnc_createStoragePayload;ServoPeregrino_Organizador_Items_fnc_deepCopy;ServoPeregrino_Organizador_Items_fnc_deleteKit;ServoPeregrino_Organizador_Items_fnc_generateItemKitId;ServoPeregrino_Organizador_Items_fnc_getBuildInfo;ServoPeregrino_Organizador_Items_fnc_getKit;ServoPeregrino_Organizador_Items_fnc_getLoadoutFingerprint;ServoPeregrino_Organizador_Items_fnc_getRepositoryStatus;ServoPeregrino_Organizador_Items_fnc_getRuntimeStatus;ServoPeregrino_Organizador_Items_fnc_initialize;ServoPeregrino_Organizador_Items_fnc_injectTestStoragePayload;ServoPeregrino_Organizador_Items_fnc_isValidItemKitId;ServoPeregrino_Organizador_Items_fnc_listKits;ServoPeregrino_Organizador_Items_fnc_loadStorage;ServoPeregrino_Organizador_Items_fnc_migrateStorage;ServoPeregrino_Organizador_Items_fnc_normalizeItemEntries;ServoPeregrino_Organizador_Items_fnc_openInterface;ServoPeregrino_Organizador_Items_fnc_renameItemKit;ServoPeregrino_Organizador_Items_fnc_resetRuntimeForTests;ServoPeregrino_Organizador_Items_fnc_resolvePlayerContainer;ServoPeregrino_Organizador_Items_fnc_saveKit;ServoPeregrino_Organizador_Items_fnc_saveStorage;ServoPeregrino_Organizador_Items_fnc_validateItemEntryEnvironmental;ServoPeregrino_Organizador_Items_fnc_validateItemEntrySemantic;ServoPeregrino_Organizador_Items_fnc_validateItemKitEnvironmental;ServoPeregrino_Organizador_Items_fnc_validateItemKitSemantic;ServoPeregrino_Organizador_Items_fnc_validateItemKitStructural;ServoPeregrino_Organizador_Items_fnc_validateNexus;ServoPeregrino_Organizador_Items_fnc_validateStorageSemantic;ServoPeregrino_Organizador_Nexus_fnc_getCapability;ServoPeregrino_Organizador_Nexus_fnc_hasCapability;ServoPeregrino_Organizador_Nexus_fnc_initialize
Items,tests,runDelivery0_4_3Tests,ServoPeregrino_Organizador_Items_fnc_runDelivery0_4_3Tests,functions/tests/fn_runDelivery0_4_3Tests.sqf,"[""_id"", """", [""""]], [""_condition"", false, [false]], [""_detail"", """", [""""]]",55036,ServoPeregrino_Organizador_Items_fnc_analyzeContainerCargo;ServoPeregrino_Organizador_Items_fnc_capturePlayerContainer;ServoPeregrino_Organizador_Items_fnc_capturePlayerContainers;ServoPeregrino_Organizador_Items_fnc_classifyCargoClass;ServoPeregrino_Organizador_Items_fnc_cloneItemKit;ServoPeregrino_Organizador_Items_fnc_cloneKit;ServoPeregrino_Organizador_Items_fnc_configureRepositoryTestMode;ServoPeregrino_Organizador_Items_fnc_createCaptureDraft;ServoPeregrino_Organizador_Items_fnc_createItemEntry;ServoPeregrino_Organizador_Items_fnc_createItemKit;ServoPeregrino_Organizador_Items_fnc_createStoragePayload;ServoPeregrino_Organizador_Items_fnc_deepCopy;ServoPeregrino_Organizador_Items_fnc_deleteKit;ServoPeregrino_Organizador_Items_fnc_generateItemKitId;ServoPeregrino_Organizador_Items_fnc_getBuildInfo;ServoPeregrino_Organizador_Items_fnc_getKit;ServoPeregrino_Organizador_Items_fnc_getLoadoutFingerprint;ServoPeregrino_Organizador_Items_fnc_getRepositoryStatus;ServoPeregrino_Organizador_Items_fnc_getRuntimeStatus;ServoPeregrino_Organizador_Items_fnc_initialize;ServoPeregrino_Organizador_Items_fnc_injectTestStoragePayload;ServoPeregrino_Organizador_Items_fnc_isValidItemKitId;ServoPeregrino_Organizador_Items_fnc_listKits;ServoPeregrino_Organizador_Items_fnc_loadStorage;ServoPeregrino_Organizador_Items_fnc_migrateStorage;ServoPeregrino_Organizador_Items_fnc_normalizeItemEntries;ServoPeregrino_Organizador_Items_fnc_openInterface;ServoPeregrino_Organizador_Items_fnc_renameItemKit;ServoPeregrino_Organizador_Items_fnc_resetRuntimeForTests;ServoPeregrino_Organizador_Items_fnc_resolvePlayerContainer;ServoPeregrino_Organizador_Items_fnc_saveKit;ServoPeregrino_Organizador_Items_fnc_saveStorage;ServoPeregrino_Organizador_Items_fnc_validateItemEntryEnvironmental;ServoPeregrino_Organizador_Items_fnc_validateItemEntrySemantic;ServoPeregrino_Organizador_Items_fnc_validateItemKitEnvironmental;ServoPeregrino_Organizador_Items_fnc_validateItemKitSemantic;ServoPeregrino_Organizador_Items_fnc_validateItemKitStructural;ServoPeregrino_Organizador_Items_fnc_validateNexus;ServoPeregrino_Organizador_Items_fnc_validateStorageSemantic;ServoPeregrino_Organizador_Nexus_fnc_getCapability;ServoPeregrino_Organizador_Nexus_fnc_hasCapability;ServoPeregrino_Organizador_Nexus_fnc_initialize
Items,tests,runDelivery0_5Tests,ServoPeregrino_Organizador_Items_fnc_runDelivery0_5Tests,functions/tests/fn_runDelivery0_5Tests.sqf,"[""_id"", """", [""""]], [""_condition"", false, [false]], [""_detail"", """", [""""]]",72638,ServoPeregrino_Organizador_Items_fnc_analyzeContainerCargo;ServoPeregrino_Organizador_Items_fnc_capturePlayerContainer;ServoPeregrino_Organizador_Items_fnc_capturePlayerContainers;ServoPeregrino_Organizador_Items_fnc_classifyCargoClass;ServoPeregrino_Organizador_Items_fnc_classifyContentClass;ServoPeregrino_Organizador_Items_fnc_cloneItemKit;ServoPeregrino_Organizador_Items_fnc_cloneKit;ServoPeregrino_Organizador_Items_fnc_configureRepositoryTestMode;ServoPeregrino_Organizador_Items_fnc_createCaptureDraft;ServoPeregrino_Organizador_Items_fnc_createCatalogItemFromConfig;ServoPeregrino_Organizador_Items_fnc_createItemEntry;ServoPeregrino_Organizador_Items_fnc_createItemKit;ServoPeregrino_Organizador_Items_fnc_createStoragePayload;ServoPeregrino_Organizador_Items_fnc_deepCopy;ServoPeregrino_Organizador_Items_fnc_deleteKit;ServoPeregrino_Organizador_Items_fnc_filterCatalog;ServoPeregrino_Organizador_Items_fnc_generateItemKitId;ServoPeregrino_Organizador_Items_fnc_getBuildInfo;ServoPeregrino_Organizador_Items_fnc_getCatalog;ServoPeregrino_Organizador_Items_fnc_getCatalogCategories;ServoPeregrino_Organizador_Items_fnc_getCatalogStatus;ServoPeregrino_Organizador_Items_fnc_getKit;ServoPeregrino_Organizador_Items_fnc_getLoadoutFingerprint;ServoPeregrino_Organizador_Items_fnc_getRepositoryStatus;ServoPeregrino_Organizador_Items_fnc_getRuntimeStatus;ServoPeregrino_Organizador_Items_fnc_initialize;ServoPeregrino_Organizador_Items_fnc_injectTestStoragePayload;ServoPeregrino_Organizador_Items_fnc_invalidateCatalogCache;ServoPeregrino_Organizador_Items_fnc_isValidItemKitId;ServoPeregrino_Organizador_Items_fnc_listKits;ServoPeregrino_Organizador_Items_fnc_loadStorage;ServoPeregrino_Organizador_Items_fnc_migrateStorage;ServoPeregrino_Organizador_Items_fnc_normalizeItemEntries;ServoPeregrino_Organizador_Items_fnc_openInterface;ServoPeregrino_Organizador_Items_fnc_renameItemKit;ServoPeregrino_Organizador_Items_fnc_resetRuntimeForTests;ServoPeregrino_Organizador_Items_fnc_resolveCatalogItem;ServoPeregrino_Organizador_Items_fnc_resolvePlayerContainer;ServoPeregrino_Organizador_Items_fnc_saveKit;ServoPeregrino_Organizador_Items_fnc_saveStorage;ServoPeregrino_Organizador_Items_fnc_validateItemEntryEnvironmental;ServoPeregrino_Organizador_Items_fnc_validateItemEntrySemantic;ServoPeregrino_Organizador_Items_fnc_validateItemKitEnvironmental;ServoPeregrino_Organizador_Items_fnc_validateItemKitSemantic;ServoPeregrino_Organizador_Items_fnc_validateItemKitStructural;ServoPeregrino_Organizador_Items_fnc_validateNexus;ServoPeregrino_Organizador_Items_fnc_validateStorageSemantic;ServoPeregrino_Organizador_Nexus_fnc_getCapability;ServoPeregrino_Organizador_Nexus_fnc_hasCapability;ServoPeregrino_Organizador_Nexus_fnc_initialize
Items,tests,runDelivery0_5_1Tests,ServoPeregrino_Organizador_Items_fnc_runDelivery0_5_1Tests,functions/tests/fn_runDelivery0_5_1Tests.sqf,"[""_id"", """", [""""]], [""_condition"", false, [false]], [""_detail"", """", [""""]]",75995,ServoPeregrino_Organizador_Items_fnc_analyzeContainerCargo;ServoPeregrino_Organizador_Items_fnc_buildCatalog;ServoPeregrino_Organizador_Items_fnc_capturePlayerContainer;ServoPeregrino_Organizador_Items_fnc_capturePlayerContainers;ServoPeregrino_Organizador_Items_fnc_classifyCargoClass;ServoPeregrino_Organizador_Items_fnc_classifyContentClass;ServoPeregrino_Organizador_Items_fnc_cloneItemKit;ServoPeregrino_Organizador_Items_fnc_cloneKit;ServoPeregrino_Organizador_Items_fnc_configureRepositoryTestMode;ServoPeregrino_Organizador_Items_fnc_createCaptureDraft;ServoPeregrino_Organizador_Items_fnc_createCatalogItemFromConfig;ServoPeregrino_Organizador_Items_fnc_createItemEntry;ServoPeregrino_Organizador_Items_fnc_createItemKit;ServoPeregrino_Organizador_Items_fnc_createStoragePayload;ServoPeregrino_Organizador_Items_fnc_deepCopy;ServoPeregrino_Organizador_Items_fnc_deleteKit;ServoPeregrino_Organizador_Items_fnc_filterCatalog;ServoPeregrino_Organizador_Items_fnc_generateItemKitId;ServoPeregrino_Organizador_Items_fnc_getBuildInfo;ServoPeregrino_Organizador_Items_fnc_getCatalog;ServoPeregrino_Organizador_Items_fnc_getCatalogCategories;ServoPeregrino_Organizador_Items_fnc_getCatalogStatus;ServoPeregrino_Organizador_Items_fnc_getKit;ServoPeregrino_Organizador_Items_fnc_getLoadoutFingerprint;ServoPeregrino_Organizador_Items_fnc_getRepositoryStatus;ServoPeregrino_Organizador_Items_fnc_getRuntimeStatus;ServoPeregrino_Organizador_Items_fnc_initialize;ServoPeregrino_Organizador_Items_fnc_injectTestStoragePayload;ServoPeregrino_Organizador_Items_fnc_invalidateCatalogCache;ServoPeregrino_Organizador_Items_fnc_isValidItemKitId;ServoPeregrino_Organizador_Items_fnc_listKits;ServoPeregrino_Organizador_Items_fnc_loadStorage;ServoPeregrino_Organizador_Items_fnc_migrateStorage;ServoPeregrino_Organizador_Items_fnc_normalizeItemEntries;ServoPeregrino_Organizador_Items_fnc_openInterface;ServoPeregrino_Organizador_Items_fnc_renameItemKit;ServoPeregrino_Organizador_Items_fnc_resetRuntimeForTests;ServoPeregrino_Organizador_Items_fnc_resolveCatalogItem;ServoPeregrino_Organizador_Items_fnc_resolvePlayerContainer;ServoPeregrino_Organizador_Items_fnc_saveKit;ServoPeregrino_Organizador_Items_fnc_saveStorage;ServoPeregrino_Organizador_Items_fnc_validateItemEntryEnvironmental;ServoPeregrino_Organizador_Items_fnc_validateItemEntrySemantic;ServoPeregrino_Organizador_Items_fnc_validateItemKitEnvironmental;ServoPeregrino_Organizador_Items_fnc_validateItemKitSemantic;ServoPeregrino_Organizador_Items_fnc_validateItemKitStructural;ServoPeregrino_Organizador_Items_fnc_validateNexus;ServoPeregrino_Organizador_Items_fnc_validateStorageSemantic;ServoPeregrino_Organizador_Nexus_fnc_getCapability;ServoPeregrino_Organizador_Nexus_fnc_hasCapability;ServoPeregrino_Organizador_Nexus_fnc_initialize
Items,tests,runDelivery0_6Tests,ServoPeregrino_Organizador_Items_fnc_runDelivery0_6Tests,functions/tests/fn_runDelivery0_6Tests.sqf,"[""_id"", """", [""""]], [""_condition"", false, [false]], [""_detail"", """", [""""]]",102228,ServoPeregrino_Organizador_Items_fnc_addCatalogItemToDraft;ServoPeregrino_Organizador_Items_fnc_addEntryToDraft;ServoPeregrino_Organizador_Items_fnc_analyzeContainerCargo;ServoPeregrino_Organizador_Items_fnc_buildCatalog;ServoPeregrino_Organizador_Items_fnc_capturePlayerContainer;ServoPeregrino_Organizador_Items_fnc_capturePlayerContainers;ServoPeregrino_Organizador_Items_fnc_classifyCargoClass;ServoPeregrino_Organizador_Items_fnc_classifyContentClass;ServoPeregrino_Organizador_Items_fnc_cloneItemKit;ServoPeregrino_Organizador_Items_fnc_cloneKit;ServoPeregrino_Organizador_Items_fnc_configureRepositoryTestMode;ServoPeregrino_Organizador_Items_fnc_createCaptureDraft;ServoPeregrino_Organizador_Items_fnc_createCatalogItemFromConfig;ServoPeregrino_Organizador_Items_fnc_createItemEntry;ServoPeregrino_Organizador_Items_fnc_createItemKit;ServoPeregrino_Organizador_Items_fnc_createNewDraft;ServoPeregrino_Organizador_Items_fnc_createStoragePayload;ServoPeregrino_Organizador_Items_fnc_decrementDraftEntry;ServoPeregrino_Organizador_Items_fnc_deepCopy;ServoPeregrino_Organizador_Items_fnc_deleteKit;ServoPeregrino_Organizador_Items_fnc_discardDraft;ServoPeregrino_Organizador_Items_fnc_filterCatalog;ServoPeregrino_Organizador_Items_fnc_generateItemKitId;ServoPeregrino_Organizador_Items_fnc_getBuildInfo;ServoPeregrino_Organizador_Items_fnc_getCatalog;ServoPeregrino_Organizador_Items_fnc_getCatalogCategories;ServoPeregrino_Organizador_Items_fnc_getCatalogStatus;ServoPeregrino_Organizador_Items_fnc_getDraftState;ServoPeregrino_Organizador_Items_fnc_getKit;ServoPeregrino_Organizador_Items_fnc_getLoadoutFingerprint;ServoPeregrino_Organizador_Items_fnc_getRepositoryStatus;ServoPeregrino_Organizador_Items_fnc_getRuntimeStatus;ServoPeregrino_Organizador_Items_fnc_incrementDraftEntry;ServoPeregrino_Organizador_Items_fnc_initialize;ServoPeregrino_Organizador_Items_fnc_injectTestStoragePayload;ServoPeregrino_Organizador_Items_fnc_invalidateCatalogCache;ServoPeregrino_Organizador_Items_fnc_isValidItemKitId;ServoPeregrino_Organizador_Items_fnc_listKits;ServoPeregrino_Organizador_Items_fnc_loadDraftFromKit;ServoPeregrino_Organizador_Items_fnc_loadStorage;ServoPeregrino_Organizador_Items_fnc_mergeEntriesIntoDraft;ServoPeregrino_Organizador_Items_fnc_mergeKitIntoDraft;ServoPeregrino_Organizador_Items_fnc_migrateStorage;ServoPeregrino_Organizador_Items_fnc_normalizeItemEntries;ServoPeregrino_Organizador_Items_fnc_openCaptureDraft;ServoPeregrino_Organizador_Items_fnc_openInterface;ServoPeregrino_Organizador_Items_fnc_removeDraftEntry;ServoPeregrino_Organizador_Items_fnc_renameItemKit;ServoPeregrino_Organizador_Items_fnc_resetRuntimeForTests;ServoPeregrino_Organizador_Items_fnc_resolveCatalogItem;ServoPeregrino_Organizador_Items_fnc_resolvePlayerContainer;ServoPeregrino_Organizador_Items_fnc_saveDraft;ServoPeregrino_Organizador_Items_fnc_saveDraftAsNew;ServoPeregrino_Organizador_Items_fnc_saveKit;ServoPeregrino_Organizador_Items_fnc_saveStorage;ServoPeregrino_Organizador_Items_fnc_setDraftEntryQuantity;ServoPeregrino_Organizador_Items_fnc_setDraftName;ServoPeregrino_Organizador_Items_fnc_setDraftPreferredTarget;ServoPeregrino_Organizador_Items_fnc_validateItemEntryEnvironmental;ServoPeregrino_Organizador_Items_fnc_validateItemEntrySemantic;ServoPeregrino_Organizador_Items_fnc_validateItemKitEnvironmental;ServoPeregrino_Organizador_Items_fnc_validateItemKitSemantic;ServoPeregrino_Organizador_Items_fnc_validateItemKitStructural;ServoPeregrino_Organizador_Items_fnc_validateNexus;ServoPeregrino_Organizador_Items_fnc_validateStorageSemantic;ServoPeregrino_Organizador_Nexus_fnc_getCapability;ServoPeregrino_Organizador_Nexus_fnc_hasCapability;ServoPeregrino_Organizador_Nexus_fnc_initialize
Items,tests,runDelivery0_6_1Tests,ServoPeregrino_Organizador_Items_fnc_runDelivery0_6_1Tests,functions/tests/fn_runDelivery0_6_1Tests.sqf,"[""_id"", """", [""""]], [""_condition"", false, [false]], [""_detail"", """", [""""]]",109007,ServoPeregrino_Organizador_Items_fnc_addCatalogItemToDraft;ServoPeregrino_Organizador_Items_fnc_addEntryToDraft;ServoPeregrino_Organizador_Items_fnc_analyzeContainerCargo;ServoPeregrino_Organizador_Items_fnc_buildCatalog;ServoPeregrino_Organizador_Items_fnc_capturePlayerContainer;ServoPeregrino_Organizador_Items_fnc_capturePlayerContainers;ServoPeregrino_Organizador_Items_fnc_classifyCargoClass;ServoPeregrino_Organizador_Items_fnc_classifyContentClass;ServoPeregrino_Organizador_Items_fnc_cloneItemKit;ServoPeregrino_Organizador_Items_fnc_cloneKit;ServoPeregrino_Organizador_Items_fnc_configureRepositoryTestMode;ServoPeregrino_Organizador_Items_fnc_createCaptureDraft;ServoPeregrino_Organizador_Items_fnc_createCatalogItemFromConfig;ServoPeregrino_Organizador_Items_fnc_createItemEntry;ServoPeregrino_Organizador_Items_fnc_createItemKit;ServoPeregrino_Organizador_Items_fnc_createNewDraft;ServoPeregrino_Organizador_Items_fnc_createStoragePayload;ServoPeregrino_Organizador_Items_fnc_decrementDraftEntry;ServoPeregrino_Organizador_Items_fnc_deepCopy;ServoPeregrino_Organizador_Items_fnc_deleteKit;ServoPeregrino_Organizador_Items_fnc_discardDraft;ServoPeregrino_Organizador_Items_fnc_filterCatalog;ServoPeregrino_Organizador_Items_fnc_generateItemKitId;ServoPeregrino_Organizador_Items_fnc_getBuildInfo;ServoPeregrino_Organizador_Items_fnc_getCatalog;ServoPeregrino_Organizador_Items_fnc_getCatalogCategories;ServoPeregrino_Organizador_Items_fnc_getCatalogStatus;ServoPeregrino_Organizador_Items_fnc_getDraftState;ServoPeregrino_Organizador_Items_fnc_getKit;ServoPeregrino_Organizador_Items_fnc_getLoadoutFingerprint;ServoPeregrino_Organizador_Items_fnc_getRepositoryStatus;ServoPeregrino_Organizador_Items_fnc_getRuntimeStatus;ServoPeregrino_Organizador_Items_fnc_incrementDraftEntry;ServoPeregrino_Organizador_Items_fnc_initialize;ServoPeregrino_Organizador_Items_fnc_injectTestStoragePayload;ServoPeregrino_Organizador_Items_fnc_invalidateCatalogCache;ServoPeregrino_Organizador_Items_fnc_isValidItemKitId;ServoPeregrino_Organizador_Items_fnc_listKits;ServoPeregrino_Organizador_Items_fnc_loadDraftFromKit;ServoPeregrino_Organizador_Items_fnc_loadStorage;ServoPeregrino_Organizador_Items_fnc_mergeEntriesIntoDraft;ServoPeregrino_Organizador_Items_fnc_mergeKitIntoDraft;ServoPeregrino_Organizador_Items_fnc_migrateStorage;ServoPeregrino_Organizador_Items_fnc_normalizeItemEntries;ServoPeregrino_Organizador_Items_fnc_openCaptureDraft;ServoPeregrino_Organizador_Items_fnc_openInterface;ServoPeregrino_Organizador_Items_fnc_removeDraftEntry;ServoPeregrino_Organizador_Items_fnc_renameItemKit;ServoPeregrino_Organizador_Items_fnc_resetRuntimeForTests;ServoPeregrino_Organizador_Items_fnc_resolveCatalogItem;ServoPeregrino_Organizador_Items_fnc_resolvePlayerContainer;ServoPeregrino_Organizador_Items_fnc_saveDraft;ServoPeregrino_Organizador_Items_fnc_saveDraftAsNew;ServoPeregrino_Organizador_Items_fnc_saveKit;ServoPeregrino_Organizador_Items_fnc_saveStorage;ServoPeregrino_Organizador_Items_fnc_setDraftEntryQuantity;ServoPeregrino_Organizador_Items_fnc_setDraftName;ServoPeregrino_Organizador_Items_fnc_setDraftPreferredTarget;ServoPeregrino_Organizador_Items_fnc_validateItemEntryEnvironmental;ServoPeregrino_Organizador_Items_fnc_validateItemEntrySemantic;ServoPeregrino_Organizador_Items_fnc_validateItemKitEnvironmental;ServoPeregrino_Organizador_Items_fnc_validateItemKitSemantic;ServoPeregrino_Organizador_Items_fnc_validateItemKitStructural;ServoPeregrino_Organizador_Items_fnc_validateNexus;ServoPeregrino_Organizador_Items_fnc_validateStorageSemantic;ServoPeregrino_Organizador_Nexus_fnc_getCapability;ServoPeregrino_Organizador_Nexus_fnc_hasCapability;ServoPeregrino_Organizador_Nexus_fnc_initialize
Items,tests,runDelivery0_7Tests,ServoPeregrino_Organizador_Items_fnc_runDelivery0_7Tests,functions/tests/fn_runDelivery0_7Tests.sqf,"[""_id"", """", [""""]], [""_condition"", false, [false]], [""_detail"", """", [""""]]",121892,ServoPeregrino_Organizador_Items_fnc_addCatalogItemToDraft;ServoPeregrino_Organizador_Items_fnc_addEntryToDraft;ServoPeregrino_Organizador_Items_fnc_analyzeContainerCargo;ServoPeregrino_Organizador_Items_fnc_buildCatalog;ServoPeregrino_Organizador_Items_fnc_buildUIViewModel;ServoPeregrino_Organizador_Items_fnc_capturePlayerContainer;ServoPeregrino_Organizador_Items_fnc_capturePlayerContainers;ServoPeregrino_Organizador_Items_fnc_classifyCargoClass;ServoPeregrino_Organizador_Items_fnc_classifyContentClass;ServoPeregrino_Organizador_Items_fnc_cloneItemKit;ServoPeregrino_Organizador_Items_fnc_cloneKit;ServoPeregrino_Organizador_Items_fnc_configureRepositoryTestMode;ServoPeregrino_Organizador_Items_fnc_createCaptureDraft;ServoPeregrino_Organizador_Items_fnc_createCatalogItemFromConfig;ServoPeregrino_Organizador_Items_fnc_createItemEntry;ServoPeregrino_Organizador_Items_fnc_createItemKit;ServoPeregrino_Organizador_Items_fnc_createNewDraft;ServoPeregrino_Organizador_Items_fnc_createStoragePayload;ServoPeregrino_Organizador_Items_fnc_decrementDraftEntry;ServoPeregrino_Organizador_Items_fnc_deepCopy;ServoPeregrino_Organizador_Items_fnc_deleteKit;ServoPeregrino_Organizador_Items_fnc_discardDraft;ServoPeregrino_Organizador_Items_fnc_filterCatalog;ServoPeregrino_Organizador_Items_fnc_generateItemKitId;ServoPeregrino_Organizador_Items_fnc_getBuildInfo;ServoPeregrino_Organizador_Items_fnc_getCatalog;ServoPeregrino_Organizador_Items_fnc_getCatalogCategories;ServoPeregrino_Organizador_Items_fnc_getCatalogStatus;ServoPeregrino_Organizador_Items_fnc_getDraftState;ServoPeregrino_Organizador_Items_fnc_getKit;ServoPeregrino_Organizador_Items_fnc_getLoadoutFingerprint;ServoPeregrino_Organizador_Items_fnc_getRepositoryStatus;ServoPeregrino_Organizador_Items_fnc_getRuntimeStatus;ServoPeregrino_Organizador_Items_fnc_getUIState;ServoPeregrino_Organizador_Items_fnc_incrementDraftEntry;ServoPeregrino_Organizador_Items_fnc_initialize;ServoPeregrino_Organizador_Items_fnc_injectTestStoragePayload;ServoPeregrino_Organizador_Items_fnc_invalidateCatalogCache;ServoPeregrino_Organizador_Items_fnc_isValidItemKitId;ServoPeregrino_Organizador_Items_fnc_listKits;ServoPeregrino_Organizador_Items_fnc_loadDraftFromKit;ServoPeregrino_Organizador_Items_fnc_loadStorage;ServoPeregrino_Organizador_Items_fnc_mergeEntriesIntoDraft;ServoPeregrino_Organizador_Items_fnc_mergeKitIntoDraft;ServoPeregrino_Organizador_Items_fnc_migrateStorage;ServoPeregrino_Organizador_Items_fnc_normalizeItemEntries;ServoPeregrino_Organizador_Items_fnc_openCaptureDraft;ServoPeregrino_Organizador_Items_fnc_openInterface;ServoPeregrino_Organizador_Items_fnc_pushUIFeedback;ServoPeregrino_Organizador_Items_fnc_removeDraftEntry;ServoPeregrino_Organizador_Items_fnc_renameItemKit;ServoPeregrino_Organizador_Items_fnc_resetRuntimeForTests;ServoPeregrino_Organizador_Items_fnc_resolveCatalogItem;ServoPeregrino_Organizador_Items_fnc_resolvePlayerContainer;ServoPeregrino_Organizador_Items_fnc_resolveUIItemMetadata;ServoPeregrino_Organizador_Items_fnc_saveDraft;ServoPeregrino_Organizador_Items_fnc_saveDraftAsNew;ServoPeregrino_Organizador_Items_fnc_saveKit;ServoPeregrino_Organizador_Items_fnc_saveStorage;ServoPeregrino_Organizador_Items_fnc_setDraftEntryQuantity;ServoPeregrino_Organizador_Items_fnc_setDraftName;ServoPeregrino_Organizador_Items_fnc_setDraftPreferredTarget;ServoPeregrino_Organizador_Items_fnc_validateItemEntryEnvironmental;ServoPeregrino_Organizador_Items_fnc_validateItemEntrySemantic;ServoPeregrino_Organizador_Items_fnc_validateItemKitEnvironmental;ServoPeregrino_Organizador_Items_fnc_validateItemKitSemantic;ServoPeregrino_Organizador_Items_fnc_validateItemKitStructural;ServoPeregrino_Organizador_Items_fnc_validateNexus;ServoPeregrino_Organizador_Items_fnc_validateStorageSemantic;ServoPeregrino_Organizador_Nexus_fnc_getCapability;ServoPeregrino_Organizador_Nexus_fnc_hasCapability;ServoPeregrino_Organizador_Nexus_fnc_initialize
Items,tests,runDelivery0_7_1Tests,ServoPeregrino_Organizador_Items_fnc_runDelivery0_7_1Tests,functions/tests/fn_runDelivery0_7_1Tests.sqf,"[""_id"", """", [""""]], [""_condition"", false, [false]], [""_detail"", """", [""""]]",124756,ServoPeregrino_Organizador_Items_fnc_addCatalogItemToDraft;ServoPeregrino_Organizador_Items_fnc_addEntryToDraft;ServoPeregrino_Organizador_Items_fnc_analyzeContainerCargo;ServoPeregrino_Organizador_Items_fnc_buildCatalog;ServoPeregrino_Organizador_Items_fnc_buildUIViewModel;ServoPeregrino_Organizador_Items_fnc_capturePlayerContainer;ServoPeregrino_Organizador_Items_fnc_capturePlayerContainers;ServoPeregrino_Organizador_Items_fnc_classifyCargoClass;ServoPeregrino_Organizador_Items_fnc_classifyContentClass;ServoPeregrino_Organizador_Items_fnc_cloneItemKit;ServoPeregrino_Organizador_Items_fnc_cloneKit;ServoPeregrino_Organizador_Items_fnc_configureRepositoryTestMode;ServoPeregrino_Organizador_Items_fnc_createCaptureDraft;ServoPeregrino_Organizador_Items_fnc_createCatalogItemFromConfig;ServoPeregrino_Organizador_Items_fnc_createItemEntry;ServoPeregrino_Organizador_Items_fnc_createItemKit;ServoPeregrino_Organizador_Items_fnc_createNewDraft;ServoPeregrino_Organizador_Items_fnc_createStoragePayload;ServoPeregrino_Organizador_Items_fnc_decrementDraftEntry;ServoPeregrino_Organizador_Items_fnc_deepCopy;ServoPeregrino_Organizador_Items_fnc_deleteKit;ServoPeregrino_Organizador_Items_fnc_discardDraft;ServoPeregrino_Organizador_Items_fnc_filterCatalog;ServoPeregrino_Organizador_Items_fnc_generateItemKitId;ServoPeregrino_Organizador_Items_fnc_getBuildInfo;ServoPeregrino_Organizador_Items_fnc_getCatalog;ServoPeregrino_Organizador_Items_fnc_getCatalogCategories;ServoPeregrino_Organizador_Items_fnc_getCatalogStatus;ServoPeregrino_Organizador_Items_fnc_getDraftState;ServoPeregrino_Organizador_Items_fnc_getKit;ServoPeregrino_Organizador_Items_fnc_getLoadoutFingerprint;ServoPeregrino_Organizador_Items_fnc_getRepositoryStatus;ServoPeregrino_Organizador_Items_fnc_getRuntimeStatus;ServoPeregrino_Organizador_Items_fnc_getUIState;ServoPeregrino_Organizador_Items_fnc_incrementDraftEntry;ServoPeregrino_Organizador_Items_fnc_initialize;ServoPeregrino_Organizador_Items_fnc_injectTestStoragePayload;ServoPeregrino_Organizador_Items_fnc_invalidateCatalogCache;ServoPeregrino_Organizador_Items_fnc_isValidItemKitId;ServoPeregrino_Organizador_Items_fnc_listKits;ServoPeregrino_Organizador_Items_fnc_loadDraftFromKit;ServoPeregrino_Organizador_Items_fnc_loadStorage;ServoPeregrino_Organizador_Items_fnc_mergeEntriesIntoDraft;ServoPeregrino_Organizador_Items_fnc_mergeKitIntoDraft;ServoPeregrino_Organizador_Items_fnc_migrateStorage;ServoPeregrino_Organizador_Items_fnc_normalizeItemEntries;ServoPeregrino_Organizador_Items_fnc_openCaptureDraft;ServoPeregrino_Organizador_Items_fnc_openInterface;ServoPeregrino_Organizador_Items_fnc_pushUIFeedback;ServoPeregrino_Organizador_Items_fnc_removeDraftEntry;ServoPeregrino_Organizador_Items_fnc_renameItemKit;ServoPeregrino_Organizador_Items_fnc_resetRuntimeForTests;ServoPeregrino_Organizador_Items_fnc_resolveCatalogItem;ServoPeregrino_Organizador_Items_fnc_resolvePlayerContainer;ServoPeregrino_Organizador_Items_fnc_resolveUIItemMetadata;ServoPeregrino_Organizador_Items_fnc_saveDraft;ServoPeregrino_Organizador_Items_fnc_saveDraftAsNew;ServoPeregrino_Organizador_Items_fnc_saveKit;ServoPeregrino_Organizador_Items_fnc_saveStorage;ServoPeregrino_Organizador_Items_fnc_setDraftEntryQuantity;ServoPeregrino_Organizador_Items_fnc_setDraftName;ServoPeregrino_Organizador_Items_fnc_setDraftPreferredTarget;ServoPeregrino_Organizador_Items_fnc_validateItemEntryEnvironmental;ServoPeregrino_Organizador_Items_fnc_validateItemEntrySemantic;ServoPeregrino_Organizador_Items_fnc_validateItemKitEnvironmental;ServoPeregrino_Organizador_Items_fnc_validateItemKitSemantic;ServoPeregrino_Organizador_Items_fnc_validateItemKitStructural;ServoPeregrino_Organizador_Items_fnc_validateNexus;ServoPeregrino_Organizador_Items_fnc_validateStorageSemantic;ServoPeregrino_Organizador_Nexus_fnc_getCapability;ServoPeregrino_Organizador_Nexus_fnc_hasCapability;ServoPeregrino_Organizador_Nexus_fnc_initialize
Items,tests,runDelivery0_7_2Tests,ServoPeregrino_Organizador_Items_fnc_runDelivery0_7_2Tests,functions/tests/fn_runDelivery0_7_2Tests.sqf,"[""_id"", """", [""""]], [""_condition"", false, [false]], [""_detail"", """", [""""]]",126495,ServoPeregrino_Organizador_Items_fnc_addCatalogItemToDraft;ServoPeregrino_Organizador_Items_fnc_addEntryToDraft;ServoPeregrino_Organizador_Items_fnc_analyzeContainerCargo;ServoPeregrino_Organizador_Items_fnc_buildCatalog;ServoPeregrino_Organizador_Items_fnc_buildUIViewModel;ServoPeregrino_Organizador_Items_fnc_capturePlayerContainer;ServoPeregrino_Organizador_Items_fnc_capturePlayerContainers;ServoPeregrino_Organizador_Items_fnc_classifyCargoClass;ServoPeregrino_Organizador_Items_fnc_classifyContentClass;ServoPeregrino_Organizador_Items_fnc_cloneItemKit;ServoPeregrino_Organizador_Items_fnc_cloneKit;ServoPeregrino_Organizador_Items_fnc_configureRepositoryTestMode;ServoPeregrino_Organizador_Items_fnc_createCaptureDraft;ServoPeregrino_Organizador_Items_fnc_createCatalogItemFromConfig;ServoPeregrino_Organizador_Items_fnc_createItemEntry;ServoPeregrino_Organizador_Items_fnc_createItemKit;ServoPeregrino_Organizador_Items_fnc_createNewDraft;ServoPeregrino_Organizador_Items_fnc_createStoragePayload;ServoPeregrino_Organizador_Items_fnc_decrementDraftEntry;ServoPeregrino_Organizador_Items_fnc_deepCopy;ServoPeregrino_Organizador_Items_fnc_deleteKit;ServoPeregrino_Organizador_Items_fnc_discardDraft;ServoPeregrino_Organizador_Items_fnc_filterCatalog;ServoPeregrino_Organizador_Items_fnc_generateItemKitId;ServoPeregrino_Organizador_Items_fnc_getBuildInfo;ServoPeregrino_Organizador_Items_fnc_getCatalog;ServoPeregrino_Organizador_Items_fnc_getCatalogCategories;ServoPeregrino_Organizador_Items_fnc_getCatalogStatus;ServoPeregrino_Organizador_Items_fnc_getDraftState;ServoPeregrino_Organizador_Items_fnc_getKit;ServoPeregrino_Organizador_Items_fnc_getLoadoutFingerprint;ServoPeregrino_Organizador_Items_fnc_getRepositoryStatus;ServoPeregrino_Organizador_Items_fnc_getRuntimeStatus;ServoPeregrino_Organizador_Items_fnc_getUIState;ServoPeregrino_Organizador_Items_fnc_incrementDraftEntry;ServoPeregrino_Organizador_Items_fnc_initialize;ServoPeregrino_Organizador_Items_fnc_injectTestStoragePayload;ServoPeregrino_Organizador_Items_fnc_invalidateCatalogCache;ServoPeregrino_Organizador_Items_fnc_isValidItemKitId;ServoPeregrino_Organizador_Items_fnc_listKits;ServoPeregrino_Organizador_Items_fnc_loadDraftFromKit;ServoPeregrino_Organizador_Items_fnc_loadStorage;ServoPeregrino_Organizador_Items_fnc_mergeEntriesIntoDraft;ServoPeregrino_Organizador_Items_fnc_mergeKitIntoDraft;ServoPeregrino_Organizador_Items_fnc_migrateStorage;ServoPeregrino_Organizador_Items_fnc_normalizeItemEntries;ServoPeregrino_Organizador_Items_fnc_openCaptureDraft;ServoPeregrino_Organizador_Items_fnc_openInterface;ServoPeregrino_Organizador_Items_fnc_pushUIFeedback;ServoPeregrino_Organizador_Items_fnc_refreshInterface;ServoPeregrino_Organizador_Items_fnc_removeDraftEntry;ServoPeregrino_Organizador_Items_fnc_renameItemKit;ServoPeregrino_Organizador_Items_fnc_resetRuntimeForTests;ServoPeregrino_Organizador_Items_fnc_resolveCatalogItem;ServoPeregrino_Organizador_Items_fnc_resolvePlayerContainer;ServoPeregrino_Organizador_Items_fnc_resolveUIItemMetadata;ServoPeregrino_Organizador_Items_fnc_saveDraft;ServoPeregrino_Organizador_Items_fnc_saveDraftAsNew;ServoPeregrino_Organizador_Items_fnc_saveKit;ServoPeregrino_Organizador_Items_fnc_saveStorage;ServoPeregrino_Organizador_Items_fnc_setDraftEntryQuantity;ServoPeregrino_Organizador_Items_fnc_setDraftName;ServoPeregrino_Organizador_Items_fnc_setDraftPreferredTarget;ServoPeregrino_Organizador_Items_fnc_validateItemEntryEnvironmental;ServoPeregrino_Organizador_Items_fnc_validateItemEntrySemantic;ServoPeregrino_Organizador_Items_fnc_validateItemKitEnvironmental;ServoPeregrino_Organizador_Items_fnc_validateItemKitSemantic;ServoPeregrino_Organizador_Items_fnc_validateItemKitStructural;ServoPeregrino_Organizador_Items_fnc_validateNexus;ServoPeregrino_Organizador_Items_fnc_validateStorageSemantic;ServoPeregrino_Organizador_Nexus_fnc_getCapability;ServoPeregrino_Organizador_Nexus_fnc_hasCapability;ServoPeregrino_Organizador_Nexus_fnc_initialize
Items,tests,runDelivery0_8Tests,ServoPeregrino_Organizador_Items_fnc_runDelivery0_8Tests,functions/tests/fn_runDelivery0_8Tests.sqf,"[""_id"", """", [""""]], [""_condition"", false, [false]], [""_detail"", """", [""""]]",145392,ServoPeregrino_Organizador_Items_fnc_addCatalogItemToDraft;ServoPeregrino_Organizador_Items_fnc_addEntryToDraft;ServoPeregrino_Organizador_Items_fnc_analyzeContainerCargo;ServoPeregrino_Organizador_Items_fnc_buildCatalog;ServoPeregrino_Organizador_Items_fnc_buildUIViewModel;ServoPeregrino_Organizador_Items_fnc_capturePlayerContainer;ServoPeregrino_Organizador_Items_fnc_capturePlayerContainers;ServoPeregrino_Organizador_Items_fnc_classifyCargoClass;ServoPeregrino_Organizador_Items_fnc_classifyContentClass;ServoPeregrino_Organizador_Items_fnc_cloneItemKit;ServoPeregrino_Organizador_Items_fnc_cloneKit;ServoPeregrino_Organizador_Items_fnc_commitDraftQuantityFromControl;ServoPeregrino_Organizador_Items_fnc_configureRepositoryTestMode;ServoPeregrino_Organizador_Items_fnc_createCaptureDraft;ServoPeregrino_Organizador_Items_fnc_createCatalogItemFromConfig;ServoPeregrino_Organizador_Items_fnc_createItemEntry;ServoPeregrino_Organizador_Items_fnc_createItemKit;ServoPeregrino_Organizador_Items_fnc_createNewDraft;ServoPeregrino_Organizador_Items_fnc_createStoragePayload;ServoPeregrino_Organizador_Items_fnc_decrementDraftEntry;ServoPeregrino_Organizador_Items_fnc_deepCopy;ServoPeregrino_Organizador_Items_fnc_deleteKit;ServoPeregrino_Organizador_Items_fnc_discardDraft;ServoPeregrino_Organizador_Items_fnc_filterCatalog;ServoPeregrino_Organizador_Items_fnc_generateItemKitId;ServoPeregrino_Organizador_Items_fnc_getBuildInfo;ServoPeregrino_Organizador_Items_fnc_getCatalog;ServoPeregrino_Organizador_Items_fnc_getCatalogCategories;ServoPeregrino_Organizador_Items_fnc_getCatalogStatus;ServoPeregrino_Organizador_Items_fnc_getDraftState;ServoPeregrino_Organizador_Items_fnc_getKit;ServoPeregrino_Organizador_Items_fnc_getLoadoutFingerprint;ServoPeregrino_Organizador_Items_fnc_getRepositoryStatus;ServoPeregrino_Organizador_Items_fnc_getRuntimeStatus;ServoPeregrino_Organizador_Items_fnc_getUIState;ServoPeregrino_Organizador_Items_fnc_handleDraftRowAction;ServoPeregrino_Organizador_Items_fnc_handleUIDragEvent;ServoPeregrino_Organizador_Items_fnc_handleUIEvent;ServoPeregrino_Organizador_Items_fnc_handleUITransferToDraft;ServoPeregrino_Organizador_Items_fnc_incrementDraftEntry;ServoPeregrino_Organizador_Items_fnc_initialize;ServoPeregrino_Organizador_Items_fnc_injectTestStoragePayload;ServoPeregrino_Organizador_Items_fnc_invalidateCatalogCache;ServoPeregrino_Organizador_Items_fnc_isValidItemKitId;ServoPeregrino_Organizador_Items_fnc_listKits;ServoPeregrino_Organizador_Items_fnc_loadDraftFromKit;ServoPeregrino_Organizador_Items_fnc_loadStorage;ServoPeregrino_Organizador_Items_fnc_mergeEntriesIntoDraft;ServoPeregrino_Organizador_Items_fnc_mergeKitIntoDraft;ServoPeregrino_Organizador_Items_fnc_migrateStorage;ServoPeregrino_Organizador_Items_fnc_normalizeItemEntries;ServoPeregrino_Organizador_Items_fnc_openCaptureDraft;ServoPeregrino_Organizador_Items_fnc_openInterface;ServoPeregrino_Organizador_Items_fnc_pushUIFeedback;ServoPeregrino_Organizador_Items_fnc_refreshInterface;ServoPeregrino_Organizador_Items_fnc_removeDraftEntry;ServoPeregrino_Organizador_Items_fnc_renameItemKit;ServoPeregrino_Organizador_Items_fnc_resetRuntimeForTests;ServoPeregrino_Organizador_Items_fnc_resolveCatalogItem;ServoPeregrino_Organizador_Items_fnc_resolvePlayerContainer;ServoPeregrino_Organizador_Items_fnc_resolveUIItemMetadata;ServoPeregrino_Organizador_Items_fnc_saveDraft;ServoPeregrino_Organizador_Items_fnc_saveDraftAsNew;ServoPeregrino_Organizador_Items_fnc_saveKit;ServoPeregrino_Organizador_Items_fnc_saveStorage;ServoPeregrino_Organizador_Items_fnc_setDraftEntryQuantity;ServoPeregrino_Organizador_Items_fnc_setDraftName;ServoPeregrino_Organizador_Items_fnc_setDraftPreferredTarget;ServoPeregrino_Organizador_Items_fnc_validateItemEntryEnvironmental;ServoPeregrino_Organizador_Items_fnc_validateItemEntrySemantic;ServoPeregrino_Organizador_Items_fnc_validateItemKitEnvironmental;ServoPeregrino_Organizador_Items_fnc_validateItemKitSemantic;ServoPeregrino_Organizador_Items_fnc_validateItemKitStructural;ServoPeregrino_Organizador_Items_fnc_validateNexus;ServoPeregrino_Organizador_Items_fnc_validateStorageSemantic;ServoPeregrino_Organizador_Nexus_fnc_getCapability;ServoPeregrino_Organizador_Nexus_fnc_hasCapability;ServoPeregrino_Organizador_Nexus_fnc_initialize
Items,tests,runDelivery0_8_1Tests,ServoPeregrino_Organizador_Items_fnc_runDelivery0_8_1Tests,functions/tests/fn_runDelivery0_8_1Tests.sqf,"[""_id"", """", [""""]], [""_condition"", false, [false]], [""_detail"", """", [""""]]",153003,ServoPeregrino_Organizador_Items_fnc_addCatalogItemToDraft;ServoPeregrino_Organizador_Items_fnc_addEntryToDraft;ServoPeregrino_Organizador_Items_fnc_analyzeContainerCargo;ServoPeregrino_Organizador_Items_fnc_buildCatalog;ServoPeregrino_Organizador_Items_fnc_buildUIViewModel;ServoPeregrino_Organizador_Items_fnc_capturePlayerContainer;ServoPeregrino_Organizador_Items_fnc_capturePlayerContainers;ServoPeregrino_Organizador_Items_fnc_classifyCargoClass;ServoPeregrino_Organizador_Items_fnc_classifyContentClass;ServoPeregrino_Organizador_Items_fnc_cloneItemKit;ServoPeregrino_Organizador_Items_fnc_cloneKit;ServoPeregrino_Organizador_Items_fnc_commitDraftQuantityFromControl;ServoPeregrino_Organizador_Items_fnc_configureRepositoryTestMode;ServoPeregrino_Organizador_Items_fnc_createCaptureDraft;ServoPeregrino_Organizador_Items_fnc_createCatalogItemFromConfig;ServoPeregrino_Organizador_Items_fnc_createItemEntry;ServoPeregrino_Organizador_Items_fnc_createItemKit;ServoPeregrino_Organizador_Items_fnc_createNewDraft;ServoPeregrino_Organizador_Items_fnc_createStoragePayload;ServoPeregrino_Organizador_Items_fnc_decrementDraftEntry;ServoPeregrino_Organizador_Items_fnc_deepCopy;ServoPeregrino_Organizador_Items_fnc_deleteKit;ServoPeregrino_Organizador_Items_fnc_discardDraft;ServoPeregrino_Organizador_Items_fnc_filterCatalog;ServoPeregrino_Organizador_Items_fnc_generateItemKitId;ServoPeregrino_Organizador_Items_fnc_getBuildInfo;ServoPeregrino_Organizador_Items_fnc_getCatalog;ServoPeregrino_Organizador_Items_fnc_getCatalogCategories;ServoPeregrino_Organizador_Items_fnc_getCatalogStatus;ServoPeregrino_Organizador_Items_fnc_getDraftState;ServoPeregrino_Organizador_Items_fnc_getKit;ServoPeregrino_Organizador_Items_fnc_getLoadoutFingerprint;ServoPeregrino_Organizador_Items_fnc_getRepositoryStatus;ServoPeregrino_Organizador_Items_fnc_getRuntimeStatus;ServoPeregrino_Organizador_Items_fnc_getUIState;ServoPeregrino_Organizador_Items_fnc_handleDraftRowAction;ServoPeregrino_Organizador_Items_fnc_handleUIDragEvent;ServoPeregrino_Organizador_Items_fnc_handleUIEvent;ServoPeregrino_Organizador_Items_fnc_handleUITransferToDraft;ServoPeregrino_Organizador_Items_fnc_incrementDraftEntry;ServoPeregrino_Organizador_Items_fnc_initialize;ServoPeregrino_Organizador_Items_fnc_injectTestStoragePayload;ServoPeregrino_Organizador_Items_fnc_invalidateCatalogCache;ServoPeregrino_Organizador_Items_fnc_isValidItemKitId;ServoPeregrino_Organizador_Items_fnc_listKits;ServoPeregrino_Organizador_Items_fnc_loadDraftFromKit;ServoPeregrino_Organizador_Items_fnc_loadStorage;ServoPeregrino_Organizador_Items_fnc_mergeEntriesIntoDraft;ServoPeregrino_Organizador_Items_fnc_mergeKitIntoDraft;ServoPeregrino_Organizador_Items_fnc_migrateStorage;ServoPeregrino_Organizador_Items_fnc_normalizeItemEntries;ServoPeregrino_Organizador_Items_fnc_openCaptureDraft;ServoPeregrino_Organizador_Items_fnc_openInterface;ServoPeregrino_Organizador_Items_fnc_pushUIFeedback;ServoPeregrino_Organizador_Items_fnc_refreshInterface;ServoPeregrino_Organizador_Items_fnc_removeDraftEntry;ServoPeregrino_Organizador_Items_fnc_renameItemKit;ServoPeregrino_Organizador_Items_fnc_requestDraftTransition;ServoPeregrino_Organizador_Items_fnc_resetRuntimeForTests;ServoPeregrino_Organizador_Items_fnc_resolveCatalogItem;ServoPeregrino_Organizador_Items_fnc_resolvePlayerContainer;ServoPeregrino_Organizador_Items_fnc_resolveUIItemMetadata;ServoPeregrino_Organizador_Items_fnc_saveDraft;ServoPeregrino_Organizador_Items_fnc_saveDraftAsNew;ServoPeregrino_Organizador_Items_fnc_saveKit;ServoPeregrino_Organizador_Items_fnc_saveStorage;ServoPeregrino_Organizador_Items_fnc_setDraftEntryQuantity;ServoPeregrino_Organizador_Items_fnc_setDraftName;ServoPeregrino_Organizador_Items_fnc_setDraftPreferredTarget;ServoPeregrino_Organizador_Items_fnc_validateItemEntryEnvironmental;ServoPeregrino_Organizador_Items_fnc_validateItemEntrySemantic;ServoPeregrino_Organizador_Items_fnc_validateItemKitEnvironmental;ServoPeregrino_Organizador_Items_fnc_validateItemKitSemantic;ServoPeregrino_Organizador_Items_fnc_validateItemKitStructural;ServoPeregrino_Organizador_Items_fnc_validateNexus;ServoPeregrino_Organizador_Items_fnc_validateStorageSemantic;ServoPeregrino_Organizador_Nexus_fnc_getCapability;ServoPeregrino_Organizador_Nexus_fnc_hasCapability;ServoPeregrino_Organizador_Nexus_fnc_initialize
Items,tests,runDelivery0_8_2Tests,ServoPeregrino_Organizador_Items_fnc_runDelivery0_8_2Tests,functions/tests/fn_runDelivery0_8_2Tests.sqf,"[""_id"", """", [""""]], [""_condition"", false, [false]], [""_detail"", """", [""""]]",154562,ServoPeregrino_Organizador_Items_fnc_addCatalogItemToDraft;ServoPeregrino_Organizador_Items_fnc_addEntryToDraft;ServoPeregrino_Organizador_Items_fnc_analyzeContainerCargo;ServoPeregrino_Organizador_Items_fnc_buildCatalog;ServoPeregrino_Organizador_Items_fnc_buildUIViewModel;ServoPeregrino_Organizador_Items_fnc_capturePlayerContainer;ServoPeregrino_Organizador_Items_fnc_capturePlayerContainers;ServoPeregrino_Organizador_Items_fnc_classifyCargoClass;ServoPeregrino_Organizador_Items_fnc_classifyContentClass;ServoPeregrino_Organizador_Items_fnc_cloneItemKit;ServoPeregrino_Organizador_Items_fnc_cloneKit;ServoPeregrino_Organizador_Items_fnc_commitDraftQuantityFromControl;ServoPeregrino_Organizador_Items_fnc_configureRepositoryTestMode;ServoPeregrino_Organizador_Items_fnc_createCaptureDraft;ServoPeregrino_Organizador_Items_fnc_createCatalogItemFromConfig;ServoPeregrino_Organizador_Items_fnc_createItemEntry;ServoPeregrino_Organizador_Items_fnc_createItemKit;ServoPeregrino_Organizador_Items_fnc_createNewDraft;ServoPeregrino_Organizador_Items_fnc_createStoragePayload;ServoPeregrino_Organizador_Items_fnc_decrementDraftEntry;ServoPeregrino_Organizador_Items_fnc_deepCopy;ServoPeregrino_Organizador_Items_fnc_deleteKit;ServoPeregrino_Organizador_Items_fnc_discardDraft;ServoPeregrino_Organizador_Items_fnc_filterCatalog;ServoPeregrino_Organizador_Items_fnc_generateItemKitId;ServoPeregrino_Organizador_Items_fnc_getBuildInfo;ServoPeregrino_Organizador_Items_fnc_getCatalog;ServoPeregrino_Organizador_Items_fnc_getCatalogCategories;ServoPeregrino_Organizador_Items_fnc_getCatalogStatus;ServoPeregrino_Organizador_Items_fnc_getDraftState;ServoPeregrino_Organizador_Items_fnc_getKit;ServoPeregrino_Organizador_Items_fnc_getLoadoutFingerprint;ServoPeregrino_Organizador_Items_fnc_getRepositoryStatus;ServoPeregrino_Organizador_Items_fnc_getResponsiveCatalogLabels;ServoPeregrino_Organizador_Items_fnc_getRuntimeStatus;ServoPeregrino_Organizador_Items_fnc_getUIState;ServoPeregrino_Organizador_Items_fnc_handleDraftRowAction;ServoPeregrino_Organizador_Items_fnc_handleUIDragEvent;ServoPeregrino_Organizador_Items_fnc_handleUIEvent;ServoPeregrino_Organizador_Items_fnc_handleUITransferToDraft;ServoPeregrino_Organizador_Items_fnc_incrementDraftEntry;ServoPeregrino_Organizador_Items_fnc_initialize;ServoPeregrino_Organizador_Items_fnc_injectTestStoragePayload;ServoPeregrino_Organizador_Items_fnc_invalidateCatalogCache;ServoPeregrino_Organizador_Items_fnc_isValidItemKitId;ServoPeregrino_Organizador_Items_fnc_listKits;ServoPeregrino_Organizador_Items_fnc_loadDraftFromKit;ServoPeregrino_Organizador_Items_fnc_loadStorage;ServoPeregrino_Organizador_Items_fnc_mergeEntriesIntoDraft;ServoPeregrino_Organizador_Items_fnc_mergeKitIntoDraft;ServoPeregrino_Organizador_Items_fnc_migrateStorage;ServoPeregrino_Organizador_Items_fnc_normalizeItemEntries;ServoPeregrino_Organizador_Items_fnc_openCaptureDraft;ServoPeregrino_Organizador_Items_fnc_openInterface;ServoPeregrino_Organizador_Items_fnc_pushUIFeedback;ServoPeregrino_Organizador_Items_fnc_refreshInterface;ServoPeregrino_Organizador_Items_fnc_removeDraftEntry;ServoPeregrino_Organizador_Items_fnc_renameItemKit;ServoPeregrino_Organizador_Items_fnc_requestDraftTransition;ServoPeregrino_Organizador_Items_fnc_resetRuntimeForTests;ServoPeregrino_Organizador_Items_fnc_resolveCatalogItem;ServoPeregrino_Organizador_Items_fnc_resolvePlayerContainer;ServoPeregrino_Organizador_Items_fnc_resolveUIItemMetadata;ServoPeregrino_Organizador_Items_fnc_saveDraft;ServoPeregrino_Organizador_Items_fnc_saveDraftAsNew;ServoPeregrino_Organizador_Items_fnc_saveKit;ServoPeregrino_Organizador_Items_fnc_saveStorage;ServoPeregrino_Organizador_Items_fnc_setDraftEntryQuantity;ServoPeregrino_Organizador_Items_fnc_setDraftName;ServoPeregrino_Organizador_Items_fnc_setDraftPreferredTarget;ServoPeregrino_Organizador_Items_fnc_validateItemEntryEnvironmental;ServoPeregrino_Organizador_Items_fnc_validateItemEntrySemantic;ServoPeregrino_Organizador_Items_fnc_validateItemKitEnvironmental;ServoPeregrino_Organizador_Items_fnc_validateItemKitSemantic;ServoPeregrino_Organizador_Items_fnc_validateItemKitStructural;ServoPeregrino_Organizador_Items_fnc_validateNexus;ServoPeregrino_Organizador_Items_fnc_validateStorageSemantic;ServoPeregrino_Organizador_Nexus_fnc_getCapability;ServoPeregrino_Organizador_Nexus_fnc_hasCapability;ServoPeregrino_Organizador_Nexus_fnc_initialize
Items,tests,runDelivery0_8_3Tests,ServoPeregrino_Organizador_Items_fnc_runDelivery0_8_3Tests,functions/tests/fn_runDelivery0_8_3Tests.sqf,"[""_id"", """", [""""]], [""_condition"", false, [false]], [""_detail"", """", [""""]]",161482,ServoPeregrino_Organizador_Items_fnc_addCatalogItemToDraft;ServoPeregrino_Organizador_Items_fnc_addEntryToDraft;ServoPeregrino_Organizador_Items_fnc_analyzeContainerCargo;ServoPeregrino_Organizador_Items_fnc_buildCatalog;ServoPeregrino_Organizador_Items_fnc_buildUIViewModel;ServoPeregrino_Organizador_Items_fnc_cancelUIDrag;ServoPeregrino_Organizador_Items_fnc_capturePlayerContainer;ServoPeregrino_Organizador_Items_fnc_capturePlayerContainers;ServoPeregrino_Organizador_Items_fnc_classifyCargoClass;ServoPeregrino_Organizador_Items_fnc_classifyContentClass;ServoPeregrino_Organizador_Items_fnc_cloneItemKit;ServoPeregrino_Organizador_Items_fnc_cloneKit;ServoPeregrino_Organizador_Items_fnc_commitDraftQuantityFromControl;ServoPeregrino_Organizador_Items_fnc_configureRepositoryTestMode;ServoPeregrino_Organizador_Items_fnc_createCaptureDraft;ServoPeregrino_Organizador_Items_fnc_createCatalogItemFromConfig;ServoPeregrino_Organizador_Items_fnc_createItemEntry;ServoPeregrino_Organizador_Items_fnc_createItemKit;ServoPeregrino_Organizador_Items_fnc_createNewDraft;ServoPeregrino_Organizador_Items_fnc_createStoragePayload;ServoPeregrino_Organizador_Items_fnc_decrementDraftEntry;ServoPeregrino_Organizador_Items_fnc_deepCopy;ServoPeregrino_Organizador_Items_fnc_deleteKit;ServoPeregrino_Organizador_Items_fnc_discardDraft;ServoPeregrino_Organizador_Items_fnc_filterCatalog;ServoPeregrino_Organizador_Items_fnc_generateItemKitId;ServoPeregrino_Organizador_Items_fnc_getBuildInfo;ServoPeregrino_Organizador_Items_fnc_getCatalog;ServoPeregrino_Organizador_Items_fnc_getCatalogCategories;ServoPeregrino_Organizador_Items_fnc_getCatalogStatus;ServoPeregrino_Organizador_Items_fnc_getDraftState;ServoPeregrino_Organizador_Items_fnc_getKit;ServoPeregrino_Organizador_Items_fnc_getLoadoutFingerprint;ServoPeregrino_Organizador_Items_fnc_getRepositoryStatus;ServoPeregrino_Organizador_Items_fnc_getResponsiveCatalogLabels;ServoPeregrino_Organizador_Items_fnc_getRuntimeStatus;ServoPeregrino_Organizador_Items_fnc_getUIState;ServoPeregrino_Organizador_Items_fnc_handleDraftQuantityKeyDown;ServoPeregrino_Organizador_Items_fnc_handleDraftRowAction;ServoPeregrino_Organizador_Items_fnc_handleUIDragEvent;ServoPeregrino_Organizador_Items_fnc_handleUIEvent;ServoPeregrino_Organizador_Items_fnc_handleUITransferToDraft;ServoPeregrino_Organizador_Items_fnc_incrementDraftEntry;ServoPeregrino_Organizador_Items_fnc_initialize;ServoPeregrino_Organizador_Items_fnc_injectTestStoragePayload;ServoPeregrino_Organizador_Items_fnc_invalidateCatalogCache;ServoPeregrino_Organizador_Items_fnc_isValidItemKitId;ServoPeregrino_Organizador_Items_fnc_listKits;ServoPeregrino_Organizador_Items_fnc_loadDraftFromKit;ServoPeregrino_Organizador_Items_fnc_loadStorage;ServoPeregrino_Organizador_Items_fnc_mergeEntriesIntoDraft;ServoPeregrino_Organizador_Items_fnc_mergeKitIntoDraft;ServoPeregrino_Organizador_Items_fnc_migrateStorage;ServoPeregrino_Organizador_Items_fnc_normalizeItemEntries;ServoPeregrino_Organizador_Items_fnc_openCaptureDraft;ServoPeregrino_Organizador_Items_fnc_openInterface;ServoPeregrino_Organizador_Items_fnc_pushUIFeedback;ServoPeregrino_Organizador_Items_fnc_refreshInterface;ServoPeregrino_Organizador_Items_fnc_removeDraftEntry;ServoPeregrino_Organizador_Items_fnc_renameItemKit;ServoPeregrino_Organizador_Items_fnc_requestDraftTransition;ServoPeregrino_Organizador_Items_fnc_resetRuntimeForTests;ServoPeregrino_Organizador_Items_fnc_resolveCatalogItem;ServoPeregrino_Organizador_Items_fnc_resolvePlayerContainer;ServoPeregrino_Organizador_Items_fnc_resolveUIItemMetadata;ServoPeregrino_Organizador_Items_fnc_saveDraft;ServoPeregrino_Organizador_Items_fnc_saveDraftAsNew;ServoPeregrino_Organizador_Items_fnc_saveKit;ServoPeregrino_Organizador_Items_fnc_saveStorage;ServoPeregrino_Organizador_Items_fnc_setDraftEntryQuantity;ServoPeregrino_Organizador_Items_fnc_setDraftName;ServoPeregrino_Organizador_Items_fnc_setDraftPreferredTarget;ServoPeregrino_Organizador_Items_fnc_validateItemEntryEnvironmental;ServoPeregrino_Organizador_Items_fnc_validateItemEntrySemantic;ServoPeregrino_Organizador_Items_fnc_validateItemKitEnvironmental;ServoPeregrino_Organizador_Items_fnc_validateItemKitSemantic;ServoPeregrino_Organizador_Items_fnc_validateItemKitStructural;ServoPeregrino_Organizador_Items_fnc_validateNexus;ServoPeregrino_Organizador_Items_fnc_validateStorageSemantic;ServoPeregrino_Organizador_Nexus_fnc_getCapability;ServoPeregrino_Organizador_Nexus_fnc_hasCapability;ServoPeregrino_Organizador_Nexus_fnc_initialize
Items,tests,runDelivery0_9Tests,ServoPeregrino_Organizador_Items_fnc_runDelivery0_9Tests,functions/tests/fn_runDelivery0_9Tests.sqf,"[""_id"", """", [""""]], [""_condition"", false, [false]], [""_detail"", """", [""""]]",184852,ServoPeregrino_Organizador_Items_fnc_addCatalogItemToDraft;ServoPeregrino_Organizador_Items_fnc_addEntryToDraft;ServoPeregrino_Organizador_Items_fnc_analyzeContainerCargo;ServoPeregrino_Organizador_Items_fnc_buildCatalog;ServoPeregrino_Organizador_Items_fnc_buildMutableFingerprint;ServoPeregrino_Organizador_Items_fnc_buildUIViewModel;ServoPeregrino_Organizador_Items_fnc_cancelUIDrag;ServoPeregrino_Organizador_Items_fnc_captureContainerContent;ServoPeregrino_Organizador_Items_fnc_captureContainerSnapshot;ServoPeregrino_Organizador_Items_fnc_capturePlayerContainer;ServoPeregrino_Organizador_Items_fnc_capturePlayerContainers;ServoPeregrino_Organizador_Items_fnc_classifyCargoClass;ServoPeregrino_Organizador_Items_fnc_classifyContentClass;ServoPeregrino_Organizador_Items_fnc_cloneItemKit;ServoPeregrino_Organizador_Items_fnc_cloneKit;ServoPeregrino_Organizador_Items_fnc_commitDraftQuantityFromControl;ServoPeregrino_Organizador_Items_fnc_configureRepositoryTestMode;ServoPeregrino_Organizador_Items_fnc_createApplicationPlan;ServoPeregrino_Organizador_Items_fnc_createCaptureDraft;ServoPeregrino_Organizador_Items_fnc_createCatalogItemFromConfig;ServoPeregrino_Organizador_Items_fnc_createItemEntry;ServoPeregrino_Organizador_Items_fnc_createItemKit;ServoPeregrino_Organizador_Items_fnc_createNewDraft;ServoPeregrino_Organizador_Items_fnc_createStoragePayload;ServoPeregrino_Organizador_Items_fnc_decrementDraftEntry;ServoPeregrino_Organizador_Items_fnc_deepCopy;ServoPeregrino_Organizador_Items_fnc_deleteKit;ServoPeregrino_Organizador_Items_fnc_discardDraft;ServoPeregrino_Organizador_Items_fnc_executeApplicationPlan;ServoPeregrino_Organizador_Items_fnc_filterCatalog;ServoPeregrino_Organizador_Items_fnc_generateItemKitId;ServoPeregrino_Organizador_Items_fnc_getApplicationStatus;ServoPeregrino_Organizador_Items_fnc_getBuildInfo;ServoPeregrino_Organizador_Items_fnc_getCatalog;ServoPeregrino_Organizador_Items_fnc_getCatalogCategories;ServoPeregrino_Organizador_Items_fnc_getCatalogStatus;ServoPeregrino_Organizador_Items_fnc_getDraftState;ServoPeregrino_Organizador_Items_fnc_getEntryUnitMass;ServoPeregrino_Organizador_Items_fnc_getKit;ServoPeregrino_Organizador_Items_fnc_getLoadoutFingerprint;ServoPeregrino_Organizador_Items_fnc_getMutableContentFingerprint;ServoPeregrino_Organizador_Items_fnc_getRepositoryStatus;ServoPeregrino_Organizador_Items_fnc_getResponsiveCatalogLabels;ServoPeregrino_Organizador_Items_fnc_getRuntimeStatus;ServoPeregrino_Organizador_Items_fnc_getUIState;ServoPeregrino_Organizador_Items_fnc_handleDraftQuantityKeyDown;ServoPeregrino_Organizador_Items_fnc_handleDraftRowAction;ServoPeregrino_Organizador_Items_fnc_handleUIDragEvent;ServoPeregrino_Organizador_Items_fnc_handleUIEvent;ServoPeregrino_Organizador_Items_fnc_handleUITransferToDraft;ServoPeregrino_Organizador_Items_fnc_incrementDraftEntry;ServoPeregrino_Organizador_Items_fnc_initialize;ServoPeregrino_Organizador_Items_fnc_injectTestStoragePayload;ServoPeregrino_Organizador_Items_fnc_invalidateCatalogCache;ServoPeregrino_Organizador_Items_fnc_isValidItemKitId;ServoPeregrino_Organizador_Items_fnc_listKits;ServoPeregrino_Organizador_Items_fnc_loadDraftFromKit;ServoPeregrino_Organizador_Items_fnc_loadStorage;ServoPeregrino_Organizador_Items_fnc_mergeEntriesIntoDraft;ServoPeregrino_Organizador_Items_fnc_mergeKitIntoDraft;ServoPeregrino_Organizador_Items_fnc_migrateStorage;ServoPeregrino_Organizador_Items_fnc_normalizeItemEntries;ServoPeregrino_Organizador_Items_fnc_openCaptureDraft;ServoPeregrino_Organizador_Items_fnc_openInterface;ServoPeregrino_Organizador_Items_fnc_pushUIFeedback;ServoPeregrino_Organizador_Items_fnc_refreshInterface;ServoPeregrino_Organizador_Items_fnc_removeDraftEntry;ServoPeregrino_Organizador_Items_fnc_renameItemKit;ServoPeregrino_Organizador_Items_fnc_requestDraftTransition;ServoPeregrino_Organizador_Items_fnc_resetRuntimeForTests;ServoPeregrino_Organizador_Items_fnc_resolveCatalogItem;ServoPeregrino_Organizador_Items_fnc_resolvePlayerContainer;ServoPeregrino_Organizador_Items_fnc_resolveUIItemMetadata;ServoPeregrino_Organizador_Items_fnc_saveDraft;ServoPeregrino_Organizador_Items_fnc_saveDraftAsNew;ServoPeregrino_Organizador_Items_fnc_saveKit;ServoPeregrino_Organizador_Items_fnc_saveStorage;ServoPeregrino_Organizador_Items_fnc_setDraftEntryQuantity;ServoPeregrino_Organizador_Items_fnc_setDraftName;ServoPeregrino_Organizador_Items_fnc_setDraftPreferredTarget;ServoPeregrino_Organizador_Items_fnc_validateItemEntryEnvironmental;ServoPeregrino_Organizador_Items_fnc_validateItemEntrySemantic;ServoPeregrino_Organizador_Items_fnc_validateItemKitEnvironmental;ServoPeregrino_Organizador_Items_fnc_validateItemKitSemantic;ServoPeregrino_Organizador_Items_fnc_validateItemKitStructural;ServoPeregrino_Organizador_Items_fnc_validateNexus;ServoPeregrino_Organizador_Items_fnc_validateStorageSemantic;ServoPeregrino_Organizador_Nexus_fnc_getCapability;ServoPeregrino_Organizador_Nexus_fnc_hasCapability;ServoPeregrino_Organizador_Nexus_fnc_initialize
Items,tests,runDelivery0_9_1Tests,ServoPeregrino_Organizador_Items_fnc_runDelivery0_9_1Tests,functions/tests/fn_runDelivery0_9_1Tests.sqf,"[""_id"", """", [""""]], [""_condition"", false, [false]], [""_detail"", """", [""""]]",194710,ServoPeregrino_Organizador_Items_fnc_addCatalogItemToDraft;ServoPeregrino_Organizador_Items_fnc_addEntryToDraft;ServoPeregrino_Organizador_Items_fnc_analyzeContainerCargo;ServoPeregrino_Organizador_Items_fnc_buildCatalog;ServoPeregrino_Organizador_Items_fnc_buildMutableFingerprint;ServoPeregrino_Organizador_Items_fnc_buildUIViewModel;ServoPeregrino_Organizador_Items_fnc_cancelUIDrag;ServoPeregrino_Organizador_Items_fnc_captureContainerContent;ServoPeregrino_Organizador_Items_fnc_captureContainerSnapshot;ServoPeregrino_Organizador_Items_fnc_capturePlayerContainer;ServoPeregrino_Organizador_Items_fnc_capturePlayerContainers;ServoPeregrino_Organizador_Items_fnc_classifyCargoClass;ServoPeregrino_Organizador_Items_fnc_classifyContentClass;ServoPeregrino_Organizador_Items_fnc_cloneItemKit;ServoPeregrino_Organizador_Items_fnc_cloneKit;ServoPeregrino_Organizador_Items_fnc_commitDraftQuantityFromControl;ServoPeregrino_Organizador_Items_fnc_configureRepositoryTestMode;ServoPeregrino_Organizador_Items_fnc_createApplicationPlan;ServoPeregrino_Organizador_Items_fnc_createCaptureDraft;ServoPeregrino_Organizador_Items_fnc_createCatalogItemFromConfig;ServoPeregrino_Organizador_Items_fnc_createItemEntry;ServoPeregrino_Organizador_Items_fnc_createItemKit;ServoPeregrino_Organizador_Items_fnc_createNewDraft;ServoPeregrino_Organizador_Items_fnc_createStoragePayload;ServoPeregrino_Organizador_Items_fnc_decrementDraftEntry;ServoPeregrino_Organizador_Items_fnc_deepCopy;ServoPeregrino_Organizador_Items_fnc_deleteKit;ServoPeregrino_Organizador_Items_fnc_deleteKitPreservingDraft;ServoPeregrino_Organizador_Items_fnc_discardDraft;ServoPeregrino_Organizador_Items_fnc_executeApplicationPlan;ServoPeregrino_Organizador_Items_fnc_filterCatalog;ServoPeregrino_Organizador_Items_fnc_generateItemKitId;ServoPeregrino_Organizador_Items_fnc_getApplicationStatus;ServoPeregrino_Organizador_Items_fnc_getBuildInfo;ServoPeregrino_Organizador_Items_fnc_getCatalog;ServoPeregrino_Organizador_Items_fnc_getCatalogCategories;ServoPeregrino_Organizador_Items_fnc_getCatalogStatus;ServoPeregrino_Organizador_Items_fnc_getDraftState;ServoPeregrino_Organizador_Items_fnc_getEntryUnitMass;ServoPeregrino_Organizador_Items_fnc_getKit;ServoPeregrino_Organizador_Items_fnc_getLoadoutFingerprint;ServoPeregrino_Organizador_Items_fnc_getMutableContentFingerprint;ServoPeregrino_Organizador_Items_fnc_getRepositoryStatus;ServoPeregrino_Organizador_Items_fnc_getResponsiveCatalogLabels;ServoPeregrino_Organizador_Items_fnc_getRuntimeStatus;ServoPeregrino_Organizador_Items_fnc_getUIState;ServoPeregrino_Organizador_Items_fnc_handleDraftQuantityKeyDown;ServoPeregrino_Organizador_Items_fnc_handleDraftRowAction;ServoPeregrino_Organizador_Items_fnc_handleUIDragEvent;ServoPeregrino_Organizador_Items_fnc_handleUIEvent;ServoPeregrino_Organizador_Items_fnc_handleUITransferToDraft;ServoPeregrino_Organizador_Items_fnc_incrementDraftEntry;ServoPeregrino_Organizador_Items_fnc_initialize;ServoPeregrino_Organizador_Items_fnc_injectTestStoragePayload;ServoPeregrino_Organizador_Items_fnc_invalidateCatalogCache;ServoPeregrino_Organizador_Items_fnc_isValidItemKitId;ServoPeregrino_Organizador_Items_fnc_listKits;ServoPeregrino_Organizador_Items_fnc_loadDraftFromKit;ServoPeregrino_Organizador_Items_fnc_loadStorage;ServoPeregrino_Organizador_Items_fnc_mergeEntriesIntoDraft;ServoPeregrino_Organizador_Items_fnc_mergeKitIntoDraft;ServoPeregrino_Organizador_Items_fnc_migrateStorage;ServoPeregrino_Organizador_Items_fnc_mutateContainerEntry;ServoPeregrino_Organizador_Items_fnc_normalizeItemEntries;ServoPeregrino_Organizador_Items_fnc_openCaptureDraft;ServoPeregrino_Organizador_Items_fnc_openInterface;ServoPeregrino_Organizador_Items_fnc_pushUIFeedback;ServoPeregrino_Organizador_Items_fnc_refreshInterface;ServoPeregrino_Organizador_Items_fnc_removeDraftEntry;ServoPeregrino_Organizador_Items_fnc_renameItemKit;ServoPeregrino_Organizador_Items_fnc_requestDraftTransition;ServoPeregrino_Organizador_Items_fnc_resetRuntimeForTests;ServoPeregrino_Organizador_Items_fnc_resolveCatalogItem;ServoPeregrino_Organizador_Items_fnc_resolvePlayerContainer;ServoPeregrino_Organizador_Items_fnc_resolveUIItemMetadata;ServoPeregrino_Organizador_Items_fnc_rollbackApplication;ServoPeregrino_Organizador_Items_fnc_saveDraft;ServoPeregrino_Organizador_Items_fnc_saveDraftAsNew;ServoPeregrino_Organizador_Items_fnc_saveKit;ServoPeregrino_Organizador_Items_fnc_saveStorage;ServoPeregrino_Organizador_Items_fnc_setDraftEntryQuantity;ServoPeregrino_Organizador_Items_fnc_setDraftName;ServoPeregrino_Organizador_Items_fnc_setDraftPreferredTarget;ServoPeregrino_Organizador_Items_fnc_validateItemEntryEnvironmental;ServoPeregrino_Organizador_Items_fnc_validateItemEntrySemantic;ServoPeregrino_Organizador_Items_fnc_validateItemKitEnvironmental;ServoPeregrino_Organizador_Items_fnc_validateItemKitSemantic;ServoPeregrino_Organizador_Items_fnc_validateItemKitStructural;ServoPeregrino_Organizador_Items_fnc_validateNexus;ServoPeregrino_Organizador_Items_fnc_validateStorageSemantic;ServoPeregrino_Organizador_Nexus_fnc_getCapability;ServoPeregrino_Organizador_Nexus_fnc_hasCapability;ServoPeregrino_Organizador_Nexus_fnc_initialize
Items,tests,runDelivery0_9_2Tests,ServoPeregrino_Organizador_Items_fnc_runDelivery0_9_2Tests,functions/tests/fn_runDelivery0_9_2Tests.sqf,"[""_id"", """", [""""]], [""_condition"", false, [false]], [""_detail"", """", [""""]]",201995,ServoPeregrino_Organizador_Items_fnc_addCatalogItemToDraft;ServoPeregrino_Organizador_Items_fnc_addEntryToDraft;ServoPeregrino_Organizador_Items_fnc_analyzeContainerCargo;ServoPeregrino_Organizador_Items_fnc_buildCatalog;ServoPeregrino_Organizador_Items_fnc_buildMutableFingerprint;ServoPeregrino_Organizador_Items_fnc_buildUIViewModel;ServoPeregrino_Organizador_Items_fnc_cancelUIDrag;ServoPeregrino_Organizador_Items_fnc_captureContainerContent;ServoPeregrino_Organizador_Items_fnc_captureContainerSnapshot;ServoPeregrino_Organizador_Items_fnc_capturePlayerContainer;ServoPeregrino_Organizador_Items_fnc_capturePlayerContainers;ServoPeregrino_Organizador_Items_fnc_classifyCargoClass;ServoPeregrino_Organizador_Items_fnc_classifyContentClass;ServoPeregrino_Organizador_Items_fnc_cloneItemKit;ServoPeregrino_Organizador_Items_fnc_cloneKit;ServoPeregrino_Organizador_Items_fnc_commitDraftQuantityFromControl;ServoPeregrino_Organizador_Items_fnc_compareLoadoutFingerprints;ServoPeregrino_Organizador_Items_fnc_configureRepositoryTestMode;ServoPeregrino_Organizador_Items_fnc_createApplicationPlan;ServoPeregrino_Organizador_Items_fnc_createCaptureDraft;ServoPeregrino_Organizador_Items_fnc_createCatalogItemFromConfig;ServoPeregrino_Organizador_Items_fnc_createItemEntry;ServoPeregrino_Organizador_Items_fnc_createItemKit;ServoPeregrino_Organizador_Items_fnc_createNewDraft;ServoPeregrino_Organizador_Items_fnc_createStoragePayload;ServoPeregrino_Organizador_Items_fnc_decrementDraftEntry;ServoPeregrino_Organizador_Items_fnc_deepCopy;ServoPeregrino_Organizador_Items_fnc_deleteKit;ServoPeregrino_Organizador_Items_fnc_deleteKitPreservingDraft;ServoPeregrino_Organizador_Items_fnc_discardDraft;ServoPeregrino_Organizador_Items_fnc_executeApplicationPlan;ServoPeregrino_Organizador_Items_fnc_filterCatalog;ServoPeregrino_Organizador_Items_fnc_generateItemKitId;ServoPeregrino_Organizador_Items_fnc_getApplicationStatus;ServoPeregrino_Organizador_Items_fnc_getBuildInfo;ServoPeregrino_Organizador_Items_fnc_getCatalog;ServoPeregrino_Organizador_Items_fnc_getCatalogCategories;ServoPeregrino_Organizador_Items_fnc_getCatalogStatus;ServoPeregrino_Organizador_Items_fnc_getDraftState;ServoPeregrino_Organizador_Items_fnc_getEntryUnitMass;ServoPeregrino_Organizador_Items_fnc_getKit;ServoPeregrino_Organizador_Items_fnc_getLoadoutFingerprint;ServoPeregrino_Organizador_Items_fnc_getMutableContentFingerprint;ServoPeregrino_Organizador_Items_fnc_getRepositoryStatus;ServoPeregrino_Organizador_Items_fnc_getResponsiveCatalogLabels;ServoPeregrino_Organizador_Items_fnc_getRuntimeStatus;ServoPeregrino_Organizador_Items_fnc_getUIState;ServoPeregrino_Organizador_Items_fnc_handleDraftQuantityKeyDown;ServoPeregrino_Organizador_Items_fnc_handleDraftRowAction;ServoPeregrino_Organizador_Items_fnc_handleUIDragEvent;ServoPeregrino_Organizador_Items_fnc_handleUIEvent;ServoPeregrino_Organizador_Items_fnc_handleUITransferToDraft;ServoPeregrino_Organizador_Items_fnc_incrementDraftEntry;ServoPeregrino_Organizador_Items_fnc_initialize;ServoPeregrino_Organizador_Items_fnc_injectTestStoragePayload;ServoPeregrino_Organizador_Items_fnc_invalidateCatalogCache;ServoPeregrino_Organizador_Items_fnc_isValidItemKitId;ServoPeregrino_Organizador_Items_fnc_listKits;ServoPeregrino_Organizador_Items_fnc_loadDraftFromKit;ServoPeregrino_Organizador_Items_fnc_loadStorage;ServoPeregrino_Organizador_Items_fnc_mergeEntriesIntoDraft;ServoPeregrino_Organizador_Items_fnc_mergeKitIntoDraft;ServoPeregrino_Organizador_Items_fnc_migrateStorage;ServoPeregrino_Organizador_Items_fnc_mutateContainerEntry;ServoPeregrino_Organizador_Items_fnc_normalizeItemEntries;ServoPeregrino_Organizador_Items_fnc_openCaptureDraft;ServoPeregrino_Organizador_Items_fnc_openInterface;ServoPeregrino_Organizador_Items_fnc_pushUIFeedback;ServoPeregrino_Organizador_Items_fnc_refreshInterface;ServoPeregrino_Organizador_Items_fnc_removeDraftEntry;ServoPeregrino_Organizador_Items_fnc_renameItemKit;ServoPeregrino_Organizador_Items_fnc_requestDraftTransition;ServoPeregrino_Organizador_Items_fnc_resetRuntimeForTests;ServoPeregrino_Organizador_Items_fnc_resolveCatalogItem;ServoPeregrino_Organizador_Items_fnc_resolvePlayerContainer;ServoPeregrino_Organizador_Items_fnc_resolveUIItemMetadata;ServoPeregrino_Organizador_Items_fnc_rollbackApplication;ServoPeregrino_Organizador_Items_fnc_saveDraft;ServoPeregrino_Organizador_Items_fnc_saveDraftAsNew;ServoPeregrino_Organizador_Items_fnc_saveKit;ServoPeregrino_Organizador_Items_fnc_saveStorage;ServoPeregrino_Organizador_Items_fnc_setDraftEntryQuantity;ServoPeregrino_Organizador_Items_fnc_setDraftName;ServoPeregrino_Organizador_Items_fnc_setDraftPreferredTarget;ServoPeregrino_Organizador_Items_fnc_validateItemEntryEnvironmental;ServoPeregrino_Organizador_Items_fnc_validateItemEntrySemantic;ServoPeregrino_Organizador_Items_fnc_validateItemKitEnvironmental;ServoPeregrino_Organizador_Items_fnc_validateItemKitSemantic;ServoPeregrino_Organizador_Items_fnc_validateItemKitStructural;ServoPeregrino_Organizador_Items_fnc_validateNexus;ServoPeregrino_Organizador_Items_fnc_validateStorageSemantic;ServoPeregrino_Organizador_Nexus_fnc_getCapability;ServoPeregrino_Organizador_Nexus_fnc_hasCapability;ServoPeregrino_Organizador_Nexus_fnc_initialize
Items,tests,runDelivery0_9_3Tests,ServoPeregrino_Organizador_Items_fnc_runDelivery0_9_3Tests,functions/tests/fn_runDelivery0_9_3Tests.sqf,"[""_id"", """", [""""]], [""_condition"", false, [false]], [""_detail"", """", [""""]]",214465,ServoPeregrino_Organizador_Items_fnc_addCatalogItemToDraft;ServoPeregrino_Organizador_Items_fnc_addEntryToDraft;ServoPeregrino_Organizador_Items_fnc_analyzeContainerCargo;ServoPeregrino_Organizador_Items_fnc_buildCatalog;ServoPeregrino_Organizador_Items_fnc_buildMutableFingerprint;ServoPeregrino_Organizador_Items_fnc_buildUIViewModel;ServoPeregrino_Organizador_Items_fnc_cancelUIDrag;ServoPeregrino_Organizador_Items_fnc_captureContainerContent;ServoPeregrino_Organizador_Items_fnc_captureContainerSnapshot;ServoPeregrino_Organizador_Items_fnc_capturePlayerContainer;ServoPeregrino_Organizador_Items_fnc_capturePlayerContainers;ServoPeregrino_Organizador_Items_fnc_classifyCargoClass;ServoPeregrino_Organizador_Items_fnc_classifyContentClass;ServoPeregrino_Organizador_Items_fnc_cloneItemKit;ServoPeregrino_Organizador_Items_fnc_cloneKit;ServoPeregrino_Organizador_Items_fnc_commitDraftQuantityFromControl;ServoPeregrino_Organizador_Items_fnc_compareLoadoutFingerprints;ServoPeregrino_Organizador_Items_fnc_configureRepositoryTestMode;ServoPeregrino_Organizador_Items_fnc_createApplicationPlan;ServoPeregrino_Organizador_Items_fnc_createCaptureDraft;ServoPeregrino_Organizador_Items_fnc_createCatalogItemFromConfig;ServoPeregrino_Organizador_Items_fnc_createItemEntry;ServoPeregrino_Organizador_Items_fnc_createItemKit;ServoPeregrino_Organizador_Items_fnc_createNewDraft;ServoPeregrino_Organizador_Items_fnc_createStoragePayload;ServoPeregrino_Organizador_Items_fnc_decrementDraftEntry;ServoPeregrino_Organizador_Items_fnc_deepCopy;ServoPeregrino_Organizador_Items_fnc_deleteKit;ServoPeregrino_Organizador_Items_fnc_deleteKitPreservingDraft;ServoPeregrino_Organizador_Items_fnc_discardDraft;ServoPeregrino_Organizador_Items_fnc_escapeStructuredText;ServoPeregrino_Organizador_Items_fnc_executeApplicationPlan;ServoPeregrino_Organizador_Items_fnc_executeContentOperation;ServoPeregrino_Organizador_Items_fnc_filterCatalog;ServoPeregrino_Organizador_Items_fnc_generateItemKitId;ServoPeregrino_Organizador_Items_fnc_getApplicationStatus;ServoPeregrino_Organizador_Items_fnc_getBuildInfo;ServoPeregrino_Organizador_Items_fnc_getCatalog;ServoPeregrino_Organizador_Items_fnc_getCatalogCategories;ServoPeregrino_Organizador_Items_fnc_getCatalogStatus;ServoPeregrino_Organizador_Items_fnc_getDraftState;ServoPeregrino_Organizador_Items_fnc_getEntryUnitMass;ServoPeregrino_Organizador_Items_fnc_getKit;ServoPeregrino_Organizador_Items_fnc_getLoadoutFingerprint;ServoPeregrino_Organizador_Items_fnc_getMutableContentFingerprint;ServoPeregrino_Organizador_Items_fnc_getRepositoryStatus;ServoPeregrino_Organizador_Items_fnc_getResponsiveCatalogLabels;ServoPeregrino_Organizador_Items_fnc_getRuntimeStatus;ServoPeregrino_Organizador_Items_fnc_getUIState;ServoPeregrino_Organizador_Items_fnc_handleDraftQuantityKeyDown;ServoPeregrino_Organizador_Items_fnc_handleDraftRowAction;ServoPeregrino_Organizador_Items_fnc_handleUIDragEvent;ServoPeregrino_Organizador_Items_fnc_handleUIEvent;ServoPeregrino_Organizador_Items_fnc_handleUITransferToDraft;ServoPeregrino_Organizador_Items_fnc_incrementDraftEntry;ServoPeregrino_Organizador_Items_fnc_initialize;ServoPeregrino_Organizador_Items_fnc_injectTestStoragePayload;ServoPeregrino_Organizador_Items_fnc_invalidateCatalogCache;ServoPeregrino_Organizador_Items_fnc_isValidItemKitId;ServoPeregrino_Organizador_Items_fnc_listKits;ServoPeregrino_Organizador_Items_fnc_loadDraftFromKit;ServoPeregrino_Organizador_Items_fnc_loadStorage;ServoPeregrino_Organizador_Items_fnc_mergeEntriesIntoDraft;ServoPeregrino_Organizador_Items_fnc_mergeKitIntoDraft;ServoPeregrino_Organizador_Items_fnc_migrateStorage;ServoPeregrino_Organizador_Items_fnc_mutateContainerEntry;ServoPeregrino_Organizador_Items_fnc_normalizeItemEntries;ServoPeregrino_Organizador_Items_fnc_openCaptureDraft;ServoPeregrino_Organizador_Items_fnc_openInterface;ServoPeregrino_Organizador_Items_fnc_pushUIFeedback;ServoPeregrino_Organizador_Items_fnc_refreshInterface;ServoPeregrino_Organizador_Items_fnc_removeDraftEntry;ServoPeregrino_Organizador_Items_fnc_renameItemKit;ServoPeregrino_Organizador_Items_fnc_requestDraftTransition;ServoPeregrino_Organizador_Items_fnc_resetRuntimeForTests;ServoPeregrino_Organizador_Items_fnc_resolveCatalogItem;ServoPeregrino_Organizador_Items_fnc_resolvePlayerContainer;ServoPeregrino_Organizador_Items_fnc_resolveUIItemMetadata;ServoPeregrino_Organizador_Items_fnc_rollbackApplication;ServoPeregrino_Organizador_Items_fnc_saveDraft;ServoPeregrino_Organizador_Items_fnc_saveDraftAsNew;ServoPeregrino_Organizador_Items_fnc_saveKit;ServoPeregrino_Organizador_Items_fnc_saveStorage;ServoPeregrino_Organizador_Items_fnc_setDraftEntryQuantity;ServoPeregrino_Organizador_Items_fnc_setDraftName;ServoPeregrino_Organizador_Items_fnc_setDraftPreferredTarget;ServoPeregrino_Organizador_Items_fnc_validateItemEntryEnvironmental;ServoPeregrino_Organizador_Items_fnc_validateItemEntrySemantic;ServoPeregrino_Organizador_Items_fnc_validateItemKitEnvironmental;ServoPeregrino_Organizador_Items_fnc_validateItemKitSemantic;ServoPeregrino_Organizador_Items_fnc_validateItemKitStructural;ServoPeregrino_Organizador_Items_fnc_validateNexus;ServoPeregrino_Organizador_Items_fnc_validateStorageSemantic;ServoPeregrino_Organizador_Nexus_fnc_getCapability;ServoPeregrino_Organizador_Nexus_fnc_hasCapability;ServoPeregrino_Organizador_Nexus_fnc_initialize
Items,ui,buildUIViewModel,ServoPeregrino_Organizador_Items_fnc_buildUIViewModel,functions/ui/fn_buildUIViewModel.sqf,"[""_unit"",objNull,[objNull]]",13604,ServoPeregrino_Organizador_Items_fnc_capturePlayerContainer;ServoPeregrino_Organizador_Items_fnc_getCatalogStatus;ServoPeregrino_Organizador_Items_fnc_getDraftState;ServoPeregrino_Organizador_Items_fnc_getKit;ServoPeregrino_Organizador_Items_fnc_getPublicKit;ServoPeregrino_Organizador_Items_fnc_getUICatalogWindow;ServoPeregrino_Organizador_Items_fnc_getUIEntryAwareness;ServoPeregrino_Organizador_Items_fnc_getUIItemKitAwareness;ServoPeregrino_Organizador_Items_fnc_getUIPhysicalReadiness;ServoPeregrino_Organizador_Items_fnc_getUIState;ServoPeregrino_Organizador_Items_fnc_getUITargetLabel;ServoPeregrino_Organizador_Items_fnc_listKits;ServoPeregrino_Organizador_Items_fnc_listPublicKits;ServoPeregrino_Organizador_Items_fnc_resolveUIItemMetadata;ServoPeregrino_Organizador_Nexus_fnc_createResult
Items,ui,cancelUIDrag,ServoPeregrino_Organizador_Items_fnc_cancelUIDrag,functions/ui/fn_cancelUIDrag.sqf,"[""_reason"",""CANCEL"",[""""]],[""_expectedStartedAt"",-1,[0]]",3311,ServoPeregrino_Organizador_Items_fnc_getUIPhysicalReadiness;ServoPeregrino_Organizador_Items_fnc_getUITargetLabel;ServoPeregrino_Organizador_Items_fnc_updateUIDragVisualProxy
Items,ui,captureEquipmentRowToDraft,ServoPeregrino_Organizador_Items_fnc_captureEquipmentRowToDraft,functions/ui/fn_captureEquipmentRowToDraft.sqf,"[""_source"",controlNull,[controlNull]]",747,ServoPeregrino_Organizador_Items_fnc_executeUITransferCommand;ServoPeregrino_Organizador_Items_fnc_presentUIResult;ServoPeregrino_Organizador_Items_fnc_refreshDraftMutationUI
Items,ui,captureEquipmentToDraft,ServoPeregrino_Organizador_Items_fnc_captureEquipmentToDraft,functions/ui/fn_captureEquipmentToDraft.sqf,"[""_unit"",objNull,[objNull]],[""_target"",""U"",[""""]]",779,ServoPeregrino_Organizador_Items_fnc_capturePlayerContainer;ServoPeregrino_Organizador_Items_fnc_createCaptureDraft;ServoPeregrino_Organizador_Items_fnc_openCaptureDraft
Items,ui,classifyUIOutcome,ServoPeregrino_Organizador_Items_fnc_classifyUIOutcome,functions/ui/fn_classifyUIOutcome.sqf,"[""_result"",createHashMap,[createHashMap]]",6379,ServoPeregrino_Organizador_Items_fnc_getUITargetLabel
Items,ui,clearKitLibraryActionStatus,ServoPeregrino_Organizador_Items_fnc_clearKitLibraryActionStatus,functions/ui/fn_clearKitLibraryActionStatus.sqf,"[""_reason"",""USER_INTERACTION"",[""""]]",1155,
Items,ui,commitDraftQuantityFromControl,ServoPeregrino_Organizador_Items_fnc_commitDraftQuantityFromControl,functions/ui/fn_commitDraftQuantityFromControl.sqf,"[""_control"",controlNull,[controlNull]]",1977,ServoPeregrino_Organizador_Items_fnc_getDraftState;ServoPeregrino_Organizador_Items_fnc_handleDraftRowAction;ServoPeregrino_Organizador_Items_fnc_presentLogicalMutationResult;ServoPeregrino_Organizador_Items_fnc_refreshDraftMutationUI
Items,ui,commitEquipmentQuantityFromControl,ServoPeregrino_Organizador_Items_fnc_commitEquipmentQuantityFromControl,functions/ui/fn_commitEquipmentQuantityFromControl.sqf,"[""_control"",controlNull,[controlNull]]",840,ServoPeregrino_Organizador_Items_fnc_pushUIFeedback;ServoPeregrino_Organizador_Items_fnc_refreshEquipmentSelectionControls;ServoPeregrino_Organizador_Items_fnc_requestEquipmentRowAction
Items,ui,createUIDragSnapshot,ServoPeregrino_Organizador_Items_fnc_createUIDragSnapshot,functions/ui/fn_createUIDragSnapshot.sqf,"[""_sourceType"", """", [""""]], [""_sourceIDC"", -1, [0]], [""_sourceId"", """", [""""]]",1868,ServoPeregrino_Organizador_Items_fnc_deepCopy;ServoPeregrino_Organizador_Nexus_fnc_createResult
Items,ui,createUIPhysicalRowCommand,ServoPeregrino_Organizador_Items_fnc_createUIPhysicalRowCommand,functions/ui/fn_createUIPhysicalRowCommand.sqf,"[""_action"", """", [""""]], [""_entry"", [], [[]]], [""_explicitValue"", -1, [0]]",3333,ServoPeregrino_Organizador_Items_fnc_createItemEntry;ServoPeregrino_Organizador_Items_fnc_deepCopy;ServoPeregrino_Organizador_Nexus_fnc_createResult
Items,ui,createUIState,ServoPeregrino_Organizador_Items_fnc_createUIState,functions/ui/fn_createUIState.sqf,,4145,ServoPeregrino_Organizador_Items_fnc_deepCopy
Items,ui,escapeStructuredText,ServoPeregrino_Organizador_Items_fnc_escapeStructuredText,functions/ui/fn_escapeStructuredText.sqf,"[""_text"", """", [""""]]",307,
Items,ui,executeEquipmentClear,ServoPeregrino_Organizador_Items_fnc_executeEquipmentClear,functions/ui/fn_executeEquipmentClear.sqf,"[""_unit"", objNull, [objNull]], [""_equipmentView"", ""U"", [""""]], [""_options"", createHashMap, [createHashMap]]",770,ServoPeregrino_Organizador_Items_fnc_deepCopy;ServoPeregrino_Organizador_Items_fnc_executeUITransferCommand;ServoPeregrino_Organizador_Nexus_fnc_createResult
Items,ui,executeEquipmentRowAction,ServoPeregrino_Organizador_Items_fnc_executeEquipmentRowAction,functions/ui/fn_executeEquipmentRowAction.sqf,"[""_payload"",[],[[]]], [""_action"","""",[""""]], [""_explicitValue"",-1,[0]], [""_view"","""",[""""]], [""_origin"",""EQUIPMENT_ROW"",[""""]]",3143,ServoPeregrino_Organizador_Items_fnc_createItemEntry;ServoPeregrino_Organizador_Items_fnc_createUIPhysicalRowCommand;ServoPeregrino_Organizador_Items_fnc_executeUITransferCommand;ServoPeregrino_Organizador_Items_fnc_presentUIResult;ServoPeregrino_Organizador_Items_fnc_refreshEquipmentSelectionControls;ServoPeregrino_Organizador_Items_fnc_refreshPhysicalMutationUI;ServoPeregrino_Organizador_Items_fnc_refreshPhysicalTargetUI;ServoPeregrino_Organizador_Nexus_fnc_createResult
Items,ui,executeUITransferCommand,ServoPeregrino_Organizador_Items_fnc_executeUITransferCommand,functions/ui/fn_executeUITransferCommand.sqf,"[""_sourceType"", """", [""""]], [""_payload"", []], [""_destination"", ""DRAFT"", [""""]], [""_operation"", ""AUTO"", [""""]], [""_unit"", objNull, [objNull]], [""_requestedTarget"", """", [""""]], [""_options"", createHashMap, [createHashMap]]",11988,ServoPeregrino_Organizador_Items_fnc_createItemEntry;ServoPeregrino_Organizador_Items_fnc_deepCopy;ServoPeregrino_Organizador_Items_fnc_executeContentOperation;ServoPeregrino_Organizador_Items_fnc_executeDraftApplication;ServoPeregrino_Organizador_Items_fnc_executeSavedKitApplication;ServoPeregrino_Organizador_Items_fnc_getDraftApplicationSource;ServoPeregrino_Organizador_Items_fnc_getSavedKitApplicationSource;ServoPeregrino_Organizador_Items_fnc_getUIPhysicalReadiness;ServoPeregrino_Organizador_Items_fnc_handleUITransferToDraft;ServoPeregrino_Organizador_Items_fnc_resolveCatalogItem;ServoPeregrino_Organizador_Nexus_fnc_createResult
Items,ui,finalizeUIPointerDrop,ServoPeregrino_Organizador_Items_fnc_finalizeUIPointerDrop,functions/ui/fn_finalizeUIPointerDrop.sqf,"[""_drag"",createHashMap,[createHashMap]], [""_pointerX"",-1000,[0]], [""_pointerY"",-1000,[0]], [""_display"",displayNull,[displayNull]], [""_useCurrentMouse"",true,[true]], [""_originOverride"","""",[""""]]",3576,ServoPeregrino_Organizador_Items_fnc_cancelUIDrag;ServoPeregrino_Organizador_Items_fnc_executeUITransferCommand;ServoPeregrino_Organizador_Items_fnc_presentUIResult;ServoPeregrino_Organizador_Items_fnc_refreshDraftMutationUI;ServoPeregrino_Organizador_Items_fnc_refreshPhysicalMutationUI;ServoPeregrino_Organizador_Items_fnc_resolveUIPanelDropTarget
Items,ui,formatUIMass,ServoPeregrino_Organizador_Items_fnc_formatUIMass,functions/ui/fn_formatUIMass.sqf,"[""_mass"",0,[0]], [""_includeImperial"",false,[true]], [""_decimals"",2,[0]]",664,
Items,ui,getResponsiveCatalogLabels,ServoPeregrino_Organizador_Items_fnc_getResponsiveCatalogLabels,functions/ui/fn_getResponsiveCatalogLabels.sqf,"[""_availableWidthPx"",0,[0]]",264,
Items,ui,getUICatalogWindow,ServoPeregrino_Organizador_Items_fnc_getUICatalogWindow,functions/ui/fn_getUICatalogWindow.sqf,"[""_query"", """", [""""]], [""_categoryId"", ""ALL"", [""""]], [""_offset"", 0, [0]], [""_window"", SERVO_PEREGRINO_ORGANIZADOR_ITEMS_UI_CATALOG_WINDOW_SIZE, [0]]",5646,ServoPeregrino_Organizador_Items_fnc_copyCatalogItem;ServoPeregrino_Organizador_Items_fnc_getCatalogCategories;ServoPeregrino_Organizador_Nexus_fnc_createResult
Items,ui,getUIEntryAwareness,ServoPeregrino_Organizador_Items_fnc_getUIEntryAwareness,functions/ui/fn_getUIEntryAwareness.sqf,"[""_entry"", [], [[]]], [""_metadata"", createHashMap, [createHashMap]]",1204,ServoPeregrino_Organizador_Items_fnc_getEntryUnitMass
Items,ui,getUIFeedbackPalette,ServoPeregrino_Organizador_Items_fnc_getUIFeedbackPalette,functions/ui/fn_getUIFeedbackPalette.sqf,"[""_kind"", ""INFO"", [""""]]",651,
Items,ui,getUIItemKitAwareness,ServoPeregrino_Organizador_Items_fnc_getUIItemKitAwareness,functions/ui/fn_getUIItemKitAwareness.sqf,"[""_kit"",[],[[]]]",978,ServoPeregrino_Organizador_Items_fnc_getUIEntryAwareness;ServoPeregrino_Organizador_Items_fnc_resolveUIItemMetadata
Items,ui,getUIMovementSoundProfile,ServoPeregrino_Organizador_Items_fnc_getUIMovementSoundProfile,functions/ui/fn_getUIMovementSoundProfile.sqf,"[""_movement"",""ADD"",[""""]]",4135,
Items,ui,getUIPhysicalReadiness,ServoPeregrino_Organizador_Items_fnc_getUIPhysicalReadiness,functions/ui/fn_getUIPhysicalReadiness.sqf,"[""_unit"", objNull, [objNull]], [""_requestedTarget"", """", [""""]], [""_preferredTarget"", """", [""""]], [""_options"", createHashMap, [createHashMap]]",7085,ServoPeregrino_Organizador_Items_fnc_getApplicationStatus;ServoPeregrino_Organizador_Items_fnc_getContainerCapacityMetrics;ServoPeregrino_Organizador_Items_fnc_getDraftState;ServoPeregrino_Organizador_Items_fnc_resolveApplicationTarget;ServoPeregrino_Organizador_Nexus_fnc_createResult
Items,ui,getUIState,ServoPeregrino_Organizador_Items_fnc_getUIState,functions/ui/fn_getUIState.sqf,,508,ServoPeregrino_Organizador_Items_fnc_createUIState;ServoPeregrino_Organizador_Items_fnc_deepCopy;ServoPeregrino_Organizador_Nexus_fnc_createResult
Items,ui,getUITargetLabel,ServoPeregrino_Organizador_Items_fnc_getUITargetLabel,functions/ui/fn_getUITargetLabel.sqf,"[""_target"","""",[""""]]",508,
Items,ui,handleDraftQuantityKeyDown,ServoPeregrino_Organizador_Items_fnc_handleDraftQuantityKeyDown,functions/ui/fn_handleDraftQuantityKeyDown.sqf,"[""_control"",controlNull,[controlNull]], [""_key"",-1,[0]], [""_shift"",false,[false]], [""_ctrlKey"",false,[false]], [""_alt"",false,[false]]",433,ServoPeregrino_Organizador_Items_fnc_commitDraftQuantityFromControl
Items,ui,handleDraftRowAction,ServoPeregrino_Organizador_Items_fnc_handleDraftRowAction,functions/ui/fn_handleDraftRowAction.sqf,"[""_action"","""",[""""]], [""_source"",controlNull,[controlNull,[]]], [""_explicitValue"",nil]",1861,ServoPeregrino_Organizador_Items_fnc_decrementDraftEntry;ServoPeregrino_Organizador_Items_fnc_incrementDraftEntry;ServoPeregrino_Organizador_Items_fnc_removeDraftEntry;ServoPeregrino_Organizador_Items_fnc_setDraftEntryQuantity;ServoPeregrino_Organizador_Nexus_fnc_createResult
Items,ui,handleEquipmentQuantityKeyDown,ServoPeregrino_Organizador_Items_fnc_handleEquipmentQuantityKeyDown,functions/ui/fn_handleEquipmentQuantityKeyDown.sqf,"[""_control"",controlNull,[controlNull]], [""_key"",-1,[0]], [""_shift"",false,[false]], [""_ctrlKey"",false,[false]], [""_alt"",false,[false]]",430,ServoPeregrino_Organizador_Items_fnc_commitEquipmentQuantityFromControl
Items,ui,handleUIDragEvent,ServoPeregrino_Organizador_Items_fnc_handleUIDragEvent,functions/ui/fn_handleUIDragEvent.sqf,"[""_event"","""",[""""]],[""_args"",[],[[]]]",17398,ServoPeregrino_Organizador_Items_fnc_cancelUIDrag;ServoPeregrino_Organizador_Items_fnc_clearKitLibraryActionStatus;ServoPeregrino_Organizador_Items_fnc_createUIDragSnapshot;ServoPeregrino_Organizador_Items_fnc_executeUITransferCommand;ServoPeregrino_Organizador_Items_fnc_finalizeUIPointerDrop;ServoPeregrino_Organizador_Items_fnc_getUITargetLabel;ServoPeregrino_Organizador_Items_fnc_playUIFeedbackSound;ServoPeregrino_Organizador_Items_fnc_presentUIResult;ServoPeregrino_Organizador_Items_fnc_pushUIFeedback;ServoPeregrino_Organizador_Items_fnc_refreshDraftMutationUI;ServoPeregrino_Organizador_Items_fnc_refreshPhysicalMutationUI;ServoPeregrino_Organizador_Items_fnc_resolveUIPanelDropTarget;ServoPeregrino_Organizador_Items_fnc_resolveUIPointerSource;ServoPeregrino_Organizador_Items_fnc_updateUIDragVisualProxy;ServoPeregrino_Organizador_Items_fnc_updateUIItemTooltip
Items,ui,handleUIEvent,ServoPeregrino_Organizador_Items_fnc_handleUIEvent,functions/ui/fn_handleUIEvent.sqf,"[""_event"","""",[""""]],[""_value"",nil]",33232,ServoPeregrino_Organizador_Items_fnc_captureEquipmentToDraft;ServoPeregrino_Organizador_Items_fnc_classifyUIOutcome;ServoPeregrino_Organizador_Items_fnc_clearDraftEntries;ServoPeregrino_Organizador_Items_fnc_clearKitLibraryActionStatus;ServoPeregrino_Organizador_Items_fnc_cloneKit;ServoPeregrino_Organizador_Items_fnc_createUIState;ServoPeregrino_Organizador_Items_fnc_deleteKitPreservingDraft;ServoPeregrino_Organizador_Items_fnc_executeEquipmentClear;ServoPeregrino_Organizador_Items_fnc_executeUITransferCommand;ServoPeregrino_Organizador_Items_fnc_getCatalogCategories;ServoPeregrino_Organizador_Items_fnc_getDraftState;ServoPeregrino_Organizador_Items_fnc_getKit;ServoPeregrino_Organizador_Items_fnc_getUIPhysicalReadiness;ServoPeregrino_Organizador_Items_fnc_getUITargetLabel;ServoPeregrino_Organizador_Items_fnc_playUIFeedbackSound;ServoPeregrino_Organizador_Items_fnc_playUIMovementSound;ServoPeregrino_Organizador_Items_fnc_presentUIResult;ServoPeregrino_Organizador_Items_fnc_publishKitToPublic;ServoPeregrino_Organizador_Items_fnc_pushUIFeedback;ServoPeregrino_Organizador_Items_fnc_reconcilePrivateKitSelectionAfterDelete;ServoPeregrino_Organizador_Items_fnc_refreshCatalogSelectionDetails;ServoPeregrino_Organizador_Items_fnc_refreshCatalogWindowUI;ServoPeregrino_Organizador_Items_fnc_refreshDraftMutationUI;ServoPeregrino_Organizador_Items_fnc_refreshEquipmentSelectionControls;ServoPeregrino_Organizador_Items_fnc_refreshEquipmentViewUI;ServoPeregrino_Organizador_Items_fnc_refreshInterface;ServoPeregrino_Organizador_Items_fnc_refreshPhysicalMutationUI;ServoPeregrino_Organizador_Items_fnc_refreshPhysicalTargetUI;ServoPeregrino_Organizador_Items_fnc_requestDraftTransition;ServoPeregrino_Organizador_Items_fnc_saveDraft;ServoPeregrino_Organizador_Items_fnc_saveDraftAsNew;ServoPeregrino_Organizador_Items_fnc_savePublicKitToPrivate;ServoPeregrino_Organizador_Items_fnc_setDraftName;ServoPeregrino_Organizador_Items_fnc_setDraftPreferredTarget
Items,ui,handleUIKeyDown,ServoPeregrino_Organizador_Items_fnc_handleUIKeyDown,functions/ui/fn_handleUIKeyDown.sqf,"""_display"",""_key"",""_shift"",""_ctrlKey"",""_alt""",2785,ServoPeregrino_Organizador_Items_fnc_cancelUIDrag;ServoPeregrino_Organizador_Items_fnc_getDraftState;ServoPeregrino_Organizador_Items_fnc_handleDraftRowAction;ServoPeregrino_Organizador_Items_fnc_handleUIEvent;ServoPeregrino_Organizador_Items_fnc_presentLogicalMutationResult;ServoPeregrino_Organizador_Items_fnc_refreshDraftMutationUI;ServoPeregrino_Organizador_Items_fnc_requestEquipmentRowAction
Items,ui,handleUITransferToDraft,ServoPeregrino_Organizador_Items_fnc_handleUITransferToDraft,functions/ui/fn_handleUITransferToDraft.sqf,"[""_sourceType"","""",[""""]], [""_payload"",nil], [""_options"",createHashMap,[createHashMap]]",5250,ServoPeregrino_Organizador_Items_fnc_addCatalogItemToDraft;ServoPeregrino_Organizador_Items_fnc_addEntryToDraft;ServoPeregrino_Organizador_Items_fnc_createItemEntry;ServoPeregrino_Organizador_Items_fnc_createNewDraft;ServoPeregrino_Organizador_Items_fnc_deepCopy;ServoPeregrino_Organizador_Items_fnc_getDraftState;ServoPeregrino_Organizador_Items_fnc_mergeKitIntoDraft;ServoPeregrino_Organizador_Nexus_fnc_createResult
Items,ui,handleUIWheel,ServoPeregrino_Organizador_Items_fnc_handleUIWheel,functions/ui/fn_handleUIWheel.sqf,"""_displayOrControl"",[""_scroll"",0,[0]]",2220,ServoPeregrino_Organizador_Items_fnc_handleUIEvent
Items,ui,onInterfaceLoad,ServoPeregrino_Organizador_Items_fnc_onInterfaceLoad,functions/ui/fn_onInterfaceLoad.sqf,"[""_display"",displayNull,[displayNull]]",3960,ServoPeregrino_Organizador_Items_fnc_createUIState;ServoPeregrino_Organizador_Items_fnc_getCatalog;ServoPeregrino_Organizador_Items_fnc_getCatalogStatus;ServoPeregrino_Organizador_Items_fnc_getUICatalogWindow;ServoPeregrino_Organizador_Items_fnc_pushUIFeedback;ServoPeregrino_Organizador_Items_fnc_refreshInterface;ServoPeregrino_Organizador_Items_fnc_updateUIDragVisualProxy;ServoPeregrino_Organizador_Items_fnc_updateUIItemTooltip
Items,ui,onInterfaceUnload,ServoPeregrino_Organizador_Items_fnc_onInterfaceUnload,functions/ui/fn_onInterfaceUnload.sqf,,531,ServoPeregrino_Organizador_Items_fnc_cancelUIDrag;ServoPeregrino_Organizador_Items_fnc_updateUIItemTooltip
Items,ui,openInterface,ServoPeregrino_Organizador_Items_fnc_openInterface,functions/ui/fn_openInterface.sqf,,2061,ServoPeregrino_Organizador_Items_fnc_deepCopy;ServoPeregrino_Organizador_Items_fnc_getUIPhysicalReadiness;ServoPeregrino_Organizador_Items_fnc_initialize;ServoPeregrino_Organizador_Nexus_fnc_createResult
Items,ui,playUIFeedbackSound,ServoPeregrino_Organizador_Items_fnc_playUIFeedbackSound,functions/ui/fn_playUIFeedbackSound.sqf,"[""_outcome"",""SUCCESS"",[""""]], [""_options"",createHashMap,[createHashMap]]",2658,ServoPeregrino_Organizador_Items_fnc_createUIState
Items,ui,playUIMovementSound,ServoPeregrino_Organizador_Items_fnc_playUIMovementSound,functions/ui/fn_playUIMovementSound.sqf,"[""_movement"",""ADD"",[""""]], [""_options"",createHashMap,[createHashMap]]",4980,ServoPeregrino_Organizador_Items_fnc_createUIState;ServoPeregrino_Organizador_Items_fnc_getUIMovementSoundProfile
Items,ui,presentLogicalMutationResult,ServoPeregrino_Organizador_Items_fnc_presentLogicalMutationResult,functions/ui/fn_presentLogicalMutationResult.sqf,"[""_result"",createHashMap,[createHashMap]], [""_movement"","""",[""""]], [""_audible"",true,[true]]",1432,ServoPeregrino_Organizador_Items_fnc_playUIFeedbackSound;ServoPeregrino_Organizador_Items_fnc_playUIMovementSound;ServoPeregrino_Organizador_Items_fnc_pushUIFeedback
Items,ui,presentUIResult,ServoPeregrino_Organizador_Items_fnc_presentUIResult,functions/ui/fn_presentUIResult.sqf,"[""_result"",createHashMap,[createHashMap]], [""_audible"",true,[true]], [""_options"",createHashMap,[createHashMap]]",2216,ServoPeregrino_Organizador_Items_fnc_classifyUIOutcome;ServoPeregrino_Organizador_Items_fnc_playUIFeedbackSound;ServoPeregrino_Organizador_Items_fnc_playUIMovementSound;ServoPeregrino_Organizador_Items_fnc_pushUIFeedback
Items,ui,pushUIFeedback,ServoPeregrino_Organizador_Items_fnc_pushUIFeedback,functions/ui/fn_pushUIFeedback.sqf,"[""_message"","""",[""""]],[""_kind"",""INFO"",[""""]]",917,ServoPeregrino_Organizador_Items_fnc_createUIState
Items,ui,reconcilePrivateKitSelectionAfterDelete,ServoPeregrino_Organizador_Items_fnc_reconcilePrivateKitSelectionAfterDelete,functions/ui/fn_reconcilePrivateKitSelectionAfterDelete.sqf,"[""_preferredIndex"",-1,[0]], [""_display"",displayNull,[displayNull]]",2844,ServoPeregrino_Organizador_Items_fnc_createUIState;ServoPeregrino_Organizador_Nexus_fnc_createResult
Items,ui,refreshCatalogSelectionDetails,ServoPeregrino_Organizador_Items_fnc_refreshCatalogSelectionDetails,functions/ui/fn_refreshCatalogSelectionDetails.sqf,"[""_className"","""",[""""]]",2005,ServoPeregrino_Organizador_Items_fnc_escapeStructuredText;ServoPeregrino_Organizador_Items_fnc_formatUIMass;ServoPeregrino_Organizador_Items_fnc_resolveUIItemMetadata
Items,ui,refreshCatalogWindowUI,ServoPeregrino_Organizador_Items_fnc_refreshCatalogWindowUI,functions/ui/fn_refreshCatalogWindowUI.sqf,"[""_reason"",""CATALOG_FOCUSED"",[""""]]",8871,ServoPeregrino_Organizador_Items_fnc_createUIState;ServoPeregrino_Organizador_Items_fnc_escapeStructuredText;ServoPeregrino_Organizador_Items_fnc_formatUIMass;ServoPeregrino_Organizador_Items_fnc_getUICatalogWindow;ServoPeregrino_Organizador_Items_fnc_getUIFeedbackPalette;ServoPeregrino_Organizador_Items_fnc_renderCatalogRowsUI;ServoPeregrino_Organizador_Items_fnc_resolveUIItemMetadata
Items,ui,refreshDraftMutationUI,ServoPeregrino_Organizador_Items_fnc_refreshDraftMutationUI,functions/ui/fn_refreshDraftMutationUI.sqf,"[""_reason"",""DRAFT_MUTATION"",[""""]], [""_options"",createHashMap,[createHashMap]]",13452,ServoPeregrino_Organizador_Items_fnc_commitDraftQuantityFromControl;ServoPeregrino_Organizador_Items_fnc_createItemEntry;ServoPeregrino_Organizador_Items_fnc_createUIState;ServoPeregrino_Organizador_Items_fnc_escapeStructuredText;ServoPeregrino_Organizador_Items_fnc_formatUIMass;ServoPeregrino_Organizador_Items_fnc_getDraftState;ServoPeregrino_Organizador_Items_fnc_getUIEntryAwareness;ServoPeregrino_Organizador_Items_fnc_getUIFeedbackPalette;ServoPeregrino_Organizador_Items_fnc_getUITargetLabel;ServoPeregrino_Organizador_Items_fnc_handleDraftQuantityKeyDown;ServoPeregrino_Organizador_Items_fnc_handleDraftRowAction;ServoPeregrino_Organizador_Items_fnc_handleUIDragEvent;ServoPeregrino_Organizador_Items_fnc_presentLogicalMutationResult;ServoPeregrino_Organizador_Items_fnc_refreshDraftMutationUI;ServoPeregrino_Organizador_Items_fnc_resolveUIItemMetadata;ServoPeregrino_Organizador_Items_fnc_updateUIItemTooltip
Items,ui,refreshEquipmentSelectionControls,ServoPeregrino_Organizador_Items_fnc_refreshEquipmentSelectionControls,functions/ui/fn_refreshEquipmentSelectionControls.sqf,"""_type"",""_className"",""_quantity"",""_mode"",""_states""",2044,
Items,ui,refreshEquipmentViewUI,ServoPeregrino_Organizador_Items_fnc_refreshEquipmentViewUI,functions/ui/fn_refreshEquipmentViewUI.sqf,"[""_options"",createHashMap,[createHashMap]]",8961,ServoPeregrino_Organizador_Items_fnc_capturePlayerContainer;ServoPeregrino_Organizador_Items_fnc_createUIState;ServoPeregrino_Organizador_Items_fnc_escapeStructuredText;ServoPeregrino_Organizador_Items_fnc_getUIEntryAwareness;ServoPeregrino_Organizador_Items_fnc_getUIFeedbackPalette;ServoPeregrino_Organizador_Items_fnc_getUIPhysicalReadiness;ServoPeregrino_Organizador_Items_fnc_getUITargetLabel;ServoPeregrino_Organizador_Items_fnc_refreshHeaderStatusUI;ServoPeregrino_Organizador_Items_fnc_refreshHeaderUI;ServoPeregrino_Organizador_Items_fnc_renderEquipmentRowsUI;ServoPeregrino_Organizador_Items_fnc_resolveUIItemMetadata
Items,ui,refreshHeaderStatusUI,ServoPeregrino_Organizador_Items_fnc_refreshHeaderStatusUI,functions/ui/fn_refreshHeaderStatusUI.sqf,"[""_display"",displayNull,[displayNull]], [""_enabled"",false,[true]], [""_resolvedTarget"","""",[""""]], [""_equipmentView"",""U"",[""""]], [""_capacity"",createHashMap,[createHashMap]]",821,ServoPeregrino_Organizador_Items_fnc_getUITargetLabel
Items,ui,refreshHeaderUI,ServoPeregrino_Organizador_Items_fnc_refreshHeaderUI,functions/ui/fn_refreshHeaderUI.sqf,"[""_unit"",player,[objNull]]",3350,ServoPeregrino_Organizador_Items_fnc_formatUIMass
Items,ui,refreshInterface,ServoPeregrino_Organizador_Items_fnc_refreshInterface,functions/ui/fn_refreshInterface.sqf,"""_idc"",""_value""",25966,ServoPeregrino_Organizador_Items_fnc_buildUIViewModel;ServoPeregrino_Organizador_Items_fnc_commitDraftQuantityFromControl;ServoPeregrino_Organizador_Items_fnc_createItemEntry;ServoPeregrino_Organizador_Items_fnc_escapeStructuredText;ServoPeregrino_Organizador_Items_fnc_formatUIMass;ServoPeregrino_Organizador_Items_fnc_getResponsiveCatalogLabels;ServoPeregrino_Organizador_Items_fnc_getUIFeedbackPalette;ServoPeregrino_Organizador_Items_fnc_getUIState;ServoPeregrino_Organizador_Items_fnc_getUITargetLabel;ServoPeregrino_Organizador_Items_fnc_handleDraftQuantityKeyDown;ServoPeregrino_Organizador_Items_fnc_handleDraftRowAction;ServoPeregrino_Organizador_Items_fnc_handleUIDragEvent;ServoPeregrino_Organizador_Items_fnc_presentLogicalMutationResult;ServoPeregrino_Organizador_Items_fnc_refreshDraftMutationUI;ServoPeregrino_Organizador_Items_fnc_refreshHeaderStatusUI;ServoPeregrino_Organizador_Items_fnc_refreshHeaderUI;ServoPeregrino_Organizador_Items_fnc_renderCatalogRowsUI;ServoPeregrino_Organizador_Items_fnc_renderEquipmentRowsUI;ServoPeregrino_Organizador_Items_fnc_updateUIItemTooltip
Items,ui,refreshKitSwitchUI,ServoPeregrino_Organizador_Items_fnc_refreshKitSwitchUI,functions/ui/fn_refreshKitSwitchUI.sqf,"[""_reason"",""LOAD_KIT"",[""""]]",5801,ServoPeregrino_Organizador_Items_fnc_createUIState;ServoPeregrino_Organizador_Items_fnc_refreshDraftMutationUI;ServoPeregrino_Organizador_Items_fnc_refreshPhysicalTargetUI
Items,ui,refreshPhysicalMutationUI,ServoPeregrino_Organizador_Items_fnc_refreshPhysicalMutationUI,functions/ui/fn_refreshPhysicalMutationUI.sqf,"[""_result"", createHashMap, [createHashMap]], [""_options"", createHashMap, [createHashMap]]",10473,ServoPeregrino_Organizador_Items_fnc_capturePlayerContainer;ServoPeregrino_Organizador_Items_fnc_createUIState;ServoPeregrino_Organizador_Items_fnc_escapeStructuredText;ServoPeregrino_Organizador_Items_fnc_formatUIMass;ServoPeregrino_Organizador_Items_fnc_getDraftState;ServoPeregrino_Organizador_Items_fnc_getUIEntryAwareness;ServoPeregrino_Organizador_Items_fnc_getUIFeedbackPalette;ServoPeregrino_Organizador_Items_fnc_getUIPhysicalReadiness;ServoPeregrino_Organizador_Items_fnc_getUITargetLabel;ServoPeregrino_Organizador_Items_fnc_refreshHeaderStatusUI;ServoPeregrino_Organizador_Items_fnc_refreshHeaderUI;ServoPeregrino_Organizador_Items_fnc_renderEquipmentRowsUI;ServoPeregrino_Organizador_Items_fnc_resolveUIItemMetadata
Items,ui,refreshPhysicalTargetUI,ServoPeregrino_Organizador_Items_fnc_refreshPhysicalTargetUI,functions/ui/fn_refreshPhysicalTargetUI.sqf,"[""_options"", createHashMap, [createHashMap]]",7622,ServoPeregrino_Organizador_Items_fnc_createUIState;ServoPeregrino_Organizador_Items_fnc_escapeStructuredText;ServoPeregrino_Organizador_Items_fnc_formatUIMass;ServoPeregrino_Organizador_Items_fnc_getUIFeedbackPalette;ServoPeregrino_Organizador_Items_fnc_getUIPhysicalReadiness;ServoPeregrino_Organizador_Items_fnc_getUITargetLabel;ServoPeregrino_Organizador_Items_fnc_refreshHeaderStatusUI;ServoPeregrino_Organizador_Items_fnc_refreshHeaderUI
Items,ui,renderCatalogRowsUI,ServoPeregrino_Organizador_Items_fnc_renderCatalogRowsUI,functions/ui/fn_renderCatalogRowsUI.sqf,"[""_rows"",[],[[]]], [""_selectedClass"","""",[""""]], [""_reason"",""CATALOG_RENDER"",[""""]]",6873,ServoPeregrino_Organizador_Items_fnc_formatUIMass;ServoPeregrino_Organizador_Items_fnc_handleUIEvent;ServoPeregrino_Organizador_Items_fnc_updateUIItemTooltip
Items,ui,renderEquipmentRowsUI,ServoPeregrino_Organizador_Items_fnc_renderEquipmentRowsUI,functions/ui/fn_renderEquipmentRowsUI.sqf,"[""_rows"",[],[[]]], [""_view"",""U"",[""""]], [""_capacity"",createHashMap,[createHashMap]], [""_contentMass"",0,[0]], [""_unknownMassCount"",0,[0]], [""_status"",""OK"",[""""]], [""_reason"",""EQUIPMENT_RENDER"",[""""]]",9365,ServoPeregrino_Organizador_Items_fnc_captureEquipmentRowToDraft;ServoPeregrino_Organizador_Items_fnc_commitEquipmentQuantityFromControl;ServoPeregrino_Organizador_Items_fnc_formatUIMass;ServoPeregrino_Organizador_Items_fnc_getUITargetLabel;ServoPeregrino_Organizador_Items_fnc_handleEquipmentQuantityKeyDown;ServoPeregrino_Organizador_Items_fnc_requestEquipmentRowAction;ServoPeregrino_Organizador_Items_fnc_updateUIItemTooltip
Items,ui,requestDraftTransition,ServoPeregrino_Organizador_Items_fnc_requestDraftTransition,functions/ui/fn_requestDraftTransition.sqf,"[""_action"","""",[""""]], [""_payload"","""",[""""]], [""_confirmed"",false,[false]]",7028,ServoPeregrino_Organizador_Items_fnc_createNewDraft;ServoPeregrino_Organizador_Items_fnc_discardDraft;ServoPeregrino_Organizador_Items_fnc_getDraftState;ServoPeregrino_Organizador_Items_fnc_loadDraftFromKit;ServoPeregrino_Organizador_Items_fnc_pushUIFeedback;ServoPeregrino_Organizador_Items_fnc_refreshInterface;ServoPeregrino_Organizador_Items_fnc_refreshKitSwitchUI;ServoPeregrino_Organizador_Items_fnc_requestDraftTransition;ServoPeregrino_Organizador_Nexus_fnc_createResult
Items,ui,requestEquipmentRowAction,ServoPeregrino_Organizador_Items_fnc_requestEquipmentRowAction,functions/ui/fn_requestEquipmentRowAction.sqf,"[""_action"","""",[""""]], [""_source"",controlNull,[controlNull]], [""_explicitValue"",-1,[0]]",2632,ServoPeregrino_Organizador_Items_fnc_executeEquipmentRowAction;ServoPeregrino_Organizador_Items_fnc_pushUIFeedback;ServoPeregrino_Organizador_Items_fnc_refreshEquipmentSelectionControls
Items,ui,resolveUIItemMetadata,ServoPeregrino_Organizador_Items_fnc_resolveUIItemMetadata,functions/ui/fn_resolveUIItemMetadata.sqf,"[""_className"","""",[""""]]",477,ServoPeregrino_Organizador_Items_fnc_deepCopy;ServoPeregrino_Organizador_Items_fnc_resolveCatalogItem
Items,ui,resolveUIPanelDropTarget,ServoPeregrino_Organizador_Items_fnc_resolveUIPanelDropTarget,functions/ui/fn_resolveUIPanelDropTarget.sqf,"[""_pointerX"",-1000,[0]], [""_pointerY"",-1000,[0]], [""_sourceType"","""",[""""]], [""_display"",displayNull,[displayNull]], [""_useCurrentMouse"",true,[true]]",2872,
Items,ui,resolveUIPointerSource,ServoPeregrino_Organizador_Items_fnc_resolveUIPointerSource,functions/ui/fn_resolveUIPointerSource.sqf,"[""_display"",displayNull,[displayNull]], [""_pointerX"",-1000,[0]], [""_pointerY"",-1000,[0]], [""_useCurrentMouse"",true,[true]]",4890,
Items,ui,scanVanillaInventorySounds,ServoPeregrino_Organizador_Items_fnc_scanVanillaInventorySounds,functions/ui/fn_scanVanillaInventorySounds.sqf,"[""_logToRPT"",true,[true]]",2091,ServoPeregrino_Organizador_Nexus_fnc_createResult
Items,ui,updateUIDragVisualProxy,ServoPeregrino_Organizador_Items_fnc_updateUIDragVisualProxy,functions/ui/fn_updateUIDragVisualProxy.sqf,"[""_mode"",""MOVE"",[""""]], [""_drag"",createHashMap,[createHashMap]], [""_display"",displayNull,[displayNull]], [""_pointerX"",-1000,[0]], [""_pointerY"",-1000,[0]], [""_useCurrentMouse"",true,[true]]",5100,ServoPeregrino_Organizador_Items_fnc_escapeStructuredText
Items,ui,updateUIItemTooltip,ServoPeregrino_Organizador_Items_fnc_updateUIItemTooltip,functions/ui/fn_updateUIItemTooltip.sqf,"[""_mode"",""MOVE"",[""""]], [""_sourceCtrl"",controlNull,[controlNull]], [""_display"",displayNull,[displayNull]]",5839,ServoPeregrino_Organizador_Items_fnc_escapeStructuredText;ServoPeregrino_Organizador_Items_fnc_resolveUIPointerSource;ServoPeregrino_Organizador_Items_fnc_updateUIItemTooltip
Weapons,domain,captureWeaponConfiguration,ServoPeregrino_Organizador_Weapons_fnc_captureWeaponConfiguration,functions/domain/fn_captureWeaponConfiguration.sqf,"[""_unit"",objNull,[objNull]],[""_slot"",""PRIMARY"",[""""]]",677,ServoPeregrino_Organizador_Nexus_fnc_createResult;ServoPeregrino_Organizador_Weapons_fnc_configurationFromWeaponArray
Weapons,domain,compareWeaponConfigurations,ServoPeregrino_Organizador_Weapons_fnc_compareWeaponConfigurations,functions/domain/fn_compareWeaponConfigurations.sqf,"[""_left"",false],[""_right"",false]",573,ServoPeregrino_Organizador_Nexus_fnc_createResult;ServoPeregrino_Organizador_Weapons_fnc_getConfigurationFingerprint
Weapons,domain,configurationFromWeaponArray,ServoPeregrino_Organizador_Weapons_fnc_configurationFromWeaponArray,functions/domain/fn_configurationFromWeaponArray.sqf,"[""_row"",false]",1616,ServoPeregrino_Organizador_Nexus_fnc_createResult;ServoPeregrino_Organizador_Weapons_fnc_deepCopy;ServoPeregrino_Organizador_Weapons_fnc_normalizeWeaponConfiguration
Weapons,domain,createWeaponConfiguration,ServoPeregrino_Organizador_Weapons_fnc_createWeaponConfiguration,functions/domain/fn_createWeaponConfiguration.sqf,"[""_weaponClass"","""",[""""]]",293,ServoPeregrino_Organizador_Weapons_fnc_normalizeWeaponConfiguration
Weapons,domain,deepCopy,ServoPeregrino_Organizador_Weapons_fnc_deepCopy,functions/domain/fn_deepCopy.sqf,"""_value""",337,ServoPeregrino_Organizador_Weapons_fnc_deepCopy
Weapons,domain,getConfigurationFingerprint,ServoPeregrino_Organizador_Weapons_fnc_getConfigurationFingerprint,functions/domain/fn_getConfigurationFingerprint.sqf,"[""_value"",false]",763,ServoPeregrino_Organizador_Nexus_fnc_createResult;ServoPeregrino_Organizador_Weapons_fnc_normalizeWeaponConfiguration
Weapons,domain,isValidIdentityToken,ServoPeregrino_Organizador_Weapons_fnc_isValidIdentityToken,functions/domain/fn_isValidIdentityToken.sqf,"[""_token"",false],[""_prefix"",""WID-"",[""""]]",395,
Weapons,domain,normalizeWeaponConfiguration,ServoPeregrino_Organizador_Weapons_fnc_normalizeWeaponConfiguration,functions/domain/fn_normalizeWeaponConfiguration.sqf,"[""_value"",false]",559,ServoPeregrino_Organizador_Nexus_fnc_createResult;ServoPeregrino_Organizador_Weapons_fnc_deepCopy;ServoPeregrino_Organizador_Weapons_fnc_validateWeaponConfigurationStructural
Weapons,domain,validateWeaponConfigurationSemantic,ServoPeregrino_Organizador_Weapons_fnc_validateWeaponConfigurationSemantic,functions/domain/fn_validateWeaponConfigurationSemantic.sqf,"[""_value"",false]",1114,ServoPeregrino_Organizador_Nexus_fnc_createResult;ServoPeregrino_Organizador_Weapons_fnc_validateWeaponConfigurationStructural
Weapons,domain,validateWeaponConfigurationStructural,ServoPeregrino_Organizador_Weapons_fnc_validateWeaponConfigurationStructural,functions/domain/fn_validateWeaponConfigurationStructural.sqf,"[""_value"",false]",1402,ServoPeregrino_Organizador_Nexus_fnc_createResult
Weapons,domain,validateWeaponInstance,ServoPeregrino_Organizador_Weapons_fnc_validateWeaponInstance,functions/domain/fn_validateWeaponInstance.sqf,"[""_value"",false]",2641,ServoPeregrino_Organizador_Nexus_fnc_createResult;ServoPeregrino_Organizador_Weapons_fnc_isValidIdentityToken;ServoPeregrino_Organizador_Weapons_fnc_validateWeaponConfigurationSemantic
Weapons,identity,createWeaponInstance,ServoPeregrino_Organizador_Weapons_fnc_createWeaponInstance,functions/identity/fn_createWeaponInstance.sqf,"[""_configuration"",false]",2326,ServoPeregrino_Organizador_Nexus_fnc_createResult;ServoPeregrino_Organizador_Weapons_fnc_deepCopy;ServoPeregrino_Organizador_Weapons_fnc_initializeAuthority;ServoPeregrino_Organizador_Weapons_fnc_normalizeWeaponConfiguration;ServoPeregrino_Organizador_Weapons_fnc_validateWeaponConfigurationSemantic
Weapons,identity,getIdentityDiagnostics,ServoPeregrino_Organizador_Weapons_fnc_getIdentityDiagnostics,functions/identity/fn_getIdentityDiagnostics.sqf,,973,ServoPeregrino_Organizador_Nexus_fnc_createResult;ServoPeregrino_Organizador_Weapons_fnc_deepCopy;ServoPeregrino_Organizador_Weapons_fnc_initializeAuthority
Weapons,identity,getWeaponInstance,ServoPeregrino_Organizador_Weapons_fnc_getWeaponInstance,functions/identity/fn_getWeaponInstance.sqf,"[""_id"","""",[""""]]",999,ServoPeregrino_Organizador_Nexus_fnc_createResult;ServoPeregrino_Organizador_Weapons_fnc_deepCopy;ServoPeregrino_Organizador_Weapons_fnc_initializeAuthority
Weapons,identity,initializeAuthority,ServoPeregrino_Organizador_Weapons_fnc_initializeAuthority,functions/identity/fn_initializeAuthority.sqf,,1145,ServoPeregrino_Organizador_Nexus_fnc_createResult
Weapons,identity,inspectWeaponCarrier,ServoPeregrino_Organizador_Weapons_fnc_inspectWeaponCarrier,functions/identity/fn_inspectWeaponCarrier.sqf,"[""_carrier"",objNull,[objNull]]",2140,ServoPeregrino_Organizador_Nexus_fnc_createDiagnostic;ServoPeregrino_Organizador_Nexus_fnc_createResult;ServoPeregrino_Organizador_Weapons_fnc_configurationFromWeaponArray;ServoPeregrino_Organizador_Weapons_fnc_getConfigurationFingerprint
Weapons,identity,updateWeaponInstanceConfiguration,ServoPeregrino_Organizador_Weapons_fnc_updateWeaponInstanceConfiguration,functions/identity/fn_updateWeaponInstanceConfiguration.sqf,"[""_id"","""",[""""]],[""_configuration"",false]",1497,ServoPeregrino_Organizador_Nexus_fnc_createResult;ServoPeregrino_Organizador_Weapons_fnc_deepCopy;ServoPeregrino_Organizador_Weapons_fnc_getWeaponInstance;ServoPeregrino_Organizador_Weapons_fnc_normalizeWeaponConfiguration;ServoPeregrino_Organizador_Weapons_fnc_validateWeaponConfigurationSemantic
Weapons,integration,validateNexus,ServoPeregrino_Organizador_Weapons_fnc_validateNexus,functions/integration/fn_validateNexus.sqf,,1030,ServoPeregrino_Organizador_Nexus_fnc_createResult;ServoPeregrino_Organizador_Nexus_fnc_getCapability;ServoPeregrino_Organizador_Nexus_fnc_hasCapability;ServoPeregrino_Organizador_Nexus_fnc_initialize
Weapons,lifecycle,getBuildInfo,ServoPeregrino_Organizador_Weapons_fnc_getBuildInfo,functions/lifecycle/fn_getBuildInfo.sqf,,319,
Weapons,lifecycle,initialize,ServoPeregrino_Organizador_Weapons_fnc_initialize,functions/lifecycle/fn_initialize.sqf,,1469,ServoPeregrino_Organizador_Nexus_fnc_createResult;ServoPeregrino_Organizador_Nexus_fnc_log;ServoPeregrino_Organizador_Nexus_fnc_registerCapability;ServoPeregrino_Organizador_Weapons_fnc_getBuildInfo;ServoPeregrino_Organizador_Weapons_fnc_getRuntimeStatus;ServoPeregrino_Organizador_Weapons_fnc_validateNexus
Weapons,runtime,getRuntimeStatus,ServoPeregrino_Organizador_Weapons_fnc_getRuntimeStatus,functions/runtime/fn_getRuntimeStatus.sqf,,324,ServoPeregrino_Organizador_Nexus_fnc_createResult;ServoPeregrino_Organizador_Weapons_fnc_deepCopy
Weapons,tests,clientReceiveLabResult,ServoPeregrino_Organizador_Weapons_fnc_clientReceiveLabResult,functions/tests/fn_clientReceiveLabResult.sqf,"[""_text"","""",[""""]]",141,
Weapons,tests,installLabActions,ServoPeregrino_Organizador_Weapons_fnc_installLabActions,functions/tests/fn_installLabActions.sqf,"[""_unit"",objNull,[objNull]]",3087,ServoPeregrino_Organizador_Weapons_fnc_installLabActions;ServoPeregrino_Organizador_Weapons_fnc_runDelivery0_1ATests;ServoPeregrino_Organizador_Weapons_fnc_serverHandleLabRequest
Weapons,tests,runDelivery0_1ATests,ServoPeregrino_Organizador_Weapons_fnc_runDelivery0_1ATests,functions/tests/fn_runDelivery0_1ATests.sqf,,11210,ServoPeregrino_Organizador_Nexus_fnc_createResult;ServoPeregrino_Organizador_Nexus_fnc_getCapability;ServoPeregrino_Organizador_Nexus_fnc_hasCapability;ServoPeregrino_Organizador_Weapons_fnc_captureWeaponConfiguration;ServoPeregrino_Organizador_Weapons_fnc_compareWeaponConfigurations;ServoPeregrino_Organizador_Weapons_fnc_configurationFromWeaponArray;ServoPeregrino_Organizador_Weapons_fnc_createWeaponConfiguration;ServoPeregrino_Organizador_Weapons_fnc_createWeaponInstance;ServoPeregrino_Organizador_Weapons_fnc_deepCopy;ServoPeregrino_Organizador_Weapons_fnc_getConfigurationFingerprint;ServoPeregrino_Organizador_Weapons_fnc_getRuntimeStatus;ServoPeregrino_Organizador_Weapons_fnc_getWeaponInstance;ServoPeregrino_Organizador_Weapons_fnc_initialize;ServoPeregrino_Organizador_Weapons_fnc_isValidIdentityToken;ServoPeregrino_Organizador_Weapons_fnc_updateWeaponInstanceConfiguration;ServoPeregrino_Organizador_Weapons_fnc_validateNexus;ServoPeregrino_Organizador_Weapons_fnc_validateWeaponConfigurationSemantic;ServoPeregrino_Organizador_Weapons_fnc_validateWeaponConfigurationStructural;ServoPeregrino_Organizador_Weapons_fnc_validateWeaponInstance
Weapons,tests,serverHandleLabRequest,ServoPeregrino_Organizador_Weapons_fnc_serverHandleLabRequest,functions/tests/fn_serverHandleLabRequest.sqf,"[""_unit"",objNull,[objNull]],[""_operation"","""",[""""]],[""_slot"",""PRIMARY"",[""""]],[""_target"",objNull,[objNull]],[""_eventItem"","""",[""""]]",4364,ServoPeregrino_Organizador_Nexus_fnc_createResult;ServoPeregrino_Organizador_Weapons_fnc_captureWeaponConfiguration;ServoPeregrino_Organizador_Weapons_fnc_clientReceiveLabResult;ServoPeregrino_Organizador_Weapons_fnc_createWeaponInstance;ServoPeregrino_Organizador_Weapons_fnc_deepCopy;ServoPeregrino_Organizador_Weapons_fnc_getIdentityDiagnostics;ServoPeregrino_Organizador_Weapons_fnc_getWeaponInstance;ServoPeregrino_Organizador_Weapons_fnc_initializeAuthority;ServoPeregrino_Organizador_Weapons_fnc_inspectWeaponCarrier;ServoPeregrino_Organizador_Weapons_fnc_updateWeaponInstanceConfiguration
